test_case,description_length,has_expected_result,has_preconditions,has_test_steps,requirement_linked,requirement_coverage,ambiguity_score,completeness_score,specificity_score,test_result,quality_label
"Feature: The System To Be Compatible With Shipping Address Validation

  Scenario: The System To Be Compatible With Shipping Address Validation case 1
    Given the operator is authenticated with role ""qa_verified"" and 184 matching records exist for shipping address validation
    When the user submits ""Shipping Address Validation"" with reference number ""7610"" and confirms the action
    Then the system returns status code 202 and ""Shipping Address Validation"" is updated successfully

  Scenario: The System To Be Compatible With Shipping Address Validation case 2
    Given the customer is authenticated with role ""qa_verified"" and 129 matching records exist for shipping address validation
    When the user submits ""Shipping Address Validation"" with reference number ""1281"" and confirms the action
    Then the system returns status code 204 and ""Shipping Address Validation"" is updated successfully

  Scenario: The System To Be Compatible With Shipping Address Validation case 3
    Given the API client is authenticated with role ""qa_verified"" and 126 matching records exist for shipping address validation
    When the user submits ""Shipping Address Validation"" with reference number ""3708"" and confirms the action
    Then the system returns status code 200 and ""Shipping Address Validation"" is updated successfully
",1329,1,1,1,1,93.1,0.0,100.0,100.0,0.5,High
"Feature: The System To Properly Validate The Search Indexing Pipeline

  Scenario: The System To Properly Validate The Search Indexing Pipeline case 1
    Given the API client is authenticated with role ""qa_verified"" and 83 matching records exist for the search indexing pipeline
    When the user submits ""The Search Indexing Pipeline"" with reference number ""2269"" and confirms the action
    Then the system returns status code 202 and ""The Search Indexing Pipeline"" is updated successfully

  Scenario: The System To Properly Validate The Search Indexing Pipeline case 2
    Given the customer is authenticated with role ""qa_verified"" and 235 matching records exist for the search indexing pipeline
    When the user submits ""The Search Indexing Pipeline"" with reference number ""4371"" and confirms the action
    Then the system returns status code 200 and ""The Search Indexing Pipeline"" is updated successfully
",915,1,1,1,1,75.0,23.6,91.7,100.0,0.0,High
"Feature: The System To Securely Process Multi-Factor Authentication

  Scenario: The System To Securely Process Multi-Factor Authentication case 1
    Given the API client is in effectively generally starting state for multi-factor authentication
    Then the system responds in a acceptable suitable way
",305,1,1,0,1,44.4,95.2,58.3,0.0,0.0,Low
"Feature: The System To Gracefully Recover Failures In Two-Factor SMS Verification

  Scenario: The System To Gracefully Recover Failures In Two-Factor SMS Verification case 1
    Given the user is authenticated with role ""qa_verified"" and 96 matching records exist for two-factor sms verification
    When the user submits ""Two-Factor SMS Verification"" with reference number ""2388"" and confirms the action
    Then the system returns status code 201 and ""Two-Factor SMS Verification"" is updated successfully

  Scenario: The System To Gracefully Recover Failures In Two-Factor SMS Verification case 2
    Given the customer is authenticated with role ""qa_verified"" and 158 matching records exist for two-factor sms verification
    When the user submits ""Two-Factor SMS Verification"" with reference number ""6071"" and confirms the action
    Then the system returns status code 201 and ""Two-Factor SMS Verification"" is updated successfully
",939,1,1,1,1,92.9,0.0,91.7,100.0,0.0,High
"Feature: The System To Securely Process The Payment Gateway

  Scenario: The System To Securely Process The Payment Gateway case 1
    Given the user is authenticated with role ""qa_verified"" and 83 matching records exist for the payment gateway
    When the user submits ""The Payment Gateway"" with reference number ""6605"" and confirms the action
    Then the system returns status code 200 and ""The Payment Gateway"" is updated successfully

  Scenario: The System To Securely Process The Payment Gateway case 2
    Given the customer is authenticated with role ""qa_verified"" and 27 matching records exist for the payment gateway
    When the user submits ""The Payment Gateway"" with reference number ""1752"" and confirms the action
    Then the system returns status code 202 and ""The Payment Gateway"" is updated successfully
",824,1,1,1,1,73.7,0.0,91.7,100.0,0.0,High
"Feature: The System To Correctly Support The Payment Gateway

  Scenario: The System To Correctly Support The Payment Gateway case 1
",133,0,0,0,0,0.0,100.0,8.3,0.0,1.0,Low
"Feature: The System To Securely Process Bulk CSV Data Import

  Scenario: The System To Securely Process Bulk CSV Data Import case 1
    Given the operator is authenticated with role ""qa_verified"" and 116 matching records exist for bulk csv data import
    When the user submits ""Bulk CSV Data Import"" with reference number ""8081"" and confirms the action
    Then the system returns status code 204 and ""Bulk CSV Data Import"" is updated successfully

  Scenario: The System To Securely Process Bulk CSV Data Import case 2
    Given the administrator is authenticated with role ""qa_verified"" and 52 matching records exist for bulk csv data import
    When the user submits ""Bulk CSV Data Import"" with reference number ""9528"" and confirms the action
    Then the system returns status code 202 and ""Bulk CSV Data Import"" is updated successfully
",843,1,1,1,1,93.1,0.0,91.7,100.0,1.0,High
"Feature: The System To Correctly Support Multi-Factor Authentication

  Scenario: The System To Correctly Support Multi-Factor Authentication case 1
    Given the user is authenticated with role ""qa_verified"" and 50 matching records exist for multi-factor authentication
    When the user submits ""Multi-Factor Authentication"" with reference number ""2805"" and confirms the action

  Scenario: The System To Correctly Support Multi-Factor Authentication case 2
    Given the administrator is authenticated with role ""qa_verified"" and 249 matching records exist for multi-factor authentication
    When the user submits ""Multi-Factor Authentication"" with reference number ""7773"" and confirms the action
",701,0,1,1,0,0.0,33.0,66.7,100.0,0.0,Low
"Feature: The System To Properly Validate Database Backup And Restore

  Scenario: The System To Properly Validate Database Backup And Restore case 1
    Given the operator is authenticated with role ""qa_verified"" and 32 matching records exist for database backup and restore
    When the user submits ""Database Backup And Restore"" with reference number ""2965"" and confirms the action
",384,0,1,1,0,0.0,37.0,58.3,100.0,0.0,Low
"Feature: The System To Reliably Handle Third-Party Payment Providers

  Scenario: The System To Reliably Handle Third-Party Payment Providers case 1
    Given the API client is authenticated with role ""qa_verified"" and 32 matching records exist for third-party payment providers
    When the user submits ""Third-Party Payment Providers"" with reference number ""5672"" and confirms the action
    Then the system returns status code 204 and ""Third-Party Payment Providers"" is updated successfully

  Scenario: The System To Reliably Handle Third-Party Payment Providers case 2
    Given the user is authenticated with role ""qa_verified"" and 100 matching records exist for third-party payment providers
    When the user submits ""Third-Party Payment Providers"" with reference number ""9730"" and confirms the action
    Then the system returns status code 201 and ""Third-Party Payment Providers"" is updated successfully
",914,1,1,1,1,93.3,0.0,91.7,100.0,0.0,High
"Feature: The System To Securely Process Shipping Address Validation

  Scenario: The System To Securely Process Shipping Address Validation case 1
    Given the operator is authenticated with role ""qa_verified"" and 217 matching records exist for shipping address validation
    When the user submits ""Shipping Address Validation"" with reference number ""2741"" and confirms the action
    Then the system returns status code 201 and ""Shipping Address Validation"" is updated successfully

  Scenario: The System To Securely Process Shipping Address Validation case 2
    Given the API client is authenticated with role ""qa_verified"" and 63 matching records exist for shipping address validation
    When the user submits ""Shipping Address Validation"" with reference number ""2687"" and confirms the action
    Then the system returns status code 200 and ""Shipping Address Validation"" is updated successfully
",903,1,1,1,1,73.7,0.0,91.7,100.0,0.5,High
"Feature: The System To Accurately Track User Profile Photo Uploads

  Scenario: The System To Accurately Track User Profile Photo Uploads case 1
    Given the customer is authenticated with role ""qa_verified"" and 143 matching records exist for user profile photo uploads
    When the user submits ""User Profile Photo Uploads"" with reference number ""9487"" and confirms the action
    Then the system returns status code 201 and ""User Profile Photo Uploads"" is updated successfully
",480,1,1,1,1,50.0,0.0,83.3,100.0,0.0,High
"Feature: The System To Accurately Track The Product Catalog Search

  Scenario: The System To Accurately Track The Product Catalog Search case 1
    Given the user is authenticated with role ""qa_verified"" and 105 matching records exist for the product catalog search
    When the user submits ""The Product Catalog Search"" with reference number ""6041"" and confirms the action
    Then the system returns status code 200 and ""The Product Catalog Search"" is updated successfully

  Scenario: The System To Accurately Track The Product Catalog Search case 2
    Given the administrator is authenticated with role ""qa_verified"" and 93 matching records exist for the product catalog search
    When the user submits ""The Product Catalog Search"" with reference number ""5050"" and confirms the action
    Then the system returns status code 201 and ""The Product Catalog Search"" is updated successfully
",893,1,1,1,1,92.9,0.0,91.7,100.0,0.0,High
"Feature: The System To Securely Process The Payment Gateway

  Scenario: The System To Securely Process The Payment Gateway case 1
    Given the operator is in sufficient correctly starting state for the payment gateway
    Then the system responds in a occasionally many way

  Scenario: The System To Securely Process The Payment Gateway case 2
    Given the operator is in some usually starting state for the payment gateway
    Then the system responds in a appropriate effectively way
",490,1,1,0,1,68.8,100.0,66.7,0.0,0.0,Low
"Feature: The System To Properly Validate The Shopping Cart Checkout Flow

  Scenario: The System To Properly Validate The Shopping Cart Checkout Flow case 1
    Then the system responds in a sufficient quickly way
",214,1,0,0,0,0.0,100.0,33.3,0.0,1.0,Low
"Feature: The System To Consistently Enforce Database Backup And Restore

  Scenario: The System To Consistently Enforce Database Backup And Restore case 1
    Given the API client is in usually usual starting state for database backup and restore
    When properly some action is performed on database backup and restore
    Then the system responds in a certain few way

  Scenario: The System To Consistently Enforce Database Backup And Restore case 2
    Given the operator is in acceptable several starting state for database backup and restore
    When many usual action is performed on database backup and restore
    Then the system responds in a effectively typical way
",678,1,1,1,1,92.6,100.0,91.7,0.0,0.5,Medium
"Feature: The System To Be Compatible With The Audit Logging Subsystem

  Scenario: The System To Be Compatible With The Audit Logging Subsystem case 1
    Given the administrator is in many certain starting state for the audit logging subsystem
    Then the system responds in a suitable some way
",297,1,1,0,0,0.0,87.0,58.3,0.0,0.0,Low
"Feature: The System To Consistently Enforce Both AWS And Azure Platforms

  Scenario: The System To Consistently Enforce Both AWS And Azure Platforms case 1
    Given the operator is authenticated with role ""qa_verified"" and 61 matching records exist for both aws and azure platforms
",284,0,1,0,0,0.0,0.0,33.3,100.0,1.0,Low
"Feature: The System To Gracefully Recover Failures In The Product Catalog Search

  Scenario: The System To Gracefully Recover Failures In The Product Catalog Search case 1
    Given the user is in easily many starting state for the product catalog search
    When certain several action is performed on the product catalog search
    Then the system responds in a normal some way

  Scenario: The System To Gracefully Recover Failures In The Product Catalog Search case 2
    Given the customer is in typical appropriate starting state for the product catalog search
    When certain suitable action is performed on the product catalog search
    Then the system responds in a easily adequate way
",698,1,1,1,1,92.6,100.0,91.7,0.0,0.5,Medium
"Feature: The System To Reliably Handle Role-Based Access Control

  Scenario: The System To Reliably Handle Role-Based Access Control case 1
    Given the user is in many normal starting state for role-based access control
    When usual generally action is performed on role-based access control
",297,0,1,1,1,64.3,87.0,58.3,0.0,1.0,Low
"Feature: The System To Reliably Handle The Payment Gateway

  Scenario: The System To Reliably Handle The Payment Gateway case 1
",129,0,0,0,0,0.0,0.0,8.3,0.0,0.5,Low
"Feature: The System To Securely Process The Search Indexing Pipeline

  Scenario: The System To Securely Process The Search Indexing Pipeline case 1
    Given the operator is authenticated with role ""qa_verified"" and 184 matching records exist for the search indexing pipeline
    When the user submits ""The Search Indexing Pipeline"" with reference number ""5583"" and confirms the action
    Then the system returns status code 204 and ""The Search Indexing Pipeline"" is updated successfully

  Scenario: The System To Securely Process The Search Indexing Pipeline case 2
    Given the user is authenticated with role ""qa_verified"" and 230 matching records exist for the search indexing pipeline
    When the user submits ""The Search Indexing Pipeline"" with reference number ""8501"" and confirms the action
    Then the system returns status code 202 and ""The Search Indexing Pipeline"" is updated successfully

  Scenario: The System To Securely Process The Search Indexing Pipeline case 3
    Given the customer is authenticated with role ""qa_verified"" and 131 matching records exist for the search indexing pipeline
    When the user submits ""The Search Indexing Pipeline"" with reference number ""2688"" and confirms the action
    Then the system returns status code 204 and ""The Search Indexing Pipeline"" is updated successfully
",1328,1,1,1,1,93.1,0.0,100.0,100.0,1.0,High
"Feature: The System To Gracefully Recover Failures In Bulk CSV Data Import

  Scenario: The System To Gracefully Recover Failures In Bulk CSV Data Import case 1
    Given the customer is authenticated with role ""qa_verified"" and 43 matching records exist for bulk csv data import
    When the user submits ""Bulk CSV Data Import"" with reference number ""4177"" and confirms the action
    Then the system returns status code 204 and ""Bulk CSV Data Import"" is updated successfully

  Scenario: The System To Gracefully Recover Failures In Bulk CSV Data Import case 2
    Given the operator is authenticated with role ""qa_verified"" and 247 matching records exist for bulk csv data import
    When the user submits ""Bulk CSV Data Import"" with reference number ""9579"" and confirms the action
    Then the system returns status code 202 and ""Bulk CSV Data Import"" is updated successfully
",880,1,1,1,0,0.0,0.0,91.7,100.0,0.5,Medium
"Feature: The System To Securely Process Database Backup And Restore

  Scenario: The System To Securely Process Database Backup And Restore case 1
    When many adequate action is performed on database backup and restore
",221,0,0,1,1,33.3,62.5,33.3,0.0,0.0,Low
"Feature: The System To Securely Process Windows Server

  Scenario: The System To Securely Process Windows Server case 1
    Given the API client is authenticated with role ""qa_verified"" and 168 matching records exist for windows server
    When the user submits ""Windows Server"" with reference number ""7943"" and confirms the action
    Then the system returns status code 204 and ""Windows Server"" is updated successfully

  Scenario: The System To Securely Process Windows Server case 2
    Given the customer is authenticated with role ""qa_verified"" and 16 matching records exist for windows server
    When the user submits ""Windows Server"" with reference number ""7249"" and confirms the action
    Then the system returns status code 201 and ""Windows Server"" is updated successfully
",786,1,1,1,1,92.9,0.0,91.7,100.0,1.0,High
"Feature: The System To Reliably Handle Database Backup And Restore

  Scenario: The System To Reliably Handle Database Backup And Restore case 1
    Given the customer is authenticated with role ""qa_verified"" and 245 matching records exist for database backup and restore
    When the user submits ""Database Backup And Restore"" with reference number ""8027"" and confirms the action
    Then the system returns status code 202 and ""Database Backup And Restore"" is updated successfully

  Scenario: The System To Reliably Handle Database Backup And Restore case 2
    Given the operator is authenticated with role ""qa_verified"" and 120 matching records exist for database backup and restore
    When the user submits ""Database Backup And Restore"" with reference number ""9846"" and confirms the action
    Then the system returns status code 204 and ""Database Backup And Restore"" is updated successfully
",899,1,1,1,0,0.0,0.0,91.7,100.0,0.0,Medium
"Feature: The System To Correctly Support Single Sign-On Federation

  Scenario: The System To Correctly Support Single Sign-On Federation case 1
    When sufficient many action is performed on single sign-on federation
",219,0,0,1,0,0.0,100.0,33.3,0.0,0.5,Low
"Feature: The System To Reliably Handle The Payment Gateway

  Scenario: The System To Reliably Handle The Payment Gateway case 1
    Given the user is authenticated with role ""qa_verified"" and 32 matching records exist for the payment gateway
    When the user submits ""The Payment Gateway"" with reference number ""2978"" and confirms the action
    Then the system returns status code 200 and ""The Payment Gateway"" is updated successfully

  Scenario: The System To Reliably Handle The Payment Gateway case 2
    Given the API client is authenticated with role ""qa_verified"" and 194 matching records exist for the payment gateway
    When the user submits ""The Payment Gateway"" with reference number ""9631"" and confirms the action
    Then the system returns status code 201 and ""The Payment Gateway"" is updated successfully

  Scenario: The System To Reliably Handle The Payment Gateway case 3
    Given the operator is authenticated with role ""qa_verified"" and 246 matching records exist for the payment gateway
    When the user submits ""The Payment Gateway"" with reference number ""8597"" and confirms the action
    Then the system returns status code 201 and ""The Payment Gateway"" is updated successfully
",1208,1,1,1,0,0.0,0.0,100.0,100.0,1.0,High
"Feature: The System To Be Compatible With The Product Catalog Search

  Scenario: The System To Be Compatible With The Product Catalog Search case 1
    Given the operator is authenticated with role ""qa_verified"" and 61 matching records exist for the product catalog search
",274,0,1,0,1,61.5,0.0,33.3,100.0,0.5,Low
"Feature: The System To Securely Process Data Encryption At Rest

  Scenario: The System To Securely Process Data Encryption At Rest case 1
    When acceptable several action is performed on data encryption at rest
",214,0,0,1,0,0.0,62.5,33.3,0.0,1.0,Low
"Feature: The System To Properly Validate User Profile Photo Uploads

  Scenario: The System To Properly Validate User Profile Photo Uploads case 1
    Given the administrator is authenticated with role ""qa_verified"" and 30 matching records exist for user profile photo uploads
    When the user submits ""User Profile Photo Uploads"" with reference number ""2748"" and confirms the action
    Then the system returns status code 202 and ""User Profile Photo Uploads"" is updated successfully

  Scenario: The System To Properly Validate User Profile Photo Uploads case 2
    Given the operator is authenticated with role ""qa_verified"" and 216 matching records exist for user profile photo uploads
    When the user submits ""User Profile Photo Uploads"" with reference number ""1876"" and confirms the action
    Then the system returns status code 202 and ""User Profile Photo Uploads"" is updated successfully
",900,1,1,1,1,93.1,23.8,91.7,100.0,1.0,High
"Feature: The System To Securely Process Data Encryption At Rest

  Scenario: The System To Securely Process Data Encryption At Rest case 1
    When usual etc action is performed on data encryption at rest
    Then the system responds in a occasionally easily way
",263,1,0,1,0,0.0,97.6,58.3,0.0,0.0,Low
"Feature: The System To Consistently Enforce Order Fulfillment Tracking

  Scenario: The System To Consistently Enforce Order Fulfillment Tracking case 1
    When etc efficiently action is performed on order fulfillment tracking
    Then the system responds in a certain few way
",278,1,0,1,0,0.0,100.0,58.3,0.0,0.0,Low
"Feature: The System To Correctly Support The Product Catalog Search

  Scenario: The System To Correctly Support The Product Catalog Search case 1
    Given the customer is authenticated with role ""qa_verified"" and 65 matching records exist for the product catalog search
    When the user submits ""The Product Catalog Search"" with reference number ""8145"" and confirms the action

  Scenario: The System To Correctly Support The Product Catalog Search case 2
    Given the customer is authenticated with role ""qa_verified"" and 225 matching records exist for the product catalog search
    When the user submits ""The Product Catalog Search"" with reference number ""2670"" and confirms the action

  Scenario: The System To Correctly Support The Product Catalog Search case 3
    Given the customer is authenticated with role ""qa_verified"" and 118 matching records exist for the product catalog search
    When the user submits ""The Product Catalog Search"" with reference number ""1852"" and confirms the action
",1006,0,1,1,1,95.5,28.2,75.0,100.0,1.0,Medium
"Feature: The System To Gracefully Recover Failures In Offline Mode Data Sync

  Scenario: The System To Gracefully Recover Failures In Offline Mode Data Sync case 1
    Given the API client is authenticated with role ""qa_verified"" and 215 matching records exist for offline mode data sync
    When the user submits ""Offline Mode Data Sync"" with reference number ""1626"" and confirms the action
    Then the system returns status code 200 and ""Offline Mode Data Sync"" is updated successfully
",490,1,1,1,1,75.0,0.0,83.3,100.0,0.5,High
"Feature: The System Configured For Multi-Factor Authentication

  Scenario: The System Configured For Multi-Factor Authentication case 1
    Given the user is in effectively many starting state for multi-factor authentication
    When occasionally easily action is performed on multi-factor authentication
",306,0,1,1,0,0.0,100.0,58.3,0.0,1.0,Low
"Feature: The System To Correctly Support User Profile Photo Uploads

  Scenario: The System To Correctly Support User Profile Photo Uploads case 1
    Given the administrator is authenticated with role ""qa_verified"" and 63 matching records exist for user profile photo uploads
    When the user submits ""User Profile Photo Uploads"" with reference number ""9187"" and confirms the action
    Then the system returns status code 202 and ""User Profile Photo Uploads"" is updated successfully

  Scenario: The System To Correctly Support User Profile Photo Uploads case 2
    Given the API client is authenticated with role ""qa_verified"" and 242 matching records exist for user profile photo uploads
    When the user submits ""User Profile Photo Uploads"" with reference number ""6034"" and confirms the action
    Then the system returns status code 204 and ""User Profile Photo Uploads"" is updated successfully
",902,1,1,1,1,96.4,23.6,91.7,100.0,0.0,High
"Feature: The System To Correctly Support Database Backup And Restore

  Scenario: The System To Correctly Support Database Backup And Restore case 1
    Given the operator is authenticated with role ""qa_verified"" and 67 matching records exist for database backup and restore
    When the user submits ""Database Backup And Restore"" with reference number ""41"" and confirms the action
    Then the system returns status code 204 and ""Database Backup And Restore"" is updated successfully
",484,1,1,1,0,0.0,29.4,83.3,100.0,0.0,Medium
"Feature: The System To Be Compatible With Session Timeout Handling

  Scenario: The System To Be Compatible With Session Timeout Handling case 1
",145,0,0,0,0,0.0,0.0,8.3,0.0,1.0,Low
"Feature: The System Configured For Data Encryption At Rest

  Scenario: The System Configured For Data Encryption At Rest case 1
    Given the user is authenticated with role ""qa_verified"" and 149 matching records exist for data encryption at rest
    When the user submits ""Data Encryption At Rest"" with reference number ""1563"" and confirms the action
    Then the system returns status code 200 and ""Data Encryption At Rest"" is updated successfully

  Scenario: The System Configured For Data Encryption At Rest case 2
    Given the operator is authenticated with role ""qa_verified"" and 218 matching records exist for data encryption at rest
    When the user submits ""Data Encryption At Rest"" with reference number ""8389"" and confirms the action
    Then the system returns status code 201 and ""Data Encryption At Rest"" is updated successfully

  Scenario: The System Configured For Data Encryption At Rest case 3
    Given the customer is authenticated with role ""qa_verified"" and 153 matching records exist for data encryption at rest
    When the user submits ""Data Encryption At Rest"" with reference number ""1853"" and confirms the action
    Then the system returns status code 202 and ""Data Encryption At Rest"" is updated successfully
",1243,1,1,1,1,92.9,0.0,100.0,100.0,1.0,High
"Feature: The System To Consistently Enforce The Audit Logging Subsystem

  Scenario: The System To Consistently Enforce The Audit Logging Subsystem case 1
    When suitable some action is performed on the audit logging subsystem
    Then the system responds in a quickly suitable way
",284,1,0,1,1,64.3,97.6,58.3,0.0,1.0,Low
"Feature: The System To Properly Validate Order Fulfillment Tracking

  Scenario: The System To Properly Validate Order Fulfillment Tracking case 1
",147,0,0,0,0,0.0,100.0,8.3,0.0,1.0,Low
"Feature: The System To Securely Process The Search Indexing Pipeline

  Scenario: The System To Securely Process The Search Indexing Pipeline case 1
    Given the operator is authenticated with role ""qa_verified"" and 127 matching records exist for the search indexing pipeline
    When the user submits ""The Search Indexing Pipeline"" with reference number ""4676"" and confirms the action
    Then the system returns status code 200 and ""The Search Indexing Pipeline"" is updated successfully

  Scenario: The System To Securely Process The Search Indexing Pipeline case 2
    Given the user is authenticated with role ""qa_verified"" and 85 matching records exist for the search indexing pipeline
    When the user submits ""The Search Indexing Pipeline"" with reference number ""3772"" and confirms the action
    Then the system returns status code 201 and ""The Search Indexing Pipeline"" is updated successfully

  Scenario: The System To Securely Process The Search Indexing Pipeline case 3
    Given the administrator is authenticated with role ""qa_verified"" and 192 matching records exist for the search indexing pipeline
    When the user submits ""The Search Indexing Pipeline"" with reference number ""1311"" and confirms the action
    Then the system returns status code 201 and ""The Search Indexing Pipeline"" is updated successfully
",1332,1,1,1,1,93.3,0.0,100.0,100.0,0.0,High
"Feature: The System To Gracefully Recover Failures In Shipping Address Validation

  Scenario: The System To Gracefully Recover Failures In Shipping Address Validation case 1
    Then the system responds in a generally certain way

  Scenario: The System To Gracefully Recover Failures In Shipping Address Validation case 2
    Then the system responds in a efficiently easily way
",381,1,0,0,1,61.5,75.5,41.7,0.0,0.0,Low
"Feature: The System To Gracefully Recover Failures In Role-Based Access Control

  Scenario: The System To Gracefully Recover Failures In Role-Based Access Control case 1
",171,0,0,0,0,0.0,0.0,8.3,0.0,0.5,Low
"Feature: The System To Properly Validate The Payment Gateway

  Scenario: The System To Properly Validate The Payment Gateway case 1
    Given the user is authenticated with role ""qa_verified"" and 163 matching records exist for the payment gateway
    When the user submits ""The Payment Gateway"" with reference number ""4135"" and confirms the action
    Then the system returns status code 200 and ""The Payment Gateway"" is updated successfully

  Scenario: The System To Properly Validate The Payment Gateway case 2
    Given the API client is authenticated with role ""qa_verified"" and 47 matching records exist for the payment gateway
    When the user submits ""The Payment Gateway"" with reference number ""2453"" and confirms the action
    Then the system returns status code 204 and ""The Payment Gateway"" is updated successfully

  Scenario: The System To Properly Validate The Payment Gateway case 3
    Given the customer is authenticated with role ""qa_verified"" and 35 matching records exist for the payment gateway
    When the user submits ""The Payment Gateway"" with reference number ""8512"" and confirms the action
    Then the system returns status code 202 and ""The Payment Gateway"" is updated successfully
",1215,1,1,1,1,92.9,23.3,100.0,100.0,1.0,High
"Feature: The System To Reliably Handle Cross-Browser Rendering

  Scenario: The System To Reliably Handle Cross-Browser Rendering case 1
    Given the operator is authenticated with role ""qa_verified"" and 152 matching records exist for cross-browser rendering
    Then the system returns status code 200 and ""Cross-Browser Rendering"" is updated successfully
",358,1,1,0,1,70.6,0.0,58.3,100.0,1.0,Medium
"Feature: The System To Consistently Enforce Role-Based Access Control

  Scenario: The System To Consistently Enforce Role-Based Access Control case 1
    When the user submits ""Role-Based Access Control"" with reference number ""6389"" and confirms the action
    Then the system returns status code 201 and ""Role-Based Access Control"" is updated successfully
",358,1,0,1,1,44.4,0.0,58.3,100.0,1.0,Medium
"Feature: The System To Consistently Enforce Data Encryption At Rest

  Scenario: The System To Consistently Enforce Data Encryption At Rest case 1
    Given the customer is authenticated with role ""qa_verified"" and 44 matching records exist for data encryption at rest
    Then the system returns status code 201 and ""Data Encryption At Rest"" is updated successfully

  Scenario: The System To Consistently Enforce Data Encryption At Rest case 2
    Given the administrator is authenticated with role ""qa_verified"" and 236 matching records exist for data encryption at rest
    Then the system returns status code 202 and ""Data Encryption At Rest"" is updated successfully

  Scenario: The System To Consistently Enforce Data Encryption At Rest case 3
    Given the administrator is authenticated with role ""qa_verified"" and 184 matching records exist for data encryption at rest
    Then the system returns status code 202 and ""Data Encryption At Rest"" is updated successfully
",977,1,1,0,1,91.3,0.0,75.0,100.0,1.0,High
"Feature: The System To Consistently Enforce The Audit Logging Subsystem

  Scenario: The System To Consistently Enforce The Audit Logging Subsystem case 1
    Given the customer is authenticated with role ""qa_verified"" and 228 matching records exist for the audit logging subsystem
    When the user submits ""The Audit Logging Subsystem"" with reference number ""9102"" and confirms the action
    Then the system returns status code 202 and ""The Audit Logging Subsystem"" is updated successfully
",493,1,1,1,1,73.7,0.0,83.3,100.0,0.0,High
"Feature: The System To Accurately Track The Search Indexing Pipeline

  Scenario: The System To Accurately Track The Search Indexing Pipeline case 1
",149,0,0,0,0,0.0,0.0,8.3,0.0,0.0,Low
"Feature: The System To Consistently Enforce Shipping Address Validation

  Scenario: The System To Consistently Enforce Shipping Address Validation case 1
    Given the customer is authenticated with role ""qa_verified"" and 159 matching records exist for shipping address validation
    When the user submits ""Shipping Address Validation"" with reference number ""2893"" and confirms the action
    Then the system returns status code 201 and ""Shipping Address Validation"" is updated successfully

  Scenario: The System To Consistently Enforce Shipping Address Validation case 2
    Given the administrator is authenticated with role ""qa_verified"" and 116 matching records exist for shipping address validation
    When the user submits ""Shipping Address Validation"" with reference number ""5859"" and confirms the action
    Then the system returns status code 201 and ""Shipping Address Validation"" is updated successfully

  Scenario: The System To Consistently Enforce Shipping Address Validation case 3
    Given the API client is authenticated with role ""qa_verified"" and 73 matching records exist for shipping address validation
    When the user submits ""Shipping Address Validation"" with reference number ""2189"" and confirms the action
    Then the system returns status code 202 and ""Shipping Address Validation"" is updated successfully
",1341,1,1,1,1,93.1,0.0,100.0,100.0,1.0,High
"Feature: The System To Reliably Handle The Notification Preferences Center

  Scenario: The System To Reliably Handle The Notification Preferences Center case 1
    Given the API client is in occasionally most starting state for the notification preferences center
    Then the system responds in a most efficiently way
",320,1,1,0,1,64.3,88.9,58.3,0.0,0.0,Low
"Feature: The System To Gracefully Recover Failures In Checkout Tax Calculation

  Scenario: The System To Gracefully Recover Failures In Checkout Tax Calculation case 1
",169,0,0,0,0,0.0,0.0,8.3,0.0,0.0,Low
"Feature: The System Configured For The Notification Preferences Center

  Scenario: The System Configured For The Notification Preferences Center case 1
    Given the API client is authenticated with role ""qa_verified"" and 71 matching records exist for the notification preferences center
    When the user submits ""The Notification Preferences Center"" with reference number ""676"" and confirms the action
    Then the system returns status code 202 and ""The Notification Preferences Center"" is updated successfully

  Scenario: The System Configured For The Notification Preferences Center case 2
    Given the user is authenticated with role ""qa_verified"" and 58 matching records exist for the notification preferences center
    When the user submits ""The Notification Preferences Center"" with reference number ""6"" and confirms the action
    Then the system returns status code 200 and ""The Notification Preferences Center"" is updated successfully
",951,1,1,1,1,92.6,0.0,91.7,100.0,1.0,High
"Feature: The System To Gracefully Recover Failures In Shipping Address Validation

  Scenario: The System To Gracefully Recover Failures In Shipping Address Validation case 1
    Given the customer is authenticated with role ""qa_verified"" and 247 matching records exist for shipping address validation
    Then the system returns status code 204 and ""Shipping Address Validation"" is updated successfully
",404,1,1,0,1,68.8,0.0,58.3,100.0,0.0,Medium
"Feature: The System To Properly Validate Load Balancer Failover

  Scenario: The System To Properly Validate Load Balancer Failover case 1
",139,0,0,0,0,0.0,100.0,8.3,0.0,1.0,Low
"Feature: The System To Gracefully Recover Failures In Push Notification Delivery

  Scenario: The System To Gracefully Recover Failures In Push Notification Delivery case 1
    Given the user is authenticated with role ""qa_verified"" and 91 matching records exist for push notification delivery
    When the user submits ""Push Notification Delivery"" with reference number ""11"" and confirms the action
    Then the system returns status code 200 and ""Push Notification Delivery"" is updated successfully

  Scenario: The System To Gracefully Recover Failures In Push Notification Delivery case 2
    Given the administrator is authenticated with role ""qa_verified"" and 150 matching records exist for push notification delivery
    When the user submits ""Push Notification Delivery"" with reference number ""8944"" and confirms the action
    Then the system returns status code 204 and ""Push Notification Delivery"" is updated successfully

  Scenario: The System To Gracefully Recover Failures In Push Notification Delivery case 3
    Given the customer is authenticated with role ""qa_verified"" and 194 matching records exist for push notification delivery
    When the user submits ""Push Notification Delivery"" with reference number ""1720"" and confirms the action
    Then the system returns status code 204 and ""Push Notification Delivery"" is updated successfully
",1360,1,1,1,1,93.1,0.0,100.0,100.0,1.0,High
"Feature: The System To Consistently Enforce Mobile Responsive Layouts

  Scenario: The System To Consistently Enforce Mobile Responsive Layouts case 1
    Then the system returns status code 200 and ""Mobile Responsive Layouts"" is updated successfully

  Scenario: The System To Consistently Enforce Mobile Responsive Layouts case 2
    Then the system returns status code 200 and ""Mobile Responsive Layouts"" is updated successfully
",432,1,0,0,1,58.3,0.0,41.7,100.0,0.5,Medium
"Feature: The System Configured For The Search Indexing Pipeline

  Scenario: The System Configured For The Search Indexing Pipeline case 1
",139,0,0,0,0,0.0,0.0,8.3,0.0,1.0,Low
"Feature: The System To Reliably Handle Inventory Stock Synchronization

  Scenario: The System To Reliably Handle Inventory Stock Synchronization case 1
    Given the API client is authenticated with role ""qa_verified"" and 90 matching records exist for inventory stock synchronization
    When the user submits ""Inventory Stock Synchronization"" with reference number ""6666"" and confirms the action
    Then the system returns status code 201 and ""Inventory Stock Synchronization"" is updated successfully

  Scenario: The System To Reliably Handle Inventory Stock Synchronization case 2
    Given the API client is authenticated with role ""qa_verified"" and 109 matching records exist for inventory stock synchronization
    When the user submits ""Inventory Stock Synchronization"" with reference number ""8006"" and confirms the action
    Then the system returns status code 202 and ""Inventory Stock Synchronization"" is updated successfully
",938,1,1,1,1,92.9,0.0,91.7,100.0,0.0,High
"Feature: The System To Securely Process Customer Refund Workflows

  Scenario: The System To Securely Process Customer Refund Workflows case 1
    When usually adequate action is performed on customer refund workflows
    Then the system responds in a typical usual way
",270,1,0,1,0,0.0,100.0,58.3,0.0,0.0,Low
"Feature: The System To Consistently Enforce Windows Server

  Scenario: The System To Consistently Enforce Windows Server case 1
    Then the system returns status code 201 and ""Windows Server"" is updated successfully
",218,1,0,0,0,0.0,0.0,33.3,100.0,0.0,Low
"Feature: The System To Gracefully Recover Failures In The Shopping Cart Checkout Flow

  Scenario: The System To Gracefully Recover Failures In The Shopping Cart Checkout Flow case 1
    Given the operator is authenticated with role ""qa_verified"" and 94 matching records exist for the shopping cart checkout flow
    When the user submits ""The Shopping Cart Checkout Flow"" with reference number ""8508"" and confirms the action
    Then the system returns status code 202 and ""The Shopping Cart Checkout Flow"" is updated successfully

  Scenario: The System To Gracefully Recover Failures In The Shopping Cart Checkout Flow case 2
    Given the user is authenticated with role ""qa_verified"" and 69 matching records exist for the shopping cart checkout flow
    When the user submits ""The Shopping Cart Checkout Flow"" with reference number ""6720"" and confirms the action
    Then the system returns status code 200 and ""The Shopping Cart Checkout Flow"" is updated successfully
",974,1,1,1,1,93.3,0.0,91.7,100.0,1.0,High
"Feature: The System To Correctly Support Order Fulfillment Tracking

  Scenario: The System To Correctly Support Order Fulfillment Tracking case 1
    Given the API client is authenticated with role ""qa_verified"" and 42 matching records exist for order fulfillment tracking
    When the user submits ""Order Fulfillment Tracking"" with reference number ""6266"" and confirms the action
    Then the system returns status code 202 and ""Order Fulfillment Tracking"" is updated successfully

  Scenario: The System To Correctly Support Order Fulfillment Tracking case 2
    Given the user is authenticated with role ""qa_verified"" and 95 matching records exist for order fulfillment tracking
    When the user submits ""Order Fulfillment Tracking"" with reference number ""7904"" and confirms the action
    Then the system returns status code 202 and ""Order Fulfillment Tracking"" is updated successfully
",892,1,1,1,1,77.8,25.4,91.7,100.0,0.5,High
"Feature: The System To Reliably Handle Load Balancer Failover

  Scenario: The System To Reliably Handle Load Balancer Failover case 1
",135,0,0,0,1,33.3,0.0,8.3,0.0,0.5,Low
"Feature: The System To Consistently Enforce Database Backup And Restore

  Scenario: The System To Consistently Enforce Database Backup And Restore case 1
    Given the API client is authenticated with role ""qa_verified"" and 247 matching records exist for database backup and restore
    When the user submits ""Database Backup And Restore"" with reference number ""632"" and confirms the action
    Then the system returns status code 200 and ""Database Backup And Restore"" is updated successfully

  Scenario: The System To Consistently Enforce Database Backup And Restore case 2
    Given the operator is authenticated with role ""qa_verified"" and 73 matching records exist for database backup and restore
    When the user submits ""Database Backup And Restore"" with reference number ""3106"" and confirms the action
    Then the system returns status code 204 and ""Database Backup And Restore"" is updated successfully

  Scenario: The System To Consistently Enforce Database Backup And Restore case 3
    Given the user is authenticated with role ""qa_verified"" and 129 matching records exist for database backup and restore
    When the user submits ""Database Backup And Restore"" with reference number ""2860"" and confirms the action
    Then the system returns status code 200 and ""Database Backup And Restore"" is updated successfully
",1331,1,1,1,1,93.1,0.0,100.0,100.0,1.0,High
"Feature: The System To Be Compatible With User Profile Photo Uploads

  Scenario: The System To Be Compatible With User Profile Photo Uploads case 1
    Given the operator is in adequate usually starting state for user profile photo uploads
    When adequate occasionally action is performed on user profile photo uploads
",322,0,1,1,1,64.3,83.3,58.3,0.0,1.0,Low
"Feature: The System To Be Compatible With Third-Party Payment Providers

  Scenario: The System To Be Compatible With Third-Party Payment Providers case 1
",155,0,0,0,1,33.3,0.0,8.3,0.0,0.0,Low
"Feature: The System To Consistently Enforce Cross-Browser Rendering

  Scenario: The System To Consistently Enforce Cross-Browser Rendering case 1
    Given the API client is in acceptable normal starting state for cross-browser rendering
    When generally efficiently action is performed on cross-browser rendering
    Then the system responds in a appropriate most way

  Scenario: The System To Consistently Enforce Cross-Browser Rendering case 2
    Given the API client is in usual generally starting state for cross-browser rendering
    When adequate some action is performed on cross-browser rendering
    Then the system responds in a effectively easily way

  Scenario: The System To Consistently Enforce Cross-Browser Rendering case 3
    Given the customer is in properly adequate starting state for cross-browser rendering
    When acceptable usually action is performed on cross-browser rendering
    Then the system responds in a usual most way
",961,1,1,1,1,93.1,100.0,100.0,0.0,0.0,Medium
"Feature: The System To Properly Validate Database Backup And Restore

  Scenario: The System To Properly Validate Database Backup And Restore case 1
    Given the administrator is authenticated with role ""qa_verified"" and 141 matching records exist for database backup and restore
    When the user submits ""Database Backup And Restore"" with reference number ""1108"" and confirms the action

  Scenario: The System To Properly Validate Database Backup And Restore case 2
    Given the user is authenticated with role ""qa_verified"" and 239 matching records exist for database backup and restore
    When the user submits ""Database Backup And Restore"" with reference number ""8023"" and confirms the action
",702,0,1,1,1,70.6,30.6,66.7,100.0,0.0,Medium
"Feature: The System To Securely Process Order Fulfillment Tracking

  Scenario: The System To Securely Process Order Fulfillment Tracking case 1
    Then the system responds in a few etc way
",191,1,0,0,0,0.0,71.4,33.3,0.0,1.0,Low
"Feature: The System Configured For Order Fulfillment Tracking

  Scenario: The System Configured For Order Fulfillment Tracking case 1
    Given the user is authenticated with role ""qa_verified"" and 110 matching records exist for order fulfillment tracking
    When the user submits ""Order Fulfillment Tracking"" with reference number ""7009"" and confirms the action
    Then the system returns status code 201 and ""Order Fulfillment Tracking"" is updated successfully

  Scenario: The System Configured For Order Fulfillment Tracking case 2
    Given the operator is authenticated with role ""qa_verified"" and 93 matching records exist for order fulfillment tracking
    When the user submits ""Order Fulfillment Tracking"" with reference number ""9007"" and confirms the action
    Then the system returns status code 200 and ""Order Fulfillment Tracking"" is updated successfully
",873,1,1,1,1,92.6,0.0,91.7,100.0,1.0,High
"Feature: The System To Be Compatible With The Shopping Cart Checkout Flow

  Scenario: The System To Be Compatible With The Shopping Cart Checkout Flow case 1

  Scenario: The System To Be Compatible With The Shopping Cart Checkout Flow case 2
",244,0,0,0,1,54.5,0.0,16.7,0.0,1.0,Low
"Feature: The System To Correctly Support Password Reset Emails

  Scenario: The System To Correctly Support Password Reset Emails case 1
",137,0,0,0,0,0.0,100.0,8.3,0.0,1.0,Low
"Feature: The System Configured For Order Fulfillment Tracking

  Scenario: The System Configured For Order Fulfillment Tracking case 1
    Given the administrator is authenticated with role ""qa_verified"" and 170 matching records exist for order fulfillment tracking
    When the user submits ""Order Fulfillment Tracking"" with reference number ""9991"" and confirms the action
    Then the system returns status code 204 and ""Order Fulfillment Tracking"" is updated successfully

  Scenario: The System Configured For Order Fulfillment Tracking case 2
    Given the API client is authenticated with role ""qa_verified"" and 60 matching records exist for order fulfillment tracking
    When the user submits ""Order Fulfillment Tracking"" with reference number ""9602"" and confirms the action
    Then the system returns status code 201 and ""Order Fulfillment Tracking"" is updated successfully
",884,1,1,1,0,0.0,0.0,91.7,100.0,1.0,Medium
"Feature: The System To Be Compatible With Third-Party Payment Providers

  Scenario: The System To Be Compatible With Third-Party Payment Providers case 1
    Given the administrator is authenticated with role ""qa_verified"" and 184 matching records exist for third-party payment providers
    When the user submits ""Third-Party Payment Providers"" with reference number ""8350"" and confirms the action
    Then the system returns status code 204 and ""Third-Party Payment Providers"" is updated successfully

  Scenario: The System To Be Compatible With Third-Party Payment Providers case 2
    Given the administrator is authenticated with role ""qa_verified"" and 169 matching records exist for third-party payment providers
    When the user submits ""Third-Party Payment Providers"" with reference number ""44"" and confirms the action
    Then the system returns status code 202 and ""Third-Party Payment Providers"" is updated successfully
",934,1,1,1,0,0.0,0.0,91.7,100.0,1.0,Medium
"Feature: The System To Securely Process The Shopping Cart Checkout Flow

  Scenario: The System To Securely Process The Shopping Cart Checkout Flow case 1
    When easily etc action is performed on the shopping cart checkout flow
",230,0,0,1,0,0.0,57.1,33.3,0.0,1.0,Low
"Feature: The System Configured For The Shopping Cart Checkout Flow

  Scenario: The System Configured For The Shopping Cart Checkout Flow case 1
    Given the customer is authenticated with role ""qa_verified"" and 35 matching records exist for the shopping cart checkout flow
    When the user submits ""The Shopping Cart Checkout Flow"" with reference number ""9828"" and confirms the action
    Then the system returns status code 200 and ""The Shopping Cart Checkout Flow"" is updated successfully

  Scenario: The System Configured For The Shopping Cart Checkout Flow case 2
    Given the API client is authenticated with role ""qa_verified"" and 163 matching records exist for the shopping cart checkout flow
    When the user submits ""The Shopping Cart Checkout Flow"" with reference number ""4033"" and confirms the action
    Then the system returns status code 200 and ""The Shopping Cart Checkout Flow"" is updated successfully

  Scenario: The System Configured For The Shopping Cart Checkout Flow case 3
    Given the operator is authenticated with role ""qa_verified"" and 19 matching records exist for the shopping cart checkout flow
    When the user submits ""The Shopping Cart Checkout Flow"" with reference number ""2459"" and confirms the action
    Then the system returns status code 204 and ""The Shopping Cart Checkout Flow"" is updated successfully
",1351,1,1,1,1,93.3,0.0,100.0,100.0,0.0,High
"Feature: The System To Properly Validate The Product Catalog Search

  Scenario: The System To Properly Validate The Product Catalog Search case 1
",147,0,0,0,1,54.5,95.2,8.3,0.0,0.0,Low
"Feature: The System Configured For Single Sign-On Federation

  Scenario: The System Configured For Single Sign-On Federation case 1
",133,0,0,0,0,0.0,0.0,8.3,0.0,0.5,Low
"Feature: The System Configured For Order Fulfillment Tracking

  Scenario: The System Configured For Order Fulfillment Tracking case 1
    Given the API client is authenticated with role ""qa_verified"" and 127 matching records exist for order fulfillment tracking
    When the user submits ""Order Fulfillment Tracking"" with reference number ""5826"" and confirms the action
    Then the system returns status code 204 and ""Order Fulfillment Tracking"" is updated successfully

  Scenario: The System Configured For Order Fulfillment Tracking case 2
    Given the administrator is authenticated with role ""qa_verified"" and 208 matching records exist for order fulfillment tracking
    When the user submits ""Order Fulfillment Tracking"" with reference number ""7868"" and confirms the action
    Then the system returns status code 204 and ""Order Fulfillment Tracking"" is updated successfully

  Scenario: The System Configured For Order Fulfillment Tracking case 3
    Given the operator is authenticated with role ""qa_verified"" and 199 matching records exist for order fulfillment tracking
    When the user submits ""Order Fulfillment Tracking"" with reference number ""2467"" and confirms the action
    Then the system returns status code 204 and ""Order Fulfillment Tracking"" is updated successfully
",1293,1,1,1,1,93.1,0.0,100.0,100.0,0.5,High
"Feature: The System To Properly Validate Load Balancer Failover

  Scenario: The System To Properly Validate Load Balancer Failover case 1
    When the user submits ""Load Balancer Failover"" with reference number ""2941"" and confirms the action
    Then the system returns status code 202 and ""Load Balancer Failover"" is updated successfully

  Scenario: The System To Properly Validate Load Balancer Failover case 2
    When the user submits ""Load Balancer Failover"" with reference number ""9347"" and confirms the action
    Then the system returns status code 204 and ""Load Balancer Failover"" is updated successfully
",616,1,0,1,1,66.7,36.1,66.7,100.0,0.0,Medium
"Feature: The System Configured For Third-Party Payment Providers

  Scenario: The System Configured For Third-Party Payment Providers case 1
    Given the customer is in several many starting state for third-party payment providers
    When properly few action is performed on third-party payment providers
",307,0,1,1,0,0.0,90.9,58.3,0.0,0.0,Low
"Feature: The System Configured For Data Encryption At Rest

  Scenario: The System Configured For Data Encryption At Rest case 1
    Given the administrator is authenticated with role ""qa_verified"" and 242 matching records exist for data encryption at rest
    When the user submits ""Data Encryption At Rest"" with reference number ""5785"" and confirms the action
    Then the system returns status code 200 and ""Data Encryption At Rest"" is updated successfully

  Scenario: The System Configured For Data Encryption At Rest case 2
    Given the user is authenticated with role ""qa_verified"" and 67 matching records exist for data encryption at rest
    When the user submits ""Data Encryption At Rest"" with reference number ""9722"" and confirms the action
    Then the system returns status code 200 and ""Data Encryption At Rest"" is updated successfully
",851,1,1,1,1,92.6,0.0,91.7,100.0,1.0,High
"Feature: The System To Reliably Handle Cross-Browser Rendering

  Scenario: The System To Reliably Handle Cross-Browser Rendering case 1
    When the user submits ""Cross-Browser Rendering"" with reference number ""7551"" and confirms the action
    Then the system returns status code 200 and ""Cross-Browser Rendering"" is updated successfully
",340,1,0,1,0,0.0,0.0,58.3,100.0,1.0,Medium
"Feature: The System To Consistently Enforce The Audit Logging Subsystem

  Scenario: The System To Consistently Enforce The Audit Logging Subsystem case 1
    Given the customer is in easily many starting state for the audit logging subsystem
",243,0,1,0,0,0.0,57.1,33.3,0.0,1.0,Low
"Feature: The System To Consistently Enforce Subscription Billing Cycles

  Scenario: The System To Consistently Enforce Subscription Billing Cycles case 1
    Given the customer is authenticated with role ""qa_verified"" and 231 matching records exist for subscription billing cycles
    When the user submits ""Subscription Billing Cycles"" with reference number ""1351"" and confirms the action
    Then the system returns status code 201 and ""Subscription Billing Cycles"" is updated successfully

  Scenario: The System To Consistently Enforce Subscription Billing Cycles case 2
    Given the customer is authenticated with role ""qa_verified"" and 155 matching records exist for subscription billing cycles
    When the user submits ""Subscription Billing Cycles"" with reference number ""6747"" and confirms the action
    Then the system returns status code 202 and ""Subscription Billing Cycles"" is updated successfully
",914,1,1,1,1,92.9,0.0,91.7,100.0,0.0,High
"Feature: The System To Properly Validate Load Balancer Failover

  Scenario: The System To Properly Validate Load Balancer Failover case 1
    When the user submits ""Load Balancer Failover"" with reference number ""2169"" and confirms the action
    Then the system returns status code 200 and ""Load Balancer Failover"" is updated successfully
",340,1,0,1,1,68.8,43.5,58.3,100.0,1.0,Medium
"Feature: The System To Correctly Support The Notification Preferences Center

  Scenario: The System To Correctly Support The Notification Preferences Center case 1
",165,0,0,0,0,0.0,95.2,8.3,0.0,1.0,Low
"Feature: The System To Properly Validate Push Notification Delivery

  Scenario: The System To Properly Validate Push Notification Delivery case 1
    Given the API client is authenticated with role ""qa_verified"" and 86 matching records exist for push notification delivery

  Scenario: The System To Properly Validate Push Notification Delivery case 2
    Given the customer is authenticated with role ""qa_verified"" and 180 matching records exist for push notification delivery
",479,0,1,0,1,88.9,46.9,41.7,100.0,1.0,Low
"Feature: The System To Correctly Support Multi-Factor Authentication

  Scenario: The System To Correctly Support Multi-Factor Authentication case 1
    Given the operator is in many etc starting state for multi-factor authentication
    When certain normal action is performed on multi-factor authentication
    Then the system responds in a correctly normal way

  Scenario: The System To Correctly Support Multi-Factor Authentication case 2
    Given the operator is in adequate many starting state for multi-factor authentication
    When appropriate some action is performed on multi-factor authentication
    Then the system responds in a correctly normal way
",666,1,1,1,1,75.0,100.0,91.7,0.0,0.5,Medium
"Feature: The System To Properly Validate Customer Refund Workflows

  Scenario: The System To Properly Validate Customer Refund Workflows case 1
    Given the user is in occasionally usually starting state for customer refund workflows
",236,0,1,0,0,0.0,100.0,33.3,0.0,1.0,Low
"Feature: The System To Consistently Enforce Load Balancer Failover

  Scenario: The System To Consistently Enforce Load Balancer Failover case 1
    Given the customer is authenticated with role ""qa_verified"" and 91 matching records exist for load balancer failover
    When the user submits ""Load Balancer Failover"" with reference number ""185"" and confirms the action
    Then the system returns status code 201 and ""Load Balancer Failover"" is updated successfully

  Scenario: The System To Consistently Enforce Load Balancer Failover case 2
    Given the API client is authenticated with role ""qa_verified"" and 136 matching records exist for load balancer failover
    When the user submits ""Load Balancer Failover"" with reference number ""6439"" and confirms the action
    Then the system returns status code 200 and ""Load Balancer Failover"" is updated successfully
",869,1,1,1,1,93.1,0.0,91.7,100.0,1.0,High
"Feature: The System To Accurately Track Multi-Factor Authentication

  Scenario: The System To Accurately Track Multi-Factor Authentication case 1
    Given the API client is in most certain starting state for multi-factor authentication
    When various several action is performed on multi-factor authentication
    Then the system responds in a several reasonable way

  Scenario: The System To Accurately Track Multi-Factor Authentication case 2
    Given the operator is in normal most starting state for multi-factor authentication
    When occasionally most action is performed on multi-factor authentication
    Then the system responds in a various usual way
",668,1,1,1,1,70.6,100.0,91.7,0.0,1.0,Medium
"Feature: The System To Gracefully Recover Failures In The Audit Logging Subsystem

  Scenario: The System To Gracefully Recover Failures In The Audit Logging Subsystem case 1
    Given the user is in normal efficiently starting state for the audit logging subsystem
",266,0,1,0,0,0.0,51.3,33.3,0.0,0.0,Low
"Feature: The System To Correctly Support Checkout Tax Calculation

  Scenario: The System To Correctly Support Checkout Tax Calculation case 1
    When the user submits ""Checkout Tax Calculation"" with reference number ""8850"" and confirms the action
    Then the system returns status code 202 and ""Checkout Tax Calculation"" is updated successfully

  Scenario: The System To Correctly Support Checkout Tax Calculation case 2
    When the user submits ""Checkout Tax Calculation"" with reference number ""4892"" and confirms the action
    Then the system returns status code 201 and ""Checkout Tax Calculation"" is updated successfully
",630,1,0,1,1,95.2,36.1,66.7,100.0,1.0,Medium
"Feature: The System To Reliably Handle Shipping Address Validation

  Scenario: The System To Reliably Handle Shipping Address Validation case 1
    Given the customer is authenticated with role ""qa_verified"" and 129 matching records exist for shipping address validation
    When the user submits ""Shipping Address Validation"" with reference number ""7564"" and confirms the action
    Then the system returns status code 201 and ""Shipping Address Validation"" is updated successfully

  Scenario: The System To Reliably Handle Shipping Address Validation case 2
    Given the operator is authenticated with role ""qa_verified"" and 106 matching records exist for shipping address validation
    When the user submits ""Shipping Address Validation"" with reference number ""7379"" and confirms the action
    Then the system returns status code 200 and ""Shipping Address Validation"" is updated successfully
",899,1,1,1,0,0.0,0.0,91.7,100.0,0.5,Medium
"Feature: The System To Correctly Support Windows Server

  Scenario: The System To Correctly Support Windows Server case 1
    When quickly most action is performed on windows server
",183,0,0,1,0,0.0,100.0,33.3,0.0,1.0,Low
"Feature: The System To Consistently Enforce API Rate Limiting

  Scenario: The System To Consistently Enforce API Rate Limiting case 1
    Given the user is authenticated with role ""qa_verified"" and 6 matching records exist for api rate limiting
    When the user submits ""API Rate Limiting"" with reference number ""779"" and confirms the action

  Scenario: The System To Consistently Enforce API Rate Limiting case 2
    Given the API client is authenticated with role ""qa_verified"" and 27 matching records exist for api rate limiting
    When the user submits ""API Rate Limiting"" with reference number ""8425"" and confirms the action
",634,0,1,1,1,90.9,0.0,66.7,100.0,0.0,Medium
"Feature: The System Configured For Data Encryption At Rest

  Scenario: The System Configured For Data Encryption At Rest case 1
    When the user submits ""Data Encryption At Rest"" with reference number ""9764"" and confirms the action
    Then the system returns status code 200 and ""Data Encryption At Rest"" is updated successfully

  Scenario: The System Configured For Data Encryption At Rest case 2
    When the user submits ""Data Encryption At Rest"" with reference number ""1865"" and confirms the action
    Then the system returns status code 202 and ""Data Encryption At Rest"" is updated successfully
",605,1,0,1,1,66.7,0.0,66.7,100.0,0.0,Medium
"Feature: The System To Accurately Track Push Notification Delivery

  Scenario: The System To Accurately Track Push Notification Delivery case 1
    When occasionally easily action is performed on push notification delivery
",224,0,0,1,0,0.0,69.0,33.3,0.0,0.0,Low
"Feature: The System To Properly Validate Database Backup And Restore

  Scenario: The System To Properly Validate Database Backup And Restore case 1
    When the user submits ""Database Backup And Restore"" with reference number ""7135"" and confirms the action
    Then the system returns status code 202 and ""Database Backup And Restore"" is updated successfully

  Scenario: The System To Properly Validate Database Backup And Restore case 2
    When the user submits ""Database Backup And Restore"" with reference number ""9927"" and confirms the action
    Then the system returns status code 201 and ""Database Backup And Restore"" is updated successfully
",651,1,0,1,1,90.5,33.3,66.7,100.0,1.0,Medium
"Feature: The System To Correctly Support Multi-Factor Authentication

  Scenario: The System To Correctly Support Multi-Factor Authentication case 1
    Given the operator is authenticated with role ""qa_verified"" and 13 matching records exist for multi-factor authentication
    When the user submits ""Multi-Factor Authentication"" with reference number ""5042"" and confirms the action
",384,0,1,1,1,75.0,40.0,58.3,100.0,0.0,Medium
"Feature: The System To Be Compatible With Order Fulfillment Tracking

  Scenario: The System To Be Compatible With Order Fulfillment Tracking case 1
    When various some action is performed on order fulfillment tracking
    Then the system responds in a suitable adequate way
",277,1,0,1,0,0.0,100.0,58.3,0.0,1.0,Low
"Feature: The System To Reliably Handle User Profile Photo Uploads

  Scenario: The System To Reliably Handle User Profile Photo Uploads case 1
    Given the customer is authenticated with role ""qa_verified"" and 83 matching records exist for user profile photo uploads
    When the user submits ""User Profile Photo Uploads"" with reference number ""7403"" and confirms the action
    Then the system returns status code 202 and ""User Profile Photo Uploads"" is updated successfully

  Scenario: The System To Reliably Handle User Profile Photo Uploads case 2
    Given the user is authenticated with role ""qa_verified"" and 105 matching records exist for user profile photo uploads
    When the user submits ""User Profile Photo Uploads"" with reference number ""4677"" and confirms the action
    Then the system returns status code 201 and ""User Profile Photo Uploads"" is updated successfully
",885,1,1,1,1,93.1,0.0,91.7,100.0,1.0,High
"Feature: The System To Accurately Track Automated Report Generation

  Scenario: The System To Accurately Track Automated Report Generation case 1
    Given the administrator is authenticated with role ""qa_verified"" and 223 matching records exist for automated report generation
    When the user submits ""Automated Report Generation"" with reference number ""2587"" and confirms the action

  Scenario: The System To Accurately Track Automated Report Generation case 2
    Given the user is authenticated with role ""qa_verified"" and 66 matching records exist for automated report generation
    When the user submits ""Automated Report Generation"" with reference number ""3233"" and confirms the action
",698,0,1,1,1,70.6,0.0,66.7,100.0,1.0,Medium
"Feature: The System To Reliably Handle Role-Based Access Control

  Scenario: The System To Reliably Handle Role-Based Access Control case 1
    Then the system responds in a properly correctly way
",198,1,0,0,0,0.0,66.7,33.3,0.0,1.0,Low
"Feature: The System To Securely Process Inventory Stock Synchronization

  Scenario: The System To Securely Process Inventory Stock Synchronization case 1
    When the user submits ""Inventory Stock Synchronization"" with reference number ""1365"" and confirms the action
    Then the system returns status code 204 and ""Inventory Stock Synchronization"" is updated successfully

  Scenario: The System To Securely Process Inventory Stock Synchronization case 2
    When the user submits ""Inventory Stock Synchronization"" with reference number ""3201"" and confirms the action
    Then the system returns status code 204 and ""Inventory Stock Synchronization"" is updated successfully
",676,1,0,1,1,90.5,0.0,66.7,100.0,1.0,High
"Feature: The System To Accurately Track Two-Factor SMS Verification

  Scenario: The System To Accurately Track Two-Factor SMS Verification case 1
    When occasionally many action is performed on two-factor sms verification
    Then the system responds in a certain several way
",279,1,0,1,1,64.3,97.6,58.3,0.0,0.5,Low
"Feature: The System To Gracefully Recover Failures In Inventory Stock Synchronization

  Scenario: The System To Gracefully Recover Failures In Inventory Stock Synchronization case 1
    Given the administrator is in reasonable easily starting state for inventory stock synchronization
",286,0,1,0,0,0.0,55.6,33.3,0.0,0.0,Low
"Feature: The System To Be Compatible With The Shopping Cart Checkout Flow

  Scenario: The System To Be Compatible With The Shopping Cart Checkout Flow case 1
    When the user submits ""The Shopping Cart Checkout Flow"" with reference number ""3076"" and confirms the action
    Then the system returns status code 202 and ""The Shopping Cart Checkout Flow"" is updated successfully

  Scenario: The System To Be Compatible With The Shopping Cart Checkout Flow case 2
    When the user submits ""The Shopping Cart Checkout Flow"" with reference number ""2991"" and confirms the action
    Then the system returns status code 202 and ""The Shopping Cart Checkout Flow"" is updated successfully
",682,1,0,1,1,90.5,0.0,66.7,100.0,1.0,High
"Feature: The System Configured For Role-Based Access Control

  Scenario: The System Configured For Role-Based Access Control case 1
    When the user submits ""Role-Based Access Control"" with reference number ""326"" and confirms the action

  Scenario: The System Configured For Role-Based Access Control case 2
    When the user submits ""Role-Based Access Control"" with reference number ""9528"" and confirms the action
",418,0,0,1,1,61.5,0.0,41.7,100.0,1.0,Low
"Feature: The System Configured For The Payment Gateway

  Scenario: The System Configured For The Payment Gateway case 1
    Then the system responds in a etc reasonable way
",174,1,0,0,1,33.3,76.9,33.3,0.0,1.0,Low
"Feature: The System To Accurately Track Both AWS And Azure Platforms

  Scenario: The System To Accurately Track Both AWS And Azure Platforms case 1
    Given the customer is authenticated with role ""qa_verified"" and 221 matching records exist for both aws and azure platforms
    When the user submits ""Both AWS And Azure Platforms"" with reference number ""4889"" and confirms the action
    Then the system returns status code 200 and ""Both AWS And Azure Platforms"" is updated successfully

  Scenario: The System To Accurately Track Both AWS And Azure Platforms case 2
    Given the API client is authenticated with role ""qa_verified"" and 222 matching records exist for both aws and azure platforms
    When the user submits ""Both AWS And Azure Platforms"" with reference number ""9889"" and confirms the action
    Then the system returns status code 201 and ""Both AWS And Azure Platforms"" is updated successfully
",913,1,1,1,1,93.1,0.0,91.7,100.0,1.0,High
"Feature: The System To Reliably Handle Two-Factor SMS Verification

  Scenario: The System To Reliably Handle Two-Factor SMS Verification case 1
    Given the user is in some efficiently starting state for two-factor sms verification
    When efficiently usually action is performed on two-factor sms verification
    Then the system responds in a some etc way
",361,1,1,1,1,64.3,100.0,83.3,0.0,0.0,Medium
"Feature: The System To Reliably Handle The Notification Preferences Center

  Scenario: The System To Reliably Handle The Notification Preferences Center case 1
    Given the operator is in etc normal starting state for the notification preferences center
    Then the system responds in a normal reasonable way
",312,1,1,0,0,0.0,90.9,58.3,0.0,0.0,Low
"Feature: The System To Consistently Enforce Bulk CSV Data Import

  Scenario: The System To Consistently Enforce Bulk CSV Data Import case 1
    Given the operator is authenticated with role ""qa_verified"" and 233 matching records exist for bulk csv data import
    When the user submits ""Bulk CSV Data Import"" with reference number ""7629"" and confirms the action
    Then the system returns status code 200 and ""Bulk CSV Data Import"" is updated successfully

  Scenario: The System To Consistently Enforce Bulk CSV Data Import case 2
    Given the user is authenticated with role ""qa_verified"" and 51 matching records exist for bulk csv data import
    When the user submits ""Bulk CSV Data Import"" with reference number ""7510"" and confirms the action
    Then the system returns status code 204 and ""Bulk CSV Data Import"" is updated successfully
",846,1,1,1,1,92.9,0.0,91.7,100.0,1.0,High
"Feature: The System To Be Compatible With Both AWS And Azure Platforms

  Scenario: The System To Be Compatible With Both AWS And Azure Platforms case 1
    Given the customer is authenticated with role ""qa_verified"" and 48 matching records exist for both aws and azure platforms
    When the user submits ""Both AWS And Azure Platforms"" with reference number ""6415"" and confirms the action
    Then the system returns status code 201 and ""Both AWS And Azure Platforms"" is updated successfully

  Scenario: The System To Be Compatible With Both AWS And Azure Platforms case 2
    Given the customer is authenticated with role ""qa_verified"" and 200 matching records exist for both aws and azure platforms
    When the user submits ""Both AWS And Azure Platforms"" with reference number ""6247"" and confirms the action
    Then the system returns status code 204 and ""Both AWS And Azure Platforms"" is updated successfully
",916,1,1,1,1,72.2,0.0,91.7,100.0,0.0,High
"Feature: The System To Consistently Enforce Password Reset Emails

  Scenario: The System To Consistently Enforce Password Reset Emails case 1
",143,0,0,0,0,0.0,0.0,8.3,0.0,0.5,Low
"Feature: The System To Securely Process The Payment Gateway

  Scenario: The System To Securely Process The Payment Gateway case 1
    When the user submits ""The Payment Gateway"" with reference number ""9232"" and confirms the action
    Then the system returns status code 204 and ""The Payment Gateway"" is updated successfully

  Scenario: The System To Securely Process The Payment Gateway case 2
    When the user submits ""The Payment Gateway"" with reference number ""8835"" and confirms the action
    Then the system returns status code 202 and ""The Payment Gateway"" is updated successfully

  Scenario: The System To Securely Process The Payment Gateway case 3
    When the user submits ""The Payment Gateway"" with reference number ""5221"" and confirms the action
    Then the system returns status code 204 and ""The Payment Gateway"" is updated successfully
",858,1,0,1,1,90.5,0.0,75.0,100.0,1.0,High
"Feature: The System To Be Compatible With The Search Indexing Pipeline

  Scenario: The System To Be Compatible With The Search Indexing Pipeline case 1
    Given the administrator is authenticated with role ""qa_verified"" and 42 matching records exist for the search indexing pipeline
    When the user submits ""The Search Indexing Pipeline"" with reference number ""3983"" and confirms the action
    Then the system returns status code 202 and ""The Search Indexing Pipeline"" is updated successfully

  Scenario: The System To Be Compatible With The Search Indexing Pipeline case 2
    Given the operator is authenticated with role ""qa_verified"" and 93 matching records exist for the search indexing pipeline
    When the user submits ""The Search Indexing Pipeline"" with reference number ""7714"" and confirms the action
    Then the system returns status code 202 and ""The Search Indexing Pipeline"" is updated successfully
",920,1,1,1,0,0.0,0.0,91.7,100.0,1.0,Medium
"Feature: The System To Consistently Enforce Bulk CSV Data Import

  Scenario: The System To Consistently Enforce Bulk CSV Data Import case 1
",141,0,0,0,0,0.0,0.0,8.3,0.0,0.0,Low
"Feature: The System To Reliably Handle Windows Server

  Scenario: The System To Reliably Handle Windows Server case 1
    Given the user is in normal sufficient starting state for windows server
    When acceptable most action is performed on windows server
    Then the system responds in a most etc way

  Scenario: The System To Reliably Handle Windows Server case 2
    Given the administrator is in certain normal starting state for windows server
    When few adequate action is performed on windows server
    Then the system responds in a many correctly way
",567,1,1,1,1,91.7,100.0,91.7,0.0,1.0,Medium
"Feature: The System To Reliably Handle Inventory Stock Synchronization

  Scenario: The System To Reliably Handle Inventory Stock Synchronization case 1
    Given the operator is in occasionally few starting state for inventory stock synchronization
    When properly effectively action is performed on inventory stock synchronization
    Then the system responds in a sufficient typical way
",392,1,1,1,0,0.0,100.0,83.3,0.0,1.0,Low
"Feature: The System Configured For Role-Based Access Control

  Scenario: The System Configured For Role-Based Access Control case 1
    Given the operator is authenticated with role ""qa_verified"" and 217 matching records exist for role-based access control
    When the user submits ""Role-Based Access Control"" with reference number ""3343"" and confirms the action
",365,0,1,1,1,44.4,0.0,58.3,100.0,0.0,Medium
"Feature: The System To Correctly Support Both AWS And Azure Platforms

  Scenario: The System To Correctly Support Both AWS And Azure Platforms case 1
    Given the user is authenticated with role ""qa_verified"" and 69 matching records exist for both aws and azure platforms
    When the user submits ""Both AWS And Azure Platforms"" with reference number ""1352"" and confirms the action
    Then the system returns status code 201 and ""Both AWS And Azure Platforms"" is updated successfully

  Scenario: The System To Correctly Support Both AWS And Azure Platforms case 2
    Given the administrator is authenticated with role ""qa_verified"" and 50 matching records exist for both aws and azure platforms
    When the user submits ""Both AWS And Azure Platforms"" with reference number ""3764"" and confirms the action
    Then the system returns status code 204 and ""Both AWS And Azure Platforms"" is updated successfully
",913,1,1,1,1,96.3,22.2,91.7,100.0,1.0,High
"Feature: The System To Correctly Support Checkout Tax Calculation

  Scenario: The System To Correctly Support Checkout Tax Calculation case 1
    Given the operator is authenticated with role ""qa_verified"" and 67 matching records exist for checkout tax calculation
    When the user submits ""Checkout Tax Calculation"" with reference number ""2910"" and confirms the action
    Then the system returns status code 204 and ""Checkout Tax Calculation"" is updated successfully
",471,1,1,1,1,78.9,31.7,83.3,100.0,0.0,High
"Feature: The System To Reliably Handle Subscription Billing Cycles

  Scenario: The System To Reliably Handle Subscription Billing Cycles case 1
",145,0,0,0,0,0.0,0.0,8.3,0.0,0.5,Low
"Feature: The System To Reliably Handle Two-Factor SMS Verification

  Scenario: The System To Reliably Handle Two-Factor SMS Verification case 1
    Given the user is authenticated with role ""qa_verified"" and 146 matching records exist for two-factor sms verification
    When the user submits ""Two-Factor SMS Verification"" with reference number ""6651"" and confirms the action
    Then the system returns status code 201 and ""Two-Factor SMS Verification"" is updated successfully

  Scenario: The System To Reliably Handle Two-Factor SMS Verification case 2
    Given the customer is authenticated with role ""qa_verified"" and 185 matching records exist for two-factor sms verification
    When the user submits ""Two-Factor SMS Verification"" with reference number ""3601"" and confirms the action
    Then the system returns status code 200 and ""Two-Factor SMS Verification"" is updated successfully

  Scenario: The System To Reliably Handle Two-Factor SMS Verification case 3
    Given the customer is authenticated with role ""qa_verified"" and 168 matching records exist for two-factor sms verification
    When the user submits ""Two-Factor SMS Verification"" with reference number ""1708"" and confirms the action
    Then the system returns status code 201 and ""Two-Factor SMS Verification"" is updated successfully
",1311,1,1,1,1,92.6,0.0,100.0,100.0,1.0,High
"Feature: The System To Correctly Support Password Reset Emails

  Scenario: The System To Correctly Support Password Reset Emails case 1
    When the user submits ""Password Reset Emails"" with reference number ""9907"" and confirms the action
    Then the system returns status code 201 and ""Password Reset Emails"" is updated successfully

  Scenario: The System To Correctly Support Password Reset Emails case 2
    When the user submits ""Password Reset Emails"" with reference number ""122"" and confirms the action
    Then the system returns status code 201 and ""Password Reset Emails"" is updated successfully
",608,1,0,1,1,75.0,36.1,66.7,100.0,1.0,Medium
"Feature: The System To Accurately Track Cross-Browser Rendering

  Scenario: The System To Accurately Track Cross-Browser Rendering case 1
    Then the system responds in a efficiently suitable way
",198,1,0,0,0,0.0,71.4,33.3,0.0,1.0,Low
"Feature: The System Configured For Load Balancer Failover

  Scenario: The System Configured For Load Balancer Failover case 1
    Given the operator is authenticated with role ""qa_verified"" and 57 matching records exist for load balancer failover
    When the user submits ""Load Balancer Failover"" with reference number ""351"" and confirms the action
    Then the system returns status code 202 and ""Load Balancer Failover"" is updated successfully

  Scenario: The System Configured For Load Balancer Failover case 2
    Given the API client is authenticated with role ""qa_verified"" and 209 matching records exist for load balancer failover
    When the user submits ""Load Balancer Failover"" with reference number ""1084"" and confirms the action
    Then the system returns status code 200 and ""Load Balancer Failover"" is updated successfully

  Scenario: The System Configured For Load Balancer Failover case 3
    Given the API client is authenticated with role ""qa_verified"" and 220 matching records exist for load balancer failover
    When the user submits ""Load Balancer Failover"" with reference number ""4057"" and confirms the action
    Then the system returns status code 204 and ""Load Balancer Failover"" is updated successfully
",1236,1,1,1,1,93.1,0.0,100.0,100.0,1.0,High
"Feature: The System To Reliably Handle Database Backup And Restore

  Scenario: The System To Reliably Handle Database Backup And Restore case 1
    Given the administrator is authenticated with role ""qa_verified"" and 190 matching records exist for database backup and restore
    When the user submits ""Database Backup And Restore"" with reference number ""6918"" and confirms the action
    Then the system returns status code 200 and ""Database Backup And Restore"" is updated successfully
",488,1,1,1,1,72.2,0.0,83.3,100.0,1.0,High
"Feature: The System To Gracefully Recover Failures In The Notification Preferences Center

  Scenario: The System To Gracefully Recover Failures In The Notification Preferences Center case 1
    Then the system returns status code 200 and ""The Notification Preferences Center"" is updated successfully
",301,1,0,0,1,44.4,0.0,33.3,100.0,0.0,Low
"Feature: The System To Consistently Enforce Both AWS And Azure Platforms

  Scenario: The System To Consistently Enforce Both AWS And Azure Platforms case 1
    Given the operator is authenticated with role ""qa_verified"" and 113 matching records exist for both aws and azure platforms
    When the user submits ""Both AWS And Azure Platforms"" with reference number ""5466"" and confirms the action
    Then the system returns status code 201 and ""Both AWS And Azure Platforms"" is updated successfully

  Scenario: The System To Consistently Enforce Both AWS And Azure Platforms case 2
    Given the administrator is authenticated with role ""qa_verified"" and 206 matching records exist for both aws and azure platforms
    When the user submits ""Both AWS And Azure Platforms"" with reference number ""7582"" and confirms the action
    Then the system returns status code 202 and ""Both AWS And Azure Platforms"" is updated successfully
",928,1,1,1,1,93.1,0.0,91.7,100.0,0.5,High
"Feature: The System To Reliably Handle The Audit Logging Subsystem

  Scenario: The System To Reliably Handle The Audit Logging Subsystem case 1
    Given the API client is authenticated with role ""qa_verified"" and 55 matching records exist for the audit logging subsystem
    When the user submits ""The Audit Logging Subsystem"" with reference number ""3177"" and confirms the action
    Then the system returns status code 202 and ""The Audit Logging Subsystem"" is updated successfully

  Scenario: The System To Reliably Handle The Audit Logging Subsystem case 2
    Given the user is authenticated with role ""qa_verified"" and 104 matching records exist for the audit logging subsystem
    When the user submits ""The Audit Logging Subsystem"" with reference number ""4148"" and confirms the action
    Then the system returns status code 204 and ""The Audit Logging Subsystem"" is updated successfully
",896,1,1,1,1,73.7,0.0,91.7,100.0,1.0,High
"Feature: The System To Reliably Handle Third-Party Payment Providers

  Scenario: The System To Reliably Handle Third-Party Payment Providers case 1
    Given the user is in typical various starting state for third-party payment providers
    When properly quickly action is performed on third-party payment providers
    Then the system responds in a normal various way
",371,1,1,1,0,0.0,100.0,83.3,0.0,1.0,Low
"Feature: The System To Be Compatible With User Profile Photo Uploads

  Scenario: The System To Be Compatible With User Profile Photo Uploads case 1
    Given the API client is authenticated with role ""qa_verified"" and 249 matching records exist for user profile photo uploads
    When the user submits ""User Profile Photo Uploads"" with reference number ""4822"" and confirms the action
    Then the system returns status code 201 and ""User Profile Photo Uploads"" is updated successfully

  Scenario: The System To Be Compatible With User Profile Photo Uploads case 2
    Given the customer is authenticated with role ""qa_verified"" and 162 matching records exist for user profile photo uploads
    When the user submits ""User Profile Photo Uploads"" with reference number ""2993"" and confirms the action
    Then the system returns status code 204 and ""User Profile Photo Uploads"" is updated successfully

  Scenario: The System To Be Compatible With User Profile Photo Uploads case 3
    Given the API client is authenticated with role ""qa_verified"" and 16 matching records exist for user profile photo uploads
    When the user submits ""User Profile Photo Uploads"" with reference number ""4075"" and confirms the action
    Then the system returns status code 204 and ""User Profile Photo Uploads"" is updated successfully
",1317,1,1,1,1,93.1,0.0,100.0,100.0,0.0,High
"Feature: The System To Gracefully Recover Failures In Load Balancer Failover

  Scenario: The System To Gracefully Recover Failures In Load Balancer Failover case 1
    Given the customer is in typical usually starting state for load balancer failover
    When some most action is performed on load balancer failover
    Then the system responds in a several etc way
",367,1,1,1,1,70.6,100.0,83.3,0.0,1.0,Medium
"Feature: The System Configured For The Search Indexing Pipeline

  Scenario: The System Configured For The Search Indexing Pipeline case 1
    Then the system responds in a effectively some way
",194,1,0,0,0,0.0,71.4,33.3,0.0,0.0,Low
"Feature: The System To Properly Validate The Search Indexing Pipeline

  Scenario: The System To Properly Validate The Search Indexing Pipeline case 1
    Given the customer is authenticated with role ""qa_verified"" and 64 matching records exist for the search indexing pipeline
    When the user submits ""The Search Indexing Pipeline"" with reference number ""1282"" and confirms the action
    Then the system returns status code 201 and ""The Search Indexing Pipeline"" is updated successfully

  Scenario: The System To Properly Validate The Search Indexing Pipeline case 2
    Given the operator is authenticated with role ""qa_verified"" and 233 matching records exist for the search indexing pipeline
    When the user submits ""The Search Indexing Pipeline"" with reference number ""5057"" and confirms the action
    Then the system returns status code 201 and ""The Search Indexing Pipeline"" is updated successfully
",913,1,1,1,1,93.1,23.8,91.7,100.0,0.0,High
"Feature: The System To Reliably Handle Database Backup And Restore

  Scenario: The System To Reliably Handle Database Backup And Restore case 1
    Given the API client is in effectively efficiently starting state for database backup and restore
    Then the system responds in a appropriate adequate way
",306,1,1,0,1,66.7,88.9,58.3,0.0,0.0,Low
"Feature: The System To Properly Validate Subscription Billing Cycles

  Scenario: The System To Properly Validate Subscription Billing Cycles case 1
    When many typical action is performed on subscription billing cycles
    Then the system responds in a acceptable properly way
",280,1,0,1,0,0.0,100.0,58.3,0.0,1.0,Low
"Feature: The System To Properly Validate API Rate Limiting

  Scenario: The System To Properly Validate API Rate Limiting case 1
    When the user submits ""API Rate Limiting"" with reference number ""9113"" and confirms the action
    Then the system returns status code 200 and ""API Rate Limiting"" is updated successfully

  Scenario: The System To Properly Validate API Rate Limiting case 2
    When the user submits ""API Rate Limiting"" with reference number ""3016"" and confirms the action
    Then the system returns status code 200 and ""API Rate Limiting"" is updated successfully
",581,1,0,1,1,90.5,36.1,66.7,100.0,1.0,Medium
"Feature: The System To Securely Process User Profile Photo Uploads

  Scenario: The System To Securely Process User Profile Photo Uploads case 1
    Given the user is authenticated with role ""qa_verified"" and 220 matching records exist for user profile photo uploads
    When the user submits ""User Profile Photo Uploads"" with reference number ""3195"" and confirms the action
    Then the system returns status code 201 and ""User Profile Photo Uploads"" is updated successfully
",476,1,1,1,1,73.7,0.0,83.3,100.0,0.0,High
"Feature: The System To Accurately Track Customer Refund Workflows

  Scenario: The System To Accurately Track Customer Refund Workflows case 1
",143,0,0,0,0,0.0,0.0,8.3,0.0,0.5,Low
"Feature: The System To Correctly Support Cross-Browser Rendering

  Scenario: The System To Correctly Support Cross-Browser Rendering case 1
    Given the administrator is in quickly few starting state for cross-browser rendering
    When certain correctly action is performed on cross-browser rendering
    Then the system responds in a easily usual way

  Scenario: The System To Correctly Support Cross-Browser Rendering case 2
    Given the user is in usual several starting state for cross-browser rendering
    When quickly efficiently action is performed on cross-browser rendering
    Then the system responds in a properly quickly way

  Scenario: The System To Correctly Support Cross-Browser Rendering case 3
    Given the customer is in many quickly starting state for cross-browser rendering
    When usually acceptable action is performed on cross-browser rendering
    Then the system responds in a reasonable efficiently way
",941,1,1,1,1,96.3,100.0,100.0,0.0,0.0,Medium
"Feature: The System To Reliably Handle Shipping Address Validation

  Scenario: The System To Reliably Handle Shipping Address Validation case 1
    Given the administrator is in correctly occasionally starting state for shipping address validation
    When adequate usually action is performed on shipping address validation
    Then the system responds in a suitable effectively way
",385,1,1,1,1,68.8,100.0,83.3,0.0,0.5,Medium
"Feature: The System Configured For Single Sign-On Federation

  Scenario: The System Configured For Single Sign-On Federation case 1
",133,0,0,0,1,33.3,0.0,8.3,0.0,0.0,Low
"Feature: The System To Consistently Enforce Cross-Browser Rendering

  Scenario: The System To Consistently Enforce Cross-Browser Rendering case 1
    Given the customer is in several few starting state for cross-browser rendering
    When acceptable normal action is performed on cross-browser rendering
    Then the system responds in a some usual way

  Scenario: The System To Consistently Enforce Cross-Browser Rendering case 2
    Given the operator is in suitable most starting state for cross-browser rendering
    When acceptable adequate action is performed on cross-browser rendering
    Then the system responds in a appropriate usually way

  Scenario: The System To Consistently Enforce Cross-Browser Rendering case 3
    Given the user is in certain suitable starting state for cross-browser rendering
    When efficiently occasionally action is performed on cross-browser rendering
    Then the system responds in a properly correctly way
",955,1,1,1,1,93.5,100.0,100.0,0.0,1.0,Medium
"Feature: The System To Accurately Track Push Notification Delivery

  Scenario: The System To Accurately Track Push Notification Delivery case 1
    Given the customer is authenticated with role ""qa_verified"" and 48 matching records exist for push notification delivery
    Then the system returns status code 200 and ""Push Notification Delivery"" is updated successfully
",371,1,1,0,0,0.0,0.0,58.3,100.0,0.0,Medium
"Feature: The System To Reliably Handle The Shopping Cart Checkout Flow

  Scenario: The System To Reliably Handle The Shopping Cart Checkout Flow case 1
    Then the system responds in a normal certain way
",206,1,0,0,1,33.3,62.5,33.3,0.0,1.0,Low
"Feature: The System To Correctly Support The Notification Preferences Center

  Scenario: The System To Correctly Support The Notification Preferences Center case 1
    Given the user is authenticated with role ""qa_verified"" and 242 matching records exist for the notification preferences center
    When the user submits ""The Notification Preferences Center"" with reference number ""5118"" and confirms the action
    Then the system returns status code 202 and ""The Notification Preferences Center"" is updated successfully

  Scenario: The System To Correctly Support The Notification Preferences Center case 2
    Given the API client is authenticated with role ""qa_verified"" and 69 matching records exist for the notification preferences center
    When the user submits ""The Notification Preferences Center"" with reference number ""9483"" and confirms the action
    Then the system returns status code 201 and ""The Notification Preferences Center"" is updated successfully

  Scenario: The System To Correctly Support The Notification Preferences Center case 3
    Given the customer is authenticated with role ""qa_verified"" and 11 matching records exist for the notification preferences center
    When the user submits ""The Notification Preferences Center"" with reference number ""2759"" and confirms the action
    Then the system returns status code 204 and ""The Notification Preferences Center"" is updated successfully
",1423,1,1,1,1,96.4,21.6,100.0,100.0,0.0,High
"Feature: The System To Be Compatible With Load Balancer Failover

  Scenario: The System To Be Compatible With Load Balancer Failover case 1
    Given the user is authenticated with role ""qa_verified"" and 157 matching records exist for load balancer failover
    When the user submits ""Load Balancer Failover"" with reference number ""1367"" and confirms the action
    Then the system returns status code 201 and ""Load Balancer Failover"" is updated successfully
",460,1,1,1,1,73.7,0.0,83.3,100.0,0.5,High
"Feature: The System To Reliably Handle Customer Refund Workflows

  Scenario: The System To Reliably Handle Customer Refund Workflows case 1
    When appropriate suitable action is performed on customer refund workflows
",220,0,0,1,0,0.0,69.0,33.3,0.0,1.0,Low
"Feature: The System To Be Compatible With Offline Mode Data Sync

  Scenario: The System To Be Compatible With Offline Mode Data Sync case 1
    Given the operator is authenticated with role ""qa_verified"" and 102 matching records exist for offline mode data sync
    When the user submits ""Offline Mode Data Sync"" with reference number ""925"" and confirms the action
    Then the system returns status code 204 and ""Offline Mode Data Sync"" is updated successfully

  Scenario: The System To Be Compatible With Offline Mode Data Sync case 2
    Given the operator is authenticated with role ""qa_verified"" and 127 matching records exist for offline mode data sync
    When the user submits ""Offline Mode Data Sync"" with reference number ""5791"" and confirms the action
    Then the system returns status code 200 and ""Offline Mode Data Sync"" is updated successfully
",862,1,1,1,1,92.9,0.0,91.7,100.0,1.0,High
"Feature: The System To Be Compatible With The Shopping Cart Checkout Flow

  Scenario: The System To Be Compatible With The Shopping Cart Checkout Flow case 1
    Given the user is authenticated with role ""qa_verified"" and 167 matching records exist for the shopping cart checkout flow
    When the user submits ""The Shopping Cart Checkout Flow"" with reference number ""8618"" and confirms the action
    Then the system returns status code 201 and ""The Shopping Cart Checkout Flow"" is updated successfully
",505,1,1,1,1,73.7,0.0,83.3,100.0,0.5,High
"Feature: The System To Reliably Handle Bulk CSV Data Import

  Scenario: The System To Reliably Handle Bulk CSV Data Import case 1
    Given the operator is in normal usual starting state for bulk csv data import
",213,0,1,0,0,0.0,57.1,33.3,0.0,1.0,Low
"Feature: The System To Properly Validate Two-Factor SMS Verification

  Scenario: The System To Properly Validate Two-Factor SMS Verification case 1
    Given the user is in appropriate several starting state for two-factor sms verification
    When reasonable most action is performed on two-factor sms verification
    Then the system responds in a suitable adequate way

  Scenario: The System To Properly Validate Two-Factor SMS Verification case 2
    Given the operator is in normal many starting state for two-factor sms verification
    When typical adequate action is performed on two-factor sms verification
    Then the system responds in a suitable sufficient way

  Scenario: The System To Properly Validate Two-Factor SMS Verification case 3
    Given the API client is in few effectively starting state for two-factor sms verification
    When several most action is performed on two-factor sms verification
    Then the system responds in a some reasonable way
",977,1,1,1,1,92.9,100.0,100.0,0.0,1.0,Medium
"Feature: The System To Consistently Enforce Order Fulfillment Tracking

  Scenario: The System To Consistently Enforce Order Fulfillment Tracking case 1
    Given the API client is in etc occasionally starting state for order fulfillment tracking
    When correctly some action is performed on order fulfillment tracking
    Then the system responds in a typical adequate way
",376,1,1,1,0,0.0,100.0,83.3,0.0,1.0,Low
"Feature: The System To Be Compatible With The Audit Logging Subsystem

  Scenario: The System To Be Compatible With The Audit Logging Subsystem case 1
",151,0,0,0,0,0.0,0.0,8.3,0.0,1.0,Low
"Feature: The System To Be Compatible With Both AWS And Azure Platforms

  Scenario: The System To Be Compatible With Both AWS And Azure Platforms case 1
    Given the user is in sufficient adequate starting state for both aws and azure platforms
    When many most action is performed on both aws and azure platforms
    Then the system responds in a acceptable etc way

  Scenario: The System To Be Compatible With Both AWS And Azure Platforms case 2
    Given the administrator is in some several starting state for both aws and azure platforms
    When some adequate action is performed on both aws and azure platforms
    Then the system responds in a efficiently few way
",676,1,1,1,0,0.0,100.0,91.7,0.0,1.0,Low
"Feature: The System To Correctly Support Automated Report Generation

  Scenario: The System To Correctly Support Automated Report Generation case 1
    Given the operator is in sufficient many starting state for automated report generation
    When usually correctly action is performed on automated report generation
    Then the system responds in a efficiently occasionally way
",382,1,1,1,1,73.3,100.0,83.3,0.0,0.0,Medium
"Feature: The System To Gracefully Recover Failures In The Search Indexing Pipeline

  Scenario: The System To Gracefully Recover Failures In The Search Indexing Pipeline case 1
    Then the system responds in a few properly way
",228,1,0,0,0,0.0,58.8,33.3,0.0,0.0,Low
"Feature: The System To Gracefully Recover Failures In Load Balancer Failover

  Scenario: The System To Gracefully Recover Failures In Load Balancer Failover case 1
    Given the customer is authenticated with role ""qa_verified"" and 32 matching records exist for load balancer failover
    When the user submits ""Load Balancer Failover"" with reference number ""9878"" and confirms the action

  Scenario: The System To Gracefully Recover Failures In Load Balancer Failover case 2
    Given the administrator is authenticated with role ""qa_verified"" and 242 matching records exist for load balancer failover
    When the user submits ""Load Balancer Failover"" with reference number ""4457"" and confirms the action

  Scenario: The System To Gracefully Recover Failures In Load Balancer Failover case 3
    Given the operator is authenticated with role ""qa_verified"" and 223 matching records exist for load balancer failover
    When the user submits ""Load Balancer Failover"" with reference number ""7553"" and confirms the action
",1023,0,1,1,1,92.0,0.0,75.0,100.0,0.0,Medium
"Feature: The System To Accurately Track Database Backup And Restore

  Scenario: The System To Accurately Track Database Backup And Restore case 1
    When the user submits ""Database Backup And Restore"" with reference number ""2253"" and confirms the action
",256,0,0,1,1,64.3,0.0,33.3,100.0,0.0,Low
"Feature: The System To Consistently Enforce Load Balancer Failover

  Scenario: The System To Consistently Enforce Load Balancer Failover case 1
",145,0,0,0,0,0.0,0.0,8.3,0.0,0.5,Low
"Feature: The System To Accurately Track Cross-Browser Rendering

  Scenario: The System To Accurately Track Cross-Browser Rendering case 1
    Given the operator is in efficiently easily starting state for cross-browser rendering
    When various some action is performed on cross-browser rendering
    Then the system responds in a easily efficiently way

  Scenario: The System To Accurately Track Cross-Browser Rendering case 2
    Given the API client is in efficiently etc starting state for cross-browser rendering
    When few certain action is performed on cross-browser rendering
    Then the system responds in a generally effectively way

  Scenario: The System To Accurately Track Cross-Browser Rendering case 3
    Given the customer is in adequate certain starting state for cross-browser rendering
    When some quickly action is performed on cross-browser rendering
    Then the system responds in a properly generally way
",939,1,1,1,1,92.6,100.0,100.0,0.0,1.0,Medium
"Feature: The System To Correctly Support Push Notification Delivery

  Scenario: The System To Correctly Support Push Notification Delivery case 1
    Given the operator is in properly occasionally starting state for push notification delivery
    When few many action is performed on push notification delivery
",312,0,1,1,1,71.4,100.0,58.3,0.0,0.0,Low
"Feature: The System To Gracefully Recover Failures In Third-Party Payment Providers

  Scenario: The System To Gracefully Recover Failures In Third-Party Payment Providers case 1
    Given the administrator is in sufficient normal starting state for third-party payment providers
    Then the system responds in a quickly efficiently way
",338,1,1,0,0,0.0,83.3,58.3,0.0,1.0,Low
"Feature: The System To Be Compatible With Data Encryption At Rest

  Scenario: The System To Be Compatible With Data Encryption At Rest case 1
    Given the API client is authenticated with role ""qa_verified"" and 215 matching records exist for data encryption at rest
    When the user submits ""Data Encryption At Rest"" with reference number ""7626"" and confirms the action
    Then the system returns status code 201 and ""Data Encryption At Rest"" is updated successfully

  Scenario: The System To Be Compatible With Data Encryption At Rest case 2
    Given the operator is authenticated with role ""qa_verified"" and 54 matching records exist for data encryption at rest
    When the user submits ""Data Encryption At Rest"" with reference number ""9106"" and confirms the action
    Then the system returns status code 201 and ""Data Encryption At Rest"" is updated successfully
",873,1,1,1,1,92.9,0.0,91.7,100.0,0.0,High
"Feature: The System To Accurately Track The Notification Preferences Center

  Scenario: The System To Accurately Track The Notification Preferences Center case 1
    Given the customer is authenticated with role ""qa_verified"" and 2 matching records exist for the notification preferences center
    When the user submits ""The Notification Preferences Center"" with reference number ""1710"" and confirms the action
    Then the system returns status code 204 and ""The Notification Preferences Center"" is updated successfully
",523,1,1,1,1,73.7,0.0,83.3,100.0,1.0,High
"Feature: The System To Securely Process The Search Indexing Pipeline

  Scenario: The System To Securely Process The Search Indexing Pipeline case 1
",149,0,0,0,0,0.0,0.0,8.3,0.0,0.5,Low
"Feature: The System To Securely Process Shipping Address Validation

  Scenario: The System To Securely Process Shipping Address Validation case 1
    Given the operator is authenticated with role ""qa_verified"" and 147 matching records exist for shipping address validation
    When the user submits ""Shipping Address Validation"" with reference number ""4752"" and confirms the action
    Then the system returns status code 200 and ""Shipping Address Validation"" is updated successfully

  Scenario: The System To Securely Process Shipping Address Validation case 2
    Given the customer is authenticated with role ""qa_verified"" and 142 matching records exist for shipping address validation
    When the user submits ""Shipping Address Validation"" with reference number ""5149"" and confirms the action
    Then the system returns status code 202 and ""Shipping Address Validation"" is updated successfully

  Scenario: The System To Securely Process Shipping Address Validation case 3
    Given the operator is authenticated with role ""qa_verified"" and 38 matching records exist for shipping address validation
    When the user submits ""Shipping Address Validation"" with reference number ""4313"" and confirms the action
    Then the system returns status code 202 and ""Shipping Address Validation"" is updated successfully
",1318,1,1,1,1,93.1,0.0,100.0,100.0,0.0,High
"Feature: The System Configured For Push Notification Delivery

  Scenario: The System Configured For Push Notification Delivery case 1
    Given the API client is in many several starting state for push notification delivery
    When quickly several action is performed on push notification delivery
    Then the system responds in a etc few way

  Scenario: The System Configured For Push Notification Delivery case 2
    Given the administrator is in various efficiently starting state for push notification delivery
    When effectively usual action is performed on push notification delivery
    Then the system responds in a various certain way
",650,1,1,1,1,70.6,100.0,91.7,0.0,0.0,Medium
"Feature: The System To Be Compatible With Push Notification Delivery

  Scenario: The System To Be Compatible With Push Notification Delivery case 1
",149,0,0,0,1,33.3,0.0,8.3,0.0,0.0,Low
"Feature: The System Configured For The Payment Gateway

  Scenario: The System Configured For The Payment Gateway case 1
    Given the user is authenticated with role ""qa_verified"" and 5 matching records exist for the payment gateway
    When the user submits ""The Payment Gateway"" with reference number ""2732"" and confirms the action
    Then the system returns status code 200 and ""The Payment Gateway"" is updated successfully

  Scenario: The System Configured For The Payment Gateway case 2
    Given the user is authenticated with role ""qa_verified"" and 79 matching records exist for the payment gateway
    When the user submits ""The Payment Gateway"" with reference number ""5065"" and confirms the action
    Then the system returns status code 200 and ""The Payment Gateway"" is updated successfully

  Scenario: The System Configured For The Payment Gateway case 3
    Given the administrator is authenticated with role ""qa_verified"" and 6 matching records exist for the payment gateway
    When the user submits ""The Payment Gateway"" with reference number ""504"" and confirms the action
    Then the system returns status code 200 and ""The Payment Gateway"" is updated successfully
",1186,1,1,1,1,92.3,0.0,100.0,100.0,1.0,High
"Feature: The System To Reliably Handle Order Fulfillment Tracking

  Scenario: The System To Reliably Handle Order Fulfillment Tracking case 1
    Given the customer is in most properly starting state for order fulfillment tracking
    When sufficient properly action is performed on order fulfillment tracking

  Scenario: The System To Reliably Handle Order Fulfillment Tracking case 2
    Given the API client is in efficiently many starting state for order fulfillment tracking
    When adequate many action is performed on order fulfillment tracking
",555,0,1,1,1,68.8,100.0,66.7,0.0,0.0,Low
"Feature: The System To Correctly Support Password Reset Emails

  Scenario: The System To Correctly Support Password Reset Emails case 1
    Then the system responds in a acceptable most way
",191,1,0,0,0,0.0,100.0,33.3,0.0,1.0,Low
"Feature: The System To Be Compatible With Password Reset Emails

  Scenario: The System To Be Compatible With Password Reset Emails case 1
    Given the customer is authenticated with role ""qa_verified"" and 117 matching records exist for password reset emails
    When the user submits ""Password Reset Emails"" with reference number ""1401"" and confirms the action
    Then the system returns status code 201 and ""Password Reset Emails"" is updated successfully

  Scenario: The System To Be Compatible With Password Reset Emails case 2
    Given the operator is authenticated with role ""qa_verified"" and 52 matching records exist for password reset emails
    When the user submits ""Password Reset Emails"" with reference number ""1634"" and confirms the action
    Then the system returns status code 200 and ""Password Reset Emails"" is updated successfully

  Scenario: The System To Be Compatible With Password Reset Emails case 3
    Given the operator is authenticated with role ""qa_verified"" and 31 matching records exist for password reset emails
    When the user submits ""Password Reset Emails"" with reference number ""5816"" and confirms the action
    Then the system returns status code 204 and ""Password Reset Emails"" is updated successfully
",1247,1,1,1,1,92.9,0.0,100.0,100.0,1.0,High
"Feature: The System To Accurately Track Bulk CSV Data Import

  Scenario: The System To Accurately Track Bulk CSV Data Import case 1
    Given the user is in generally certain starting state for bulk csv data import
    When sufficient some action is performed on bulk csv data import
    Then the system responds in a normal easily way

  Scenario: The System To Accurately Track Bulk CSV Data Import case 2
    Given the administrator is in reasonable most starting state for bulk csv data import
    When sufficient many action is performed on bulk csv data import
    Then the system responds in a normal occasionally way
",626,1,1,1,1,73.7,100.0,91.7,0.0,0.0,Medium
"Feature: The System To Gracefully Recover Failures In Both AWS And Azure Platforms

  Scenario: The System To Gracefully Recover Failures In Both AWS And Azure Platforms case 1
",177,0,0,0,0,0.0,0.0,8.3,0.0,1.0,Low
"Feature: The System To Properly Validate Multi-Factor Authentication

  Scenario: The System To Properly Validate Multi-Factor Authentication case 1
    Given the operator is authenticated with role ""qa_verified"" and 81 matching records exist for multi-factor authentication
    When the user submits ""Multi-Factor Authentication"" with reference number ""2098"" and confirms the action
    Then the system returns status code 202 and ""Multi-Factor Authentication"" is updated successfully

  Scenario: The System To Properly Validate Multi-Factor Authentication case 2
    Given the user is authenticated with role ""qa_verified"" and 217 matching records exist for multi-factor authentication
    When the user submits ""Multi-Factor Authentication"" with reference number ""8756"" and confirms the action
    Then the system returns status code 204 and ""Multi-Factor Authentication"" is updated successfully
",900,1,1,1,1,92.9,25.6,91.7,100.0,1.0,High
"Feature: The System To Consistently Enforce Offline Mode Data Sync

  Scenario: The System To Consistently Enforce Offline Mode Data Sync case 1
    Given the customer is authenticated with role ""qa_verified"" and 36 matching records exist for offline mode data sync
    When the user submits ""Offline Mode Data Sync"" with reference number ""6870"" and confirms the action
    Then the system returns status code 201 and ""Offline Mode Data Sync"" is updated successfully

  Scenario: The System To Consistently Enforce Offline Mode Data Sync case 2
    Given the operator is authenticated with role ""qa_verified"" and 163 matching records exist for offline mode data sync
    When the user submits ""Offline Mode Data Sync"" with reference number ""3720"" and confirms the action
    Then the system returns status code 200 and ""Offline Mode Data Sync"" is updated successfully
",868,1,1,1,1,75.0,0.0,91.7,100.0,0.5,High
"Feature: The System To Properly Validate Third-Party Payment Providers

  Scenario: The System To Properly Validate Third-Party Payment Providers case 1
    Given the administrator is in correctly generally starting state for third-party payment providers
    Then the system responds in a efficiently properly way
",315,1,1,0,1,44.4,100.0,58.3,0.0,0.5,Low
"Feature: The System To Consistently Enforce Push Notification Delivery

  Scenario: The System To Consistently Enforce Push Notification Delivery case 1
    Given the administrator is authenticated with role ""qa_verified"" and 128 matching records exist for push notification delivery
    When the user submits ""Push Notification Delivery"" with reference number ""1801"" and confirms the action
    Then the system returns status code 201 and ""Push Notification Delivery"" is updated successfully

  Scenario: The System To Consistently Enforce Push Notification Delivery case 2
    Given the customer is authenticated with role ""qa_verified"" and 160 matching records exist for push notification delivery
    When the user submits ""Push Notification Delivery"" with reference number ""2112"" and confirms the action
    Then the system returns status code 202 and ""Push Notification Delivery"" is updated successfully

  Scenario: The System To Consistently Enforce Push Notification Delivery case 3
    Given the operator is authenticated with role ""qa_verified"" and 32 matching records exist for push notification delivery
    When the user submits ""Push Notification Delivery"" with reference number ""620"" and confirms the action
    Then the system returns status code 201 and ""Push Notification Delivery"" is updated successfully
",1325,1,1,1,1,93.1,0.0,100.0,100.0,1.0,High
"Feature: The System To Consistently Enforce Third-Party Payment Providers

  Scenario: The System To Consistently Enforce Third-Party Payment Providers case 1
    Given the administrator is in appropriate certain starting state for third-party payment providers
    When quickly efficiently action is performed on third-party payment providers
    Then the system responds in a reasonable suitable way

  Scenario: The System To Consistently Enforce Third-Party Payment Providers case 2
    Given the operator is in sufficient correctly starting state for third-party payment providers
    When generally quickly action is performed on third-party payment providers
    Then the system responds in a various generally way
",722,1,1,1,1,73.7,100.0,91.7,0.0,1.0,Medium
"Feature: The System Configured For The Shopping Cart Checkout Flow

  Scenario: The System Configured For The Shopping Cart Checkout Flow case 1
",145,0,0,0,0,0.0,0.0,8.3,0.0,0.0,Low
"Feature: The System To Correctly Support Data Encryption At Rest

  Scenario: The System To Correctly Support Data Encryption At Rest case 1
    Given the user is authenticated with role ""qa_verified"" and 182 matching records exist for data encryption at rest
    When the user submits ""Data Encryption At Rest"" with reference number ""5896"" and confirms the action
    Then the system returns status code 204 and ""Data Encryption At Rest"" is updated successfully

  Scenario: The System To Correctly Support Data Encryption At Rest case 2
    Given the API client is authenticated with role ""qa_verified"" and 130 matching records exist for data encryption at rest
    When the user submits ""Data Encryption At Rest"" with reference number ""3147"" and confirms the action
    Then the system returns status code 201 and ""Data Encryption At Rest"" is updated successfully

  Scenario: The System To Correctly Support Data Encryption At Rest case 3
    Given the customer is authenticated with role ""qa_verified"" and 207 matching records exist for data encryption at rest
    When the user submits ""Data Encryption At Rest"" with reference number ""8905"" and confirms the action
    Then the system returns status code 204 and ""Data Encryption At Rest"" is updated successfully
",1269,1,1,1,1,96.4,21.6,100.0,100.0,1.0,High
"Feature: The System Configured For Automated Report Generation

  Scenario: The System Configured For Automated Report Generation case 1
    Given the API client is in acceptable some starting state for automated report generation
    When normal few action is performed on automated report generation
    Then the system responds in a effectively generally way
",362,1,1,1,1,68.8,100.0,83.3,0.0,1.0,Medium
"Feature: The System Configured For Inventory Stock Synchronization

  Scenario: The System Configured For Inventory Stock Synchronization case 1
    Given the customer is in many typical starting state for inventory stock synchronization
",238,0,1,0,0,0.0,66.7,33.3,0.0,0.5,Low
"Feature: The System To Correctly Support Role-Based Access Control

  Scenario: The System To Correctly Support Role-Based Access Control case 1
    Given the customer is authenticated with role ""qa_verified"" and 170 matching records exist for role-based access control
    When the user submits ""Role-Based Access Control"" with reference number ""8987"" and confirms the action

  Scenario: The System To Correctly Support Role-Based Access Control case 2
    Given the user is authenticated with role ""qa_verified"" and 181 matching records exist for role-based access control
    When the user submits ""Role-Based Access Control"" with reference number ""7720"" and confirms the action

  Scenario: The System To Correctly Support Role-Based Access Control case 3
    Given the user is authenticated with role ""qa_verified"" and 220 matching records exist for role-based access control
    When the user submits ""Role-Based Access Control"" with reference number ""6993"" and confirms the action
",989,0,1,1,1,95.5,28.2,75.0,100.0,1.0,Medium
"Feature: The System To Be Compatible With Multi-Factor Authentication

  Scenario: The System To Be Compatible With Multi-Factor Authentication case 1
    Given the administrator is authenticated with role ""qa_verified"" and 49 matching records exist for multi-factor authentication
    When the user submits ""Multi-Factor Authentication"" with reference number ""6805"" and confirms the action
    Then the system returns status code 200 and ""Multi-Factor Authentication"" is updated successfully

  Scenario: The System To Be Compatible With Multi-Factor Authentication case 2
    Given the API client is authenticated with role ""qa_verified"" and 113 matching records exist for multi-factor authentication
    When the user submits ""Multi-Factor Authentication"" with reference number ""7445"" and confirms the action
    Then the system returns status code 200 and ""Multi-Factor Authentication"" is updated successfully
",914,1,1,1,1,73.7,0.0,91.7,100.0,0.0,High
"Feature: The System To Securely Process The Product Catalog Search

  Scenario: The System To Securely Process The Product Catalog Search case 1
",145,0,0,0,0,0.0,0.0,8.3,0.0,0.5,Low
"Feature: The System To Correctly Support Windows Server

  Scenario: The System To Correctly Support Windows Server case 1
    Given the user is authenticated with role ""qa_verified"" and 115 matching records exist for windows server
    When the user submits ""Windows Server"" with reference number ""5307"" and confirms the action
    Then the system returns status code 200 and ""Windows Server"" is updated successfully

  Scenario: The System To Correctly Support Windows Server case 2
    Given the operator is authenticated with role ""qa_verified"" and 169 matching records exist for windows server
    When the user submits ""Windows Server"" with reference number ""707"" and confirms the action
    Then the system returns status code 204 and ""Windows Server"" is updated successfully
",783,1,1,1,1,96.2,27.8,91.7,100.0,1.0,High
"Feature: The System To Reliably Handle Session Timeout Handling

  Scenario: The System To Reliably Handle Session Timeout Handling case 1
    Given the administrator is in certain quickly starting state for session timeout handling
    When certain adequate action is performed on session timeout handling
    Then the system responds in a usual correctly way

  Scenario: The System To Reliably Handle Session Timeout Handling case 2
    Given the operator is in usually easily starting state for session timeout handling
    When usually usual action is performed on session timeout handling
    Then the system responds in a appropriate correctly way
",655,1,1,1,1,72.2,100.0,91.7,0.0,0.0,Medium
"Feature: The System To Accurately Track The Product Catalog Search

  Scenario: The System To Accurately Track The Product Catalog Search case 1
    When many usually action is performed on the product catalog search
",217,0,0,1,0,0.0,62.5,33.3,0.0,1.0,Low
"Feature: The System To Accurately Track Subscription Billing Cycles

  Scenario: The System To Accurately Track Subscription Billing Cycles case 1
    Given the operator is authenticated with role ""qa_verified"" and 138 matching records exist for subscription billing cycles
    When the user submits ""Subscription Billing Cycles"" with reference number ""3221"" and confirms the action
    Then the system returns status code 200 and ""Subscription Billing Cycles"" is updated successfully

  Scenario: The System To Accurately Track Subscription Billing Cycles case 2
    Given the user is authenticated with role ""qa_verified"" and 185 matching records exist for subscription billing cycles
    When the user submits ""Subscription Billing Cycles"" with reference number ""3771"" and confirms the action
    Then the system returns status code 204 and ""Subscription Billing Cycles"" is updated successfully

  Scenario: The System To Accurately Track Subscription Billing Cycles case 3
    Given the administrator is authenticated with role ""qa_verified"" and 230 matching records exist for subscription billing cycles
    When the user submits ""Subscription Billing Cycles"" with reference number ""9414"" and confirms the action
    Then the system returns status code 200 and ""Subscription Billing Cycles"" is updated successfully
",1320,1,1,1,1,93.3,0.0,100.0,100.0,1.0,High
"Feature: The System To Securely Process Load Balancer Failover

  Scenario: The System To Securely Process Load Balancer Failover case 1
    When properly some action is performed on load balancer failover
    Then the system responds in a effectively some way

  Scenario: The System To Securely Process Load Balancer Failover case 2
    When usual reasonable action is performed on load balancer failover
    Then the system responds in a usually various way
",461,1,0,1,1,66.7,100.0,66.7,0.0,1.0,Low
"Feature: The System To Correctly Support The Payment Gateway

  Scenario: The System To Correctly Support The Payment Gateway case 1
    When suitable certain action is performed on the payment gateway
",202,0,0,1,0,0.0,100.0,33.3,0.0,0.0,Low
"Feature: The System To Correctly Support Automated Report Generation

  Scenario: The System To Correctly Support Automated Report Generation case 1
    Given the customer is authenticated with role ""qa_verified"" and 84 matching records exist for automated report generation
    When the user submits ""Automated Report Generation"" with reference number ""1570"" and confirms the action
    Then the system returns status code 204 and ""Automated Report Generation"" is updated successfully

  Scenario: The System To Correctly Support Automated Report Generation case 2
    Given the customer is authenticated with role ""qa_verified"" and 170 matching records exist for automated report generation
    When the user submits ""Automated Report Generation"" with reference number ""7979"" and confirms the action
    Then the system returns status code 204 and ""Automated Report Generation"" is updated successfully
",904,1,1,1,1,96.4,25.6,91.7,100.0,1.0,High
"Feature: The System To Correctly Support Role-Based Access Control

  Scenario: The System To Correctly Support Role-Based Access Control case 1
    Given the administrator is authenticated with role ""qa_verified"" and 136 matching records exist for role-based access control
    When the user submits ""Role-Based Access Control"" with reference number ""1868"" and confirms the action
    Then the system returns status code 202 and ""Role-Based Access Control"" is updated successfully
",482,1,1,1,1,77.8,29.4,83.3,100.0,1.0,High
"Feature: The System To Reliably Handle Load Balancer Failover

  Scenario: The System To Reliably Handle Load Balancer Failover case 1
    Given the customer is in quickly usual starting state for load balancer failover
",220,0,1,0,0,0.0,62.5,33.3,0.0,1.0,Low
"Feature: The System To Gracefully Recover Failures In Database Backup And Restore

  Scenario: The System To Gracefully Recover Failures In Database Backup And Restore case 1
    Given the API client is authenticated with role ""qa_verified"" and 90 matching records exist for database backup and restore
    When the user submits ""Database Backup And Restore"" with reference number ""3272"" and confirms the action
    Then the system returns status code 200 and ""Database Backup And Restore"" is updated successfully

  Scenario: The System To Gracefully Recover Failures In Database Backup And Restore case 2
    Given the operator is authenticated with role ""qa_verified"" and 167 matching records exist for database backup and restore
    When the user submits ""Database Backup And Restore"" with reference number ""1749"" and confirms the action
    Then the system returns status code 204 and ""Database Backup And Restore"" is updated successfully

  Scenario: The System To Gracefully Recover Failures In Database Backup And Restore case 3
    Given the user is authenticated with role ""qa_verified"" and 149 matching records exist for database backup and restore
    When the user submits ""Database Backup And Restore"" with reference number ""1655"" and confirms the action
    Then the system returns status code 201 and ""Database Backup And Restore"" is updated successfully
",1372,1,1,1,0,0.0,0.0,100.0,100.0,1.0,High
"Feature: The System To Securely Process Multi-Factor Authentication

  Scenario: The System To Securely Process Multi-Factor Authentication case 1
    Given the user is authenticated with role ""qa_verified"" and 164 matching records exist for multi-factor authentication
    When the user submits ""Multi-Factor Authentication"" with reference number ""3692"" and confirms the action
    Then the system returns status code 202 and ""Multi-Factor Authentication"" is updated successfully

  Scenario: The System To Securely Process Multi-Factor Authentication case 2
    Given the operator is authenticated with role ""qa_verified"" and 60 matching records exist for multi-factor authentication
    When the user submits ""Multi-Factor Authentication"" with reference number ""6464"" and confirms the action
    Then the system returns status code 204 and ""Multi-Factor Authentication"" is updated successfully
",897,1,1,1,0,0.0,0.0,91.7,100.0,1.0,Medium
"Feature: The System To Accurately Track Inventory Stock Synchronization

  Scenario: The System To Accurately Track Inventory Stock Synchronization case 1
    Given the administrator is in correctly some starting state for inventory stock synchronization
    Then the system responds in a some efficiently way
",310,1,1,0,0,0.0,97.6,58.3,0.0,0.5,Low
"Feature: The System To Reliably Handle The Shopping Cart Checkout Flow

  Scenario: The System To Reliably Handle The Shopping Cart Checkout Flow case 1
    Given the user is authenticated with role ""qa_verified"" and 124 matching records exist for the shopping cart checkout flow
    When the user submits ""The Shopping Cart Checkout Flow"" with reference number ""2191"" and confirms the action
    Then the system returns status code 204 and ""The Shopping Cart Checkout Flow"" is updated successfully

  Scenario: The System To Reliably Handle The Shopping Cart Checkout Flow case 2
    Given the user is authenticated with role ""qa_verified"" and 193 matching records exist for the shopping cart checkout flow
    When the user submits ""The Shopping Cart Checkout Flow"" with reference number ""4459"" and confirms the action
    Then the system returns status code 200 and ""The Shopping Cart Checkout Flow"" is updated successfully

  Scenario: The System To Reliably Handle The Shopping Cart Checkout Flow case 3
    Given the customer is authenticated with role ""qa_verified"" and 114 matching records exist for the shopping cart checkout flow
    When the user submits ""The Shopping Cart Checkout Flow"" with reference number ""7715"" and confirms the action
    Then the system returns status code 202 and ""The Shopping Cart Checkout Flow"" is updated successfully
",1359,1,1,1,1,93.1,0.0,100.0,100.0,0.0,High
"Feature: The System To Properly Validate Order Fulfillment Tracking

  Scenario: The System To Properly Validate Order Fulfillment Tracking case 1
    Given the API client is in quickly sufficient starting state for order fulfillment tracking
    When efficiently properly action is performed on order fulfillment tracking
    Then the system responds in a suitable most way

  Scenario: The System To Properly Validate Order Fulfillment Tracking case 2
    Given the API client is in various appropriate starting state for order fulfillment tracking
    When quickly generally action is performed on order fulfillment tracking
    Then the system responds in a certain reasonable way
",685,1,1,1,1,70.6,100.0,91.7,0.0,0.0,Medium
"Feature: The System To Gracefully Recover Failures In Session Timeout Handling

  Scenario: The System To Gracefully Recover Failures In Session Timeout Handling case 1
    When acceptable typical action is performed on session timeout handling
    Then the system responds in a appropriate correctly way
",305,1,0,1,0,0.0,95.2,58.3,0.0,1.0,Low
"Feature: The System To Securely Process Inventory Stock Synchronization

  Scenario: The System To Securely Process Inventory Stock Synchronization case 1
    Given the customer is authenticated with role ""qa_verified"" and 92 matching records exist for inventory stock synchronization
    When the user submits ""Inventory Stock Synchronization"" with reference number ""4370"" and confirms the action
    Then the system returns status code 204 and ""Inventory Stock Synchronization"" is updated successfully

  Scenario: The System To Securely Process Inventory Stock Synchronization case 2
    Given the operator is authenticated with role ""qa_verified"" and 49 matching records exist for inventory stock synchronization
    When the user submits ""Inventory Stock Synchronization"" with reference number ""3076"" and confirms the action
    Then the system returns status code 204 and ""Inventory Stock Synchronization"" is updated successfully

  Scenario: The System To Securely Process Inventory Stock Synchronization case 3
    Given the operator is authenticated with role ""qa_verified"" and 21 matching records exist for inventory stock synchronization
    When the user submits ""Inventory Stock Synchronization"" with reference number ""8335"" and confirms the action
    Then the system returns status code 201 and ""Inventory Stock Synchronization"" is updated successfully
",1368,1,1,1,1,93.1,0.0,100.0,100.0,0.0,High
"Feature: The System To Properly Validate The Search Indexing Pipeline

  Scenario: The System To Properly Validate The Search Indexing Pipeline case 1
    Given the operator is in usual suitable starting state for the search indexing pipeline
    When appropriate reasonable action is performed on the search indexing pipeline
    Then the system responds in a usually certain way

  Scenario: The System To Properly Validate The Search Indexing Pipeline case 2
    Given the API client is in efficiently adequate starting state for the search indexing pipeline
    When several most action is performed on the search indexing pipeline
    Then the system responds in a occasionally etc way
",691,1,1,1,1,72.2,100.0,91.7,0.0,1.0,Medium
"Feature: The System To Accurately Track The Search Indexing Pipeline

  Scenario: The System To Accurately Track The Search Indexing Pipeline case 1
    Given the user is in various acceptable starting state for the search indexing pipeline
    When adequate generally action is performed on the search indexing pipeline
    Then the system responds in a effectively occasionally way
",384,1,1,1,0,0.0,100.0,83.3,0.0,1.0,Low
"Feature: The System To Gracefully Recover Failures In Role-Based Access Control

  Scenario: The System To Gracefully Recover Failures In Role-Based Access Control case 1
    Given the user is authenticated with role ""qa_verified"" and 166 matching records exist for role-based access control
    When the user submits ""Role-Based Access Control"" with reference number ""4167"" and confirms the action
    Then the system returns status code 204 and ""Role-Based Access Control"" is updated successfully

  Scenario: The System To Gracefully Recover Failures In Role-Based Access Control case 2
    Given the operator is authenticated with role ""qa_verified"" and 103 matching records exist for role-based access control
    When the user submits ""Role-Based Access Control"" with reference number ""8820"" and confirms the action
    Then the system returns status code 200 and ""Role-Based Access Control"" is updated successfully

  Scenario: The System To Gracefully Recover Failures In Role-Based Access Control case 3
    Given the user is authenticated with role ""qa_verified"" and 248 matching records exist for role-based access control
    When the user submits ""Role-Based Access Control"" with reference number ""5742"" and confirms the action
    Then the system returns status code 201 and ""Role-Based Access Control"" is updated successfully
",1341,1,1,1,1,93.1,0.0,100.0,100.0,0.0,High
"Feature: The System To Be Compatible With Two-Factor SMS Verification

  Scenario: The System To Be Compatible With Two-Factor SMS Verification case 1
    When the user submits ""Two-Factor SMS Verification"" with reference number ""3299"" and confirms the action

  Scenario: The System To Be Compatible With Two-Factor SMS Verification case 2
    When the user submits ""Two-Factor SMS Verification"" with reference number ""3479"" and confirms the action
",450,0,0,1,1,58.3,0.0,41.7,100.0,1.0,Low
"Feature: The System Configured For Load Balancer Failover

  Scenario: The System Configured For Load Balancer Failover case 1
",127,0,0,0,0,0.0,0.0,8.3,0.0,1.0,Low
"Feature: The System To Correctly Support Database Backup And Restore

  Scenario: The System To Correctly Support Database Backup And Restore case 1
    Given the administrator is authenticated with role ""qa_verified"" and 118 matching records exist for database backup and restore
    When the user submits ""Database Backup And Restore"" with reference number ""7935"" and confirms the action
    Then the system returns status code 201 and ""Database Backup And Restore"" is updated successfully

  Scenario: The System To Correctly Support Database Backup And Restore case 2
    Given the administrator is authenticated with role ""qa_verified"" and 67 matching records exist for database backup and restore
    When the user submits ""Database Backup And Restore"" with reference number ""6118"" and confirms the action
    Then the system returns status code 201 and ""Database Backup And Restore"" is updated successfully
",914,1,1,1,1,96.4,23.8,91.7,100.0,0.0,High
"Feature: The System To Consistently Enforce Shipping Address Validation

  Scenario: The System To Consistently Enforce Shipping Address Validation case 1
    Given the user is authenticated with role ""qa_verified"" and 57 matching records exist for shipping address validation
    When the user submits ""Shipping Address Validation"" with reference number ""4548"" and confirms the action
    Then the system returns status code 204 and ""Shipping Address Validation"" is updated successfully

  Scenario: The System To Consistently Enforce Shipping Address Validation case 2
    Given the administrator is authenticated with role ""qa_verified"" and 72 matching records exist for shipping address validation
    When the user submits ""Shipping Address Validation"" with reference number ""5513"" and confirms the action
    Then the system returns status code 200 and ""Shipping Address Validation"" is updated successfully
",913,1,1,1,1,72.2,0.0,91.7,100.0,0.0,High
"Feature: The System To Be Compatible With Subscription Billing Cycles

  Scenario: The System To Be Compatible With Subscription Billing Cycles case 1
",151,0,0,0,1,33.3,0.0,8.3,0.0,1.0,Low
"Feature: The System To Gracefully Recover Failures In Inventory Stock Synchronization

  Scenario: The System To Gracefully Recover Failures In Inventory Stock Synchronization case 1
    When the user submits ""Inventory Stock Synchronization"" with reference number ""9668"" and confirms the action
    Then the system returns status code 204 and ""Inventory Stock Synchronization"" is updated successfully

  Scenario: The System To Gracefully Recover Failures In Inventory Stock Synchronization case 2
    When the user submits ""Inventory Stock Synchronization"" with reference number ""8679"" and confirms the action
    Then the system returns status code 200 and ""Inventory Stock Synchronization"" is updated successfully
",718,1,0,1,1,90.9,0.0,66.7,100.0,1.0,High
"Feature: The System To Reliably Handle Checkout Tax Calculation

  Scenario: The System To Reliably Handle Checkout Tax Calculation case 1
    Given the API client is in normal correctly starting state for checkout tax calculation
    When reasonable typical action is performed on checkout tax calculation
    Then the system responds in a few usually way
",357,1,1,1,1,66.7,100.0,83.3,0.0,0.0,Medium
"Feature: The System To Properly Validate The Product Catalog Search

  Scenario: The System To Properly Validate The Product Catalog Search case 1
",147,0,0,0,0,0.0,95.2,8.3,0.0,0.5,Low
"Feature: The System To Consistently Enforce The Notification Preferences Center

  Scenario: The System To Consistently Enforce The Notification Preferences Center case 1
    Given the API client is authenticated with role ""qa_verified"" and 107 matching records exist for the notification preferences center
    When the user submits ""The Notification Preferences Center"" with reference number ""6467"" and confirms the action
    Then the system returns status code 201 and ""The Notification Preferences Center"" is updated successfully

  Scenario: The System To Consistently Enforce The Notification Preferences Center case 2
    Given the customer is authenticated with role ""qa_verified"" and 108 matching records exist for the notification preferences center
    When the user submits ""The Notification Preferences Center"" with reference number ""2727"" and confirms the action
    Then the system returns status code 201 and ""The Notification Preferences Center"" is updated successfully
",988,1,1,1,1,93.1,0.0,91.7,100.0,1.0,High
"Feature: The System Configured For Data Encryption At Rest

  Scenario: The System Configured For Data Encryption At Rest case 1
    Given the API client is in normal reasonable starting state for data encryption at rest
    When sufficient normal action is performed on data encryption at rest
    Then the system responds in a reasonable occasionally way
",357,1,1,1,1,66.7,100.0,83.3,0.0,1.0,Medium
"Feature: The System To Gracefully Recover Failures In Two-Factor SMS Verification

  Scenario: The System To Gracefully Recover Failures In Two-Factor SMS Verification case 1
    Given the customer is in several some starting state for two-factor sms verification
",264,0,1,0,0,0.0,51.3,33.3,0.0,1.0,Low
"Feature: The System To Accurately Track The Notification Preferences Center

  Scenario: The System To Accurately Track The Notification Preferences Center case 1
    Given the customer is authenticated with role ""qa_verified"" and 114 matching records exist for the notification preferences center
    When the user submits ""The Notification Preferences Center"" with reference number ""2167"" and confirms the action
    Then the system returns status code 204 and ""The Notification Preferences Center"" is updated successfully

  Scenario: The System To Accurately Track The Notification Preferences Center case 2
    Given the user is authenticated with role ""qa_verified"" and 56 matching records exist for the notification preferences center
    When the user submits ""The Notification Preferences Center"" with reference number ""4656"" and confirms the action
    Then the system returns status code 200 and ""The Notification Preferences Center"" is updated successfully
",969,1,1,1,1,92.9,0.0,91.7,100.0,0.0,High
"Feature: The System To Accurately Track Inventory Stock Synchronization

  Scenario: The System To Accurately Track Inventory Stock Synchronization case 1
    Given the administrator is in suitable several starting state for inventory stock synchronization
    When normal properly action is performed on inventory stock synchronization
    Then the system responds in a typical few way

  Scenario: The System To Accurately Track Inventory Stock Synchronization case 2
    Given the user is in effectively properly starting state for inventory stock synchronization
    When usually various action is performed on inventory stock synchronization
    Then the system responds in a sufficient normal way
",703,1,1,1,0,0.0,100.0,91.7,0.0,0.0,Low
"Feature: The System To Securely Process The Audit Logging Subsystem

  Scenario: The System To Securely Process The Audit Logging Subsystem case 1
    When quickly reasonable action is performed on the audit logging subsystem
",226,0,0,1,0,0.0,62.5,33.3,0.0,0.5,Low
"Feature: The System To Reliably Handle Password Reset Emails

  Scenario: The System To Reliably Handle Password Reset Emails case 1
    Given the API client is authenticated with role ""qa_verified"" and 143 matching records exist for password reset emails
    When the user submits ""Password Reset Emails"" with reference number ""2437"" and confirms the action
    Then the system returns status code 200 and ""Password Reset Emails"" is updated successfully

  Scenario: The System To Reliably Handle Password Reset Emails case 2
    Given the administrator is authenticated with role ""qa_verified"" and 87 matching records exist for password reset emails
    When the user submits ""Password Reset Emails"" with reference number ""93"" and confirms the action
    Then the system returns status code 200 and ""Password Reset Emails"" is updated successfully
",849,1,1,1,1,93.1,0.0,91.7,100.0,1.0,High
"Feature: The System To Securely Process The Shopping Cart Checkout Flow

  Scenario: The System To Securely Process The Shopping Cart Checkout Flow case 1
    Given the API client is authenticated with role ""qa_verified"" and 90 matching records exist for the shopping cart checkout flow
    Then the system returns status code 202 and ""The Shopping Cart Checkout Flow"" is updated successfully

  Scenario: The System To Securely Process The Shopping Cart Checkout Flow case 2
    Given the API client is authenticated with role ""qa_verified"" and 80 matching records exist for the shopping cart checkout flow
    Then the system returns status code 200 and ""The Shopping Cart Checkout Flow"" is updated successfully
",714,1,1,0,1,68.8,0.0,66.7,100.0,1.0,Medium
"Feature: The System To Be Compatible With Role-Based Access Control

  Scenario: The System To Be Compatible With Role-Based Access Control case 1
",147,0,0,0,0,0.0,0.0,8.3,0.0,0.5,Low
"Feature: The System To Reliably Handle The Notification Preferences Center

  Scenario: The System To Reliably Handle The Notification Preferences Center case 1
    Given the administrator is authenticated with role ""qa_verified"" and 183 matching records exist for the notification preferences center
    When the user submits ""The Notification Preferences Center"" with reference number ""5919"" and confirms the action
    Then the system returns status code 202 and ""The Notification Preferences Center"" is updated successfully

  Scenario: The System To Reliably Handle The Notification Preferences Center case 2
    Given the user is authenticated with role ""qa_verified"" and 29 matching records exist for the notification preferences center
    When the user submits ""The Notification Preferences Center"" with reference number ""75"" and confirms the action
    Then the system returns status code 204 and ""The Notification Preferences Center"" is updated successfully
",969,1,1,1,1,92.9,0.0,91.7,100.0,1.0,High
"Feature: The System To Consistently Enforce Third-Party Payment Providers

  Scenario: The System To Consistently Enforce Third-Party Payment Providers case 1
    Given the API client is in reasonable occasionally starting state for third-party payment providers
    Then the system responds in a normal properly way
",317,1,1,0,1,66.7,88.9,58.3,0.0,0.5,Low
"Feature: The System To Securely Process Password Reset Emails

  Scenario: The System To Securely Process Password Reset Emails case 1
    Given the operator is in correctly generally starting state for password reset emails
",225,0,1,0,0,0.0,62.5,33.3,0.0,1.0,Low
"Feature: The System To Accurately Track Bulk CSV Data Import

  Scenario: The System To Accurately Track Bulk CSV Data Import case 1
    Given the administrator is authenticated with role ""qa_verified"" and 204 matching records exist for bulk csv data import
    When the user submits ""Bulk CSV Data Import"" with reference number ""4122"" and confirms the action
    Then the system returns status code 200 and ""Bulk CSV Data Import"" is updated successfully

  Scenario: The System To Accurately Track Bulk CSV Data Import case 2
    Given the customer is authenticated with role ""qa_verified"" and 209 matching records exist for bulk csv data import
    When the user submits ""Bulk CSV Data Import"" with reference number ""3436"" and confirms the action
    Then the system returns status code 201 and ""Bulk CSV Data Import"" is updated successfully

  Scenario: The System To Accurately Track Bulk CSV Data Import case 3
    Given the administrator is authenticated with role ""qa_verified"" and 31 matching records exist for bulk csv data import
    When the user submits ""Bulk CSV Data Import"" with reference number ""9947"" and confirms the action
    Then the system returns status code 200 and ""Bulk CSV Data Import"" is updated successfully
",1237,1,1,1,1,93.3,0.0,100.0,100.0,0.0,High
"Feature: The System To Securely Process Single Sign-On Federation

  Scenario: The System To Securely Process Single Sign-On Federation case 1
    Given the administrator is in normal sufficient starting state for single sign-on federation
    When occasionally adequate action is performed on single sign-on federation
    Then the system responds in a certain generally way
",376,1,1,1,0,0.0,100.0,83.3,0.0,0.5,Low
"Feature: The System Configured For Role-Based Access Control

  Scenario: The System Configured For Role-Based Access Control case 1
    Given the operator is in normal most starting state for role-based access control
",219,0,1,0,1,44.4,60.6,33.3,0.0,0.0,Low
"Feature: The System To Securely Process The Notification Preferences Center

  Scenario: The System To Securely Process The Notification Preferences Center case 1
    Given the administrator is authenticated with role ""qa_verified"" and 27 matching records exist for the notification preferences center
    When the user submits ""The Notification Preferences Center"" with reference number ""628"" and confirms the action
    Then the system returns status code 201 and ""The Notification Preferences Center"" is updated successfully

  Scenario: The System To Securely Process The Notification Preferences Center case 2
    Given the user is authenticated with role ""qa_verified"" and 106 matching records exist for the notification preferences center
    When the user submits ""The Notification Preferences Center"" with reference number ""3247"" and confirms the action
    Then the system returns status code 202 and ""The Notification Preferences Center"" is updated successfully

  Scenario: The System To Securely Process The Notification Preferences Center case 3
    Given the API client is authenticated with role ""qa_verified"" and 78 matching records exist for the notification preferences center
    When the user submits ""The Notification Preferences Center"" with reference number ""4552"" and confirms the action
    Then the system returns status code 200 and ""The Notification Preferences Center"" is updated successfully
",1423,1,1,1,0,0.0,0.0,100.0,100.0,0.5,High
"Feature: The System To Correctly Support Automated Report Generation

  Scenario: The System To Correctly Support Automated Report Generation case 1
    Given the administrator is authenticated with role ""qa_verified"" and 187 matching records exist for automated report generation
    When the user submits ""Automated Report Generation"" with reference number ""2493"" and confirms the action
    Then the system returns status code 200 and ""Automated Report Generation"" is updated successfully
",492,1,1,1,1,78.9,31.7,83.3,100.0,0.5,High
"Feature: The System To Reliably Handle The Search Indexing Pipeline

  Scenario: The System To Reliably Handle The Search Indexing Pipeline case 1
    When occasionally certain action is performed on the search indexing pipeline
",229,0,0,1,0,0.0,62.5,33.3,0.0,0.0,Low
"Feature: The System To Correctly Support API Rate Limiting

  Scenario: The System To Correctly Support API Rate Limiting case 1
    Given the user is authenticated with role ""qa_verified"" and 75 matching records exist for api rate limiting
    When the user submits ""API Rate Limiting"" with reference number ""4591"" and confirms the action
    Then the system returns status code 201 and ""API Rate Limiting"" is updated successfully

  Scenario: The System To Correctly Support API Rate Limiting case 2
    Given the user is authenticated with role ""qa_verified"" and 160 matching records exist for api rate limiting
    When the user submits ""API Rate Limiting"" with reference number ""198"" and confirms the action
    Then the system returns status code 204 and ""API Rate Limiting"" is updated successfully

  Scenario: The System To Correctly Support API Rate Limiting case 3
    Given the user is authenticated with role ""qa_verified"" and 84 matching records exist for api rate limiting
    When the user submits ""API Rate Limiting"" with reference number ""9297"" and confirms the action
    Then the system returns status code 200 and ""API Rate Limiting"" is updated successfully
",1178,1,1,1,1,96.2,23.4,100.0,100.0,1.0,High
"Feature: The System Configured For Offline Mode Data Sync

  Scenario: The System Configured For Offline Mode Data Sync case 1
    Given the API client is in several properly starting state for offline mode data sync
    When few appropriate action is performed on offline mode data sync
    Then the system responds in a generally quickly way

  Scenario: The System Configured For Offline Mode Data Sync case 2
    Given the administrator is in various certain starting state for offline mode data sync
    When appropriate efficiently action is performed on offline mode data sync
    Then the system responds in a various effectively way
",642,1,1,1,1,70.6,100.0,91.7,0.0,0.5,Medium
"Feature: The System To Accurately Track API Rate Limiting

  Scenario: The System To Accurately Track API Rate Limiting case 1
",127,0,0,0,0,0.0,0.0,8.3,0.0,0.5,Low
"Feature: The System To Securely Process The Notification Preferences Center

  Scenario: The System To Securely Process The Notification Preferences Center case 1
    Given the API client is authenticated with role ""qa_verified"" and 232 matching records exist for the notification preferences center
    When the user submits ""The Notification Preferences Center"" with reference number ""7196"" and confirms the action
    Then the system returns status code 202 and ""The Notification Preferences Center"" is updated successfully

  Scenario: The System To Securely Process The Notification Preferences Center case 2
    Given the user is authenticated with role ""qa_verified"" and 142 matching records exist for the notification preferences center
    When the user submits ""The Notification Preferences Center"" with reference number ""7313"" and confirms the action
    Then the system returns status code 204 and ""The Notification Preferences Center"" is updated successfully

  Scenario: The System To Securely Process The Notification Preferences Center case 3
    Given the operator is authenticated with role ""qa_verified"" and 83 matching records exist for the notification preferences center
    When the user submits ""The Notification Preferences Center"" with reference number ""3027"" and confirms the action
    Then the system returns status code 204 and ""The Notification Preferences Center"" is updated successfully
",1420,1,1,1,1,93.1,0.0,100.0,100.0,0.0,High
"Feature: The System To Reliably Handle The Search Indexing Pipeline

  Scenario: The System To Reliably Handle The Search Indexing Pipeline case 1
    Given the user is authenticated with role ""qa_verified"" and 239 matching records exist for the search indexing pipeline
    Then the system returns status code 201 and ""The Search Indexing Pipeline"" is updated successfully

  Scenario: The System To Reliably Handle The Search Indexing Pipeline case 2
    Given the administrator is authenticated with role ""qa_verified"" and 107 matching records exist for the search indexing pipeline
    Then the system returns status code 204 and ""The Search Indexing Pipeline"" is updated successfully
",689,1,1,0,1,68.8,0.0,66.7,100.0,0.5,Medium
"Feature: The System To Gracefully Recover Failures In Data Encryption At Rest

  Scenario: The System To Gracefully Recover Failures In Data Encryption At Rest case 1
    Then the system responds in a correctly many way
",220,1,0,0,0,0.0,58.8,33.3,0.0,0.0,Low
"Feature: The System To Properly Validate Order Fulfillment Tracking

  Scenario: The System To Properly Validate Order Fulfillment Tracking case 1
    Given the customer is authenticated with role ""qa_verified"" and 217 matching records exist for order fulfillment tracking
    When the user submits ""Order Fulfillment Tracking"" with reference number ""7086"" and confirms the action
    Then the system returns status code 202 and ""Order Fulfillment Tracking"" is updated successfully

  Scenario: The System To Properly Validate Order Fulfillment Tracking case 2
    Given the operator is authenticated with role ""qa_verified"" and 75 matching records exist for order fulfillment tracking
    When the user submits ""Order Fulfillment Tracking"" with reference number ""3768"" and confirms the action
    Then the system returns status code 200 and ""Order Fulfillment Tracking"" is updated successfully

  Scenario: The System To Properly Validate Order Fulfillment Tracking case 3
    Given the customer is authenticated with role ""qa_verified"" and 181 matching records exist for order fulfillment tracking
    When the user submits ""Order Fulfillment Tracking"" with reference number ""7513"" and confirms the action
    Then the system returns status code 202 and ""Order Fulfillment Tracking"" is updated successfully
",1309,1,1,1,1,93.1,23.4,100.0,100.0,0.0,High
"Feature: The System To Be Compatible With The Search Indexing Pipeline

  Scenario: The System To Be Compatible With The Search Indexing Pipeline case 1
    When the user submits ""The Search Indexing Pipeline"" with reference number ""6501"" and confirms the action
    Then the system returns status code 202 and ""The Search Indexing Pipeline"" is updated successfully
",366,1,0,1,1,68.8,0.0,58.3,100.0,0.0,Medium
"Feature: The System To Consistently Enforce Data Encryption At Rest

  Scenario: The System To Consistently Enforce Data Encryption At Rest case 1
",147,0,0,0,0,0.0,0.0,8.3,0.0,1.0,Low
"Feature: The System To Properly Validate API Rate Limiting

  Scenario: The System To Properly Validate API Rate Limiting case 1
    Given the customer is authenticated with role ""qa_verified"" and 38 matching records exist for api rate limiting
    When the user submits ""API Rate Limiting"" with reference number ""1211"" and confirms the action
    Then the system returns status code 202 and ""API Rate Limiting"" is updated successfully

  Scenario: The System To Properly Validate API Rate Limiting case 2
    Given the administrator is authenticated with role ""qa_verified"" and 182 matching records exist for api rate limiting
    When the user submits ""API Rate Limiting"" with reference number ""5061"" and confirms the action
    Then the system returns status code 201 and ""API Rate Limiting"" is updated successfully

  Scenario: The System To Properly Validate API Rate Limiting case 3
    Given the user is authenticated with role ""qa_verified"" and 42 matching records exist for api rate limiting
    When the user submits ""API Rate Limiting"" with reference number ""7557"" and confirms the action
    Then the system returns status code 200 and ""API Rate Limiting"" is updated successfully
",1192,1,1,1,1,92.9,23.4,100.0,100.0,1.0,High
"Feature: The System To Securely Process Windows Server

  Scenario: The System To Securely Process Windows Server case 1
    Given the API client is in most sufficient starting state for windows server
    When adequate usually action is performed on windows server
    Then the system responds in a adequate certain way
",321,1,1,1,0,0.0,100.0,83.3,0.0,0.0,Low
"Feature: The System To Be Compatible With Order Fulfillment Tracking

  Scenario: The System To Be Compatible With Order Fulfillment Tracking case 1
",149,0,0,0,0,0.0,0.0,8.3,0.0,0.0,Low
"Feature: The System To Be Compatible With Windows Server

  Scenario: The System To Be Compatible With Windows Server case 1
    Given the API client is authenticated with role ""qa_verified"" and 45 matching records exist for windows server
    When the user submits ""Windows Server"" with reference number ""1783"" and confirms the action
    Then the system returns status code 200 and ""Windows Server"" is updated successfully

  Scenario: The System To Be Compatible With Windows Server case 2
    Given the customer is authenticated with role ""qa_verified"" and 109 matching records exist for windows server
    When the user submits ""Windows Server"" with reference number ""1919"" and confirms the action
    Then the system returns status code 200 and ""Windows Server"" is updated successfully

  Scenario: The System To Be Compatible With Windows Server case 3
    Given the user is authenticated with role ""qa_verified"" and 160 matching records exist for windows server
    When the user submits ""Windows Server"" with reference number ""6852"" and confirms the action
    Then the system returns status code 202 and ""Windows Server"" is updated successfully
",1155,1,1,1,1,92.9,0.0,100.0,100.0,1.0,High
"Feature: The System To Be Compatible With Bulk CSV Data Import

  Scenario: The System To Be Compatible With Bulk CSV Data Import case 1
    Then the system responds in a properly generally way
",194,1,0,0,1,58.3,62.5,33.3,0.0,1.0,Low
"Feature: The System To Accurately Track Cross-Browser Rendering

  Scenario: The System To Accurately Track Cross-Browser Rendering case 1
    Given the API client is in acceptable few starting state for cross-browser rendering
",228,0,1,0,0,0.0,60.6,33.3,0.0,0.5,Low
"Feature: The System Configured For Subscription Billing Cycles

  Scenario: The System Configured For Subscription Billing Cycles case 1
    Given the user is authenticated with role ""qa_verified"" and 52 matching records exist for subscription billing cycles
    When the user submits ""Subscription Billing Cycles"" with reference number ""9810"" and confirms the action
    Then the system returns status code 202 and ""Subscription Billing Cycles"" is updated successfully

  Scenario: The System Configured For Subscription Billing Cycles case 2
    Given the user is authenticated with role ""qa_verified"" and 121 matching records exist for subscription billing cycles
    When the user submits ""Subscription Billing Cycles"" with reference number ""1928"" and confirms the action
    Then the system returns status code 201 and ""Subscription Billing Cycles"" is updated successfully
",878,1,1,1,1,92.6,0.0,91.7,100.0,1.0,High
"Feature: The System To Be Compatible With Mobile Responsive Layouts

  Scenario: The System To Be Compatible With Mobile Responsive Layouts case 1
    Given the customer is in reasonable some starting state for mobile responsive layouts
    When usual many action is performed on mobile responsive layouts

  Scenario: The System To Be Compatible With Mobile Responsive Layouts case 2
    Given the operator is in etc adequate starting state for mobile responsive layouts
    When correctly properly action is performed on mobile responsive layouts
",549,0,1,1,0,0.0,100.0,66.7,0.0,1.0,Low
"Feature: The System To Securely Process Customer Refund Workflows

  Scenario: The System To Securely Process Customer Refund Workflows case 1
    Given the administrator is in appropriate properly starting state for customer refund workflows
",243,0,1,0,0,0.0,62.5,33.3,0.0,1.0,Low
"Feature: The System Configured For Mobile Responsive Layouts

  Scenario: The System Configured For Mobile Responsive Layouts case 1
    Given the operator is authenticated with role ""qa_verified"" and 6 matching records exist for mobile responsive layouts
    When the user submits ""Mobile Responsive Layouts"" with reference number ""6850"" and confirms the action
    Then the system returns status code 202 and ""Mobile Responsive Layouts"" is updated successfully

  Scenario: The System Configured For Mobile Responsive Layouts case 2
    Given the administrator is authenticated with role ""qa_verified"" and 215 matching records exist for mobile responsive layouts
    When the user submits ""Mobile Responsive Layouts"" with reference number ""8488"" and confirms the action
    Then the system returns status code 201 and ""Mobile Responsive Layouts"" is updated successfully

  Scenario: The System Configured For Mobile Responsive Layouts case 3
    Given the user is authenticated with role ""qa_verified"" and 33 matching records exist for mobile responsive layouts
    When the user submits ""Mobile Responsive Layouts"" with reference number ""1074"" and confirms the action
    Then the system returns status code 204 and ""Mobile Responsive Layouts"" is updated successfully
",1271,1,1,1,1,92.9,0.0,100.0,100.0,0.0,High
"Feature: The System To Be Compatible With Third-Party Payment Providers

  Scenario: The System To Be Compatible With Third-Party Payment Providers case 1
    Given the operator is in many usual starting state for third-party payment providers
    When normal many action is performed on third-party payment providers
    Then the system responds in a various adequate way
",373,1,1,1,1,70.6,100.0,83.3,0.0,1.0,Medium
"Feature: The System To Securely Process The Notification Preferences Center

  Scenario: The System To Securely Process The Notification Preferences Center case 1
    When effectively properly action is performed on the notification preferences center
",252,0,0,1,1,33.3,62.5,33.3,0.0,0.5,Low
"Feature: The System To Properly Validate Inventory Stock Synchronization

  Scenario: The System To Properly Validate Inventory Stock Synchronization case 1
    Given the operator is authenticated with role ""qa_verified"" and 22 matching records exist for inventory stock synchronization
    When the user submits ""Inventory Stock Synchronization"" with reference number ""9908"" and confirms the action
    Then the system returns status code 201 and ""Inventory Stock Synchronization"" is updated successfully

  Scenario: The System To Properly Validate Inventory Stock Synchronization case 2
    Given the administrator is authenticated with role ""qa_verified"" and 47 matching records exist for inventory stock synchronization
    When the user submits ""Inventory Stock Synchronization"" with reference number ""9848"" and confirms the action
    Then the system returns status code 204 and ""Inventory Stock Synchronization"" is updated successfully

  Scenario: The System To Properly Validate Inventory Stock Synchronization case 3
    Given the user is authenticated with role ""qa_verified"" and 112 matching records exist for inventory stock synchronization
    When the user submits ""Inventory Stock Synchronization"" with reference number ""7334"" and confirms the action
    Then the system returns status code 202 and ""Inventory Stock Synchronization"" is updated successfully
",1374,1,1,1,1,93.1,23.4,100.0,100.0,1.0,High
"Feature: The System Configured For Role-Based Access Control

  Scenario: The System Configured For Role-Based Access Control case 1
    When the user submits ""Role-Based Access Control"" with reference number ""7471"" and confirms the action
    Then the system returns status code 202 and ""Role-Based Access Control"" is updated successfully

  Scenario: The System Configured For Role-Based Access Control case 2
    When the user submits ""Role-Based Access Control"" with reference number ""8539"" and confirms the action
    Then the system returns status code 201 and ""Role-Based Access Control"" is updated successfully
",619,1,0,1,1,66.7,0.0,66.7,100.0,0.0,Medium
"Feature: The System To Be Compatible With Both AWS And Azure Platforms

  Scenario: The System To Be Compatible With Both AWS And Azure Platforms case 1
",153,0,0,0,0,0.0,0.0,8.3,0.0,0.5,Low
"Feature: The System To Be Compatible With Shipping Address Validation

  Scenario: The System To Be Compatible With Shipping Address Validation case 1
    Given the operator is authenticated with role ""qa_verified"" and 172 matching records exist for shipping address validation
    When the user submits ""Shipping Address Validation"" with reference number ""6406"" and confirms the action

  Scenario: The System To Be Compatible With Shipping Address Validation case 2
    Given the user is authenticated with role ""qa_verified"" and 101 matching records exist for shipping address validation
    When the user submits ""Shipping Address Validation"" with reference number ""1983"" and confirms the action
",700,0,1,1,1,90.9,0.0,66.7,100.0,0.0,Medium
"Feature: The System To Accurately Track Shipping Address Validation

  Scenario: The System To Accurately Track Shipping Address Validation case 1
    When the user submits ""Shipping Address Validation"" with reference number ""649"" and confirms the action
    Then the system returns status code 204 and ""Shipping Address Validation"" is updated successfully

  Scenario: The System To Accurately Track Shipping Address Validation case 2
    When the user submits ""Shipping Address Validation"" with reference number ""1682"" and confirms the action
    Then the system returns status code 201 and ""Shipping Address Validation"" is updated successfully
",647,1,0,1,1,66.7,0.0,66.7,100.0,1.0,Medium
"Feature: The System Configured For Third-Party Payment Providers

  Scenario: The System Configured For Third-Party Payment Providers case 1
    Given the administrator is authenticated with role ""qa_verified"" and 87 matching records exist for third-party payment providers
",274,0,1,0,0,0.0,0.0,33.3,100.0,1.0,Low
"Feature: The System To Consistently Enforce Single Sign-On Federation

  Scenario: The System To Consistently Enforce Single Sign-On Federation case 1
    Given the user is authenticated with role ""qa_verified"" and 219 matching records exist for single sign-on federation
    When the user submits ""Single Sign-On Federation"" with reference number ""8417"" and confirms the action
    Then the system returns status code 200 and ""Single Sign-On Federation"" is updated successfully

  Scenario: The System To Consistently Enforce Single Sign-On Federation case 2
    Given the operator is authenticated with role ""qa_verified"" and 132 matching records exist for single sign-on federation
    When the user submits ""Single Sign-On Federation"" with reference number ""3219"" and confirms the action
    Then the system returns status code 200 and ""Single Sign-On Federation"" is updated successfully
",892,1,1,1,1,92.9,0.0,91.7,100.0,1.0,High
"Feature: The System To Consistently Enforce Shipping Address Validation

  Scenario: The System To Consistently Enforce Shipping Address Validation case 1
    Given the administrator is in typical generally starting state for shipping address validation
    Then the system responds in a properly reasonable way

  Scenario: The System To Consistently Enforce Shipping Address Validation case 2
    Given the customer is in occasionally quickly starting state for shipping address validation
    Then the system responds in a etc several way
",542,1,1,0,0,0.0,100.0,66.7,0.0,1.0,Low
"Feature: The System To Gracefully Recover Failures In The Search Indexing Pipeline

  Scenario: The System To Gracefully Recover Failures In The Search Indexing Pipeline case 1
    Given the customer is in most normal starting state for the search indexing pipeline
",266,0,1,0,0,0.0,51.3,33.3,0.0,1.0,Low
"Feature: The System To Accurately Track The Search Indexing Pipeline

  Scenario: The System To Accurately Track The Search Indexing Pipeline case 1
    Given the user is authenticated with role ""qa_verified"" and 45 matching records exist for the search indexing pipeline
    When the user submits ""The Search Indexing Pipeline"" with reference number ""4535"" and confirms the action
    Then the system returns status code 201 and ""The Search Indexing Pipeline"" is updated successfully

  Scenario: The System To Accurately Track The Search Indexing Pipeline case 2
    Given the API client is authenticated with role ""qa_verified"" and 41 matching records exist for the search indexing pipeline
    When the user submits ""The Search Indexing Pipeline"" with reference number ""4736"" and confirms the action
    Then the system returns status code 202 and ""The Search Indexing Pipeline"" is updated successfully
",907,1,1,1,1,92.9,0.0,91.7,100.0,1.0,High
"Feature: The System To Be Compatible With Third-Party Payment Providers

  Scenario: The System To Be Compatible With Third-Party Payment Providers case 1
    Given the operator is in effectively most starting state for third-party payment providers
    When acceptable occasionally action is performed on third-party payment providers
    Then the system responds in a quickly several way
",390,1,1,1,1,68.8,100.0,83.3,0.0,0.5,Medium
"Feature: The System To Properly Validate Load Balancer Failover

  Scenario: The System To Properly Validate Load Balancer Failover case 1
    When the user submits ""Load Balancer Failover"" with reference number ""9607"" and confirms the action
",243,0,0,1,0,0.0,60.6,33.3,100.0,0.0,Low
"Feature: The System To Be Compatible With The Search Indexing Pipeline

  Scenario: The System To Be Compatible With The Search Indexing Pipeline case 1
    Given the user is authenticated with role ""qa_verified"" and 210 matching records exist for the search indexing pipeline
    When the user submits ""The Search Indexing Pipeline"" with reference number ""4475"" and confirms the action
    Then the system returns status code 202 and ""The Search Indexing Pipeline"" is updated successfully

  Scenario: The System To Be Compatible With The Search Indexing Pipeline case 2
    Given the operator is authenticated with role ""qa_verified"" and 17 matching records exist for the search indexing pipeline
    When the user submits ""The Search Indexing Pipeline"" with reference number ""2059"" and confirms the action
    Then the system returns status code 204 and ""The Search Indexing Pipeline"" is updated successfully

  Scenario: The System To Be Compatible With The Search Indexing Pipeline case 3
    Given the API client is authenticated with role ""qa_verified"" and 8 matching records exist for the search indexing pipeline
    When the user submits ""The Search Indexing Pipeline"" with reference number ""7028"" and confirms the action
    Then the system returns status code 200 and ""The Search Indexing Pipeline"" is updated successfully
",1335,1,1,1,1,92.9,0.0,100.0,100.0,0.0,High
"Feature: The System Configured For Order Fulfillment Tracking

  Scenario: The System Configured For Order Fulfillment Tracking case 1
    Given the operator is in properly efficiently starting state for order fulfillment tracking
    Then the system responds in a effectively appropriate way

  Scenario: The System Configured For Order Fulfillment Tracking case 2
    Given the API client is in acceptable effectively starting state for order fulfillment tracking
    Then the system responds in a few quickly way
",516,1,1,0,0,0.0,100.0,66.7,0.0,0.0,Low
"Feature: The System To Securely Process Mobile Responsive Layouts

  Scenario: The System To Securely Process Mobile Responsive Layouts case 1
    When correctly adequate action is performed on mobile responsive layouts
    Then the system responds in a normal quickly way
",273,1,0,1,0,0.0,100.0,58.3,0.0,1.0,Low
"Feature: The System To Correctly Support Data Encryption At Rest

  Scenario: The System To Correctly Support Data Encryption At Rest case 1
    Given the API client is authenticated with role ""qa_verified"" and 23 matching records exist for data encryption at rest
    When the user submits ""Data Encryption At Rest"" with reference number ""753"" and confirms the action
    Then the system returns status code 201 and ""Data Encryption At Rest"" is updated successfully

  Scenario: The System To Correctly Support Data Encryption At Rest case 2
    Given the customer is authenticated with role ""qa_verified"" and 79 matching records exist for data encryption at rest
    When the user submits ""Data Encryption At Rest"" with reference number ""3089"" and confirms the action
    Then the system returns status code 204 and ""Data Encryption At Rest"" is updated successfully

  Scenario: The System To Correctly Support Data Encryption At Rest case 3
    Given the user is authenticated with role ""qa_verified"" and 21 matching records exist for data encryption at rest
    When the user submits ""Data Encryption At Rest"" with reference number ""1556"" and confirms the action
    Then the system returns status code 204 and ""Data Encryption At Rest"" is updated successfully
",1265,1,1,1,1,96.4,21.6,100.0,100.0,1.0,High
"Feature: The System To Accurately Track Mobile Responsive Layouts

  Scenario: The System To Accurately Track Mobile Responsive Layouts case 1
    Given the operator is authenticated with role ""qa_verified"" and 121 matching records exist for mobile responsive layouts
    When the user submits ""Mobile Responsive Layouts"" with reference number ""6461"" and confirms the action

  Scenario: The System To Accurately Track Mobile Responsive Layouts case 2
    Given the user is authenticated with role ""qa_verified"" and 121 matching records exist for mobile responsive layouts
    When the user submits ""Mobile Responsive Layouts"" with reference number ""6877"" and confirms the action
",680,0,1,1,0,0.0,0.0,66.7,100.0,0.5,Low
"Feature: The System To Consistently Enforce Subscription Billing Cycles

  Scenario: The System To Consistently Enforce Subscription Billing Cycles case 1
",155,0,0,0,0,0.0,0.0,8.3,0.0,0.0,Low
"Feature: The System To Be Compatible With The Payment Gateway

  Scenario: The System To Be Compatible With The Payment Gateway case 1
    Given the customer is authenticated with role ""qa_verified"" and 245 matching records exist for the payment gateway
    When the user submits ""The Payment Gateway"" with reference number ""8540"" and confirms the action
    Then the system returns status code 201 and ""The Payment Gateway"" is updated successfully

  Scenario: The System To Be Compatible With The Payment Gateway case 2
    Given the customer is authenticated with role ""qa_verified"" and 25 matching records exist for the payment gateway
    When the user submits ""The Payment Gateway"" with reference number ""8571"" and confirms the action
    Then the system returns status code 201 and ""The Payment Gateway"" is updated successfully

  Scenario: The System To Be Compatible With The Payment Gateway case 3
    Given the customer is authenticated with role ""qa_verified"" and 242 matching records exist for the payment gateway
    When the user submits ""The Payment Gateway"" with reference number ""7031"" and confirms the action
    Then the system returns status code 204 and ""The Payment Gateway"" is updated successfully
",1222,1,1,1,1,92.3,0.0,100.0,100.0,0.5,High
"Feature: The System To Properly Validate The Notification Preferences Center

  Scenario: The System To Properly Validate The Notification Preferences Center case 1
    Given the API client is in some acceptable starting state for the notification preferences center
    When some suitable action is performed on the notification preferences center
    Then the system responds in a normal some way
",399,1,1,1,1,66.7,100.0,83.3,0.0,1.0,Medium
"Feature: The System To Correctly Support Database Backup And Restore

  Scenario: The System To Correctly Support Database Backup And Restore case 1
",149,0,0,0,0,0.0,95.2,8.3,0.0,1.0,Low
"Feature: The System To Securely Process Database Backup And Restore

  Scenario: The System To Securely Process Database Backup And Restore case 1
    Given the operator is in certain normal starting state for database backup and restore
    When reasonable properly action is performed on database backup and restore
    Then the system responds in a adequate typical way

  Scenario: The System To Securely Process Database Backup And Restore case 2
    Given the operator is in correctly adequate starting state for database backup and restore
    When acceptable certain action is performed on database backup and restore
    Then the system responds in a quickly appropriate way
",684,1,1,1,1,92.3,100.0,91.7,0.0,1.0,Medium
"Feature: The System To Accurately Track Single Sign-On Federation

  Scenario: The System To Accurately Track Single Sign-On Federation case 1
    Given the user is in few most starting state for single sign-on federation
    When effectively easily action is performed on single sign-on federation
    Then the system responds in a generally normal way

  Scenario: The System To Accurately Track Single Sign-On Federation case 2
    Given the customer is in many generally starting state for single sign-on federation
    When certain normal action is performed on single sign-on federation
    Then the system responds in a acceptable many way
",647,1,1,1,1,72.2,100.0,91.7,0.0,1.0,Medium
"Feature: The System Configured For Two-Factor SMS Verification

  Scenario: The System Configured For Two-Factor SMS Verification case 1
    Given the user is in quickly reasonable starting state for two-factor sms verification
",228,0,1,0,0,0.0,60.6,33.3,0.0,0.5,Low
"Feature: The System To Gracefully Recover Failures In Checkout Tax Calculation

  Scenario: The System To Gracefully Recover Failures In Checkout Tax Calculation case 1
    Given the operator is authenticated with role ""qa_verified"" and 106 matching records exist for checkout tax calculation
    When the user submits ""Checkout Tax Calculation"" with reference number ""2099"" and confirms the action
    Then the system returns status code 200 and ""Checkout Tax Calculation"" is updated successfully

  Scenario: The System To Gracefully Recover Failures In Checkout Tax Calculation case 2
    Given the API client is authenticated with role ""qa_verified"" and 113 matching records exist for checkout tax calculation
    When the user submits ""Checkout Tax Calculation"" with reference number ""5113"" and confirms the action
    Then the system returns status code 200 and ""Checkout Tax Calculation"" is updated successfully

  Scenario: The System To Gracefully Recover Failures In Checkout Tax Calculation case 3
    Given the administrator is authenticated with role ""qa_verified"" and 2 matching records exist for checkout tax calculation
    When the user submits ""Checkout Tax Calculation"" with reference number ""3025"" and confirms the action
    Then the system returns status code 204 and ""Checkout Tax Calculation"" is updated successfully
",1341,1,1,1,1,93.1,0.0,100.0,100.0,0.0,High
"Feature: The System Configured For Windows Server

  Scenario: The System Configured For Windows Server case 1
    Given the administrator is authenticated with role ""qa_verified"" and 35 matching records exist for windows server
    When the user submits ""Windows Server"" with reference number ""8784"" and confirms the action

  Scenario: The System Configured For Windows Server case 2
    Given the user is authenticated with role ""qa_verified"" and 134 matching records exist for windows server
    When the user submits ""Windows Server"" with reference number ""4859"" and confirms the action
",592,0,1,1,1,68.8,0.0,66.7,100.0,0.0,Medium
"Feature: The System To Be Compatible With API Rate Limiting

  Scenario: The System To Be Compatible With API Rate Limiting case 1
    Given the administrator is in several etc starting state for api rate limiting
    When occasionally correctly action is performed on api rate limiting
",287,0,1,1,0,0.0,90.9,58.3,0.0,1.0,Low
"Feature: The System To Correctly Support Subscription Billing Cycles

  Scenario: The System To Correctly Support Subscription Billing Cycles case 1
    Given the administrator is authenticated with role ""qa_verified"" and 58 matching records exist for subscription billing cycles
    When the user submits ""Subscription Billing Cycles"" with reference number ""4522"" and confirms the action
    Then the system returns status code 201 and ""Subscription Billing Cycles"" is updated successfully

  Scenario: The System To Correctly Support Subscription Billing Cycles case 2
    Given the API client is authenticated with role ""qa_verified"" and 116 matching records exist for subscription billing cycles
    When the user submits ""Subscription Billing Cycles"" with reference number ""9078"" and confirms the action
    Then the system returns status code 204 and ""Subscription Billing Cycles"" is updated successfully
",911,1,1,1,1,96.6,25.4,91.7,100.0,0.0,High
"Feature: The System To Securely Process Bulk CSV Data Import

  Scenario: The System To Securely Process Bulk CSV Data Import case 1
    Given the operator is in many certain starting state for bulk csv data import
    When adequate many action is performed on bulk csv data import
    Then the system responds in a many several way
",333,1,1,1,1,66.7,100.0,83.3,0.0,0.0,Medium
"Feature: The System To Gracefully Recover Failures In Push Notification Delivery

  Scenario: The System To Gracefully Recover Failures In Push Notification Delivery case 1
    Given the customer is in most easily starting state for push notification delivery
",260,0,1,0,0,0.0,55.6,33.3,0.0,0.5,Low
"Feature: The System To Reliably Handle Order Fulfillment Tracking

  Scenario: The System To Reliably Handle Order Fulfillment Tracking case 1
    Given the customer is in efficiently sufficient starting state for order fulfillment tracking
    Then the system responds in a some quickly way

  Scenario: The System To Reliably Handle Order Fulfillment Tracking case 2
    Given the API client is in suitable usually starting state for order fulfillment tracking
    Then the system responds in a usual most way
",512,1,1,0,1,90.9,100.0,66.7,0.0,1.0,Low
"Feature: The System To Securely Process Password Reset Emails

  Scenario: The System To Securely Process Password Reset Emails case 1
    Given the operator is in suitable some starting state for password reset emails
    When generally effectively action is performed on password reset emails
    Then the system responds in a many effectively way
",350,1,1,1,0,0.0,100.0,83.3,0.0,0.0,Low
"Feature: The System To Reliably Handle Load Balancer Failover

  Scenario: The System To Reliably Handle Load Balancer Failover case 1
",135,0,0,0,1,33.3,0.0,8.3,0.0,0.0,Low
"Feature: The System To Consistently Enforce Single Sign-On Federation

  Scenario: The System To Consistently Enforce Single Sign-On Federation case 1
    Given the operator is authenticated with role ""qa_verified"" and 27 matching records exist for single sign-on federation
    When the user submits ""Single Sign-On Federation"" with reference number ""7631"" and confirms the action
    Then the system returns status code 201 and ""Single Sign-On Federation"" is updated successfully

  Scenario: The System To Consistently Enforce Single Sign-On Federation case 2
    Given the API client is authenticated with role ""qa_verified"" and 195 matching records exist for single sign-on federation
    When the user submits ""Single Sign-On Federation"" with reference number ""2736"" and confirms the action
    Then the system returns status code 204 and ""Single Sign-On Federation"" is updated successfully

  Scenario: The System To Consistently Enforce Single Sign-On Federation case 3
    Given the API client is authenticated with role ""qa_verified"" and 88 matching records exist for single sign-on federation
    When the user submits ""Single Sign-On Federation"" with reference number ""3282"" and confirms the action
    Then the system returns status code 201 and ""Single Sign-On Federation"" is updated successfully
",1311,1,1,1,1,93.1,0.0,100.0,100.0,1.0,High
"Feature: The System To Accurately Track Data Encryption At Rest

  Scenario: The System To Accurately Track Data Encryption At Rest case 1
    When correctly various action is performed on data encryption at rest
    Then the system responds in a efficiently most way

  Scenario: The System To Accurately Track Data Encryption At Rest case 2
    When certain usual action is performed on data encryption at rest
    Then the system responds in a easily few way
",462,1,0,1,1,66.7,100.0,66.7,0.0,0.0,Low
"Feature: The System Configured For Database Backup And Restore

  Scenario: The System Configured For Database Backup And Restore case 1
",137,0,0,0,0,0.0,0.0,8.3,0.0,1.0,Low
"Feature: The System Configured For The Payment Gateway

  Scenario: The System Configured For The Payment Gateway case 1
    Given the customer is authenticated with role ""qa_verified"" and 132 matching records exist for the payment gateway
    When the user submits ""The Payment Gateway"" with reference number ""6948"" and confirms the action
    Then the system returns status code 202 and ""The Payment Gateway"" is updated successfully

  Scenario: The System Configured For The Payment Gateway case 2
    Given the API client is authenticated with role ""qa_verified"" and 196 matching records exist for the payment gateway
    When the user submits ""The Payment Gateway"" with reference number ""2596"" and confirms the action
    Then the system returns status code 200 and ""The Payment Gateway"" is updated successfully
",817,1,1,1,1,92.6,0.0,91.7,100.0,1.0,High
"Feature: The System To Correctly Support Two-Factor SMS Verification

  Scenario: The System To Correctly Support Two-Factor SMS Verification case 1
    Given the administrator is authenticated with role ""qa_verified"" and 230 matching records exist for two-factor sms verification
    When the user submits ""Two-Factor SMS Verification"" with reference number ""4908"" and confirms the action
    Then the system returns status code 201 and ""Two-Factor SMS Verification"" is updated successfully
",492,1,1,1,1,78.9,29.4,83.3,100.0,1.0,High
"Feature: The System To Consistently Enforce The Product Catalog Search

  Scenario: The System To Consistently Enforce The Product Catalog Search case 1
    Given the user is in many various starting state for the product catalog search
",237,0,1,0,0,0.0,57.1,33.3,0.0,0.5,Low
"Feature: The System To Gracefully Recover Failures In The Notification Preferences Center

  Scenario: The System To Gracefully Recover Failures In The Notification Preferences Center case 1
    Given the administrator is authenticated with role ""qa_verified"" and 164 matching records exist for the notification preferences center
    When the user submits ""The Notification Preferences Center"" with reference number ""6647"" and confirms the action

  Scenario: The System To Gracefully Recover Failures In The Notification Preferences Center case 2
    Given the administrator is authenticated with role ""qa_verified"" and 212 matching records exist for the notification preferences center
    When the user submits ""The Notification Preferences Center"" with reference number ""5802"" and confirms the action
",806,0,1,1,1,92.0,0.0,66.7,100.0,0.0,Medium
"Feature: The System To Securely Process Windows Server

  Scenario: The System To Securely Process Windows Server case 1
    When the user submits ""Windows Server"" with reference number ""6367"" and confirms the action
    Then the system returns status code 202 and ""Windows Server"" is updated successfully
",306,1,0,1,1,68.8,0.0,58.3,100.0,0.5,Medium
"Feature: The System To Correctly Support Two-Factor SMS Verification

  Scenario: The System To Correctly Support Two-Factor SMS Verification case 1
    When the user submits ""Two-Factor SMS Verification"" with reference number ""9457"" and confirms the action
    Then the system returns status code 202 and ""Two-Factor SMS Verification"" is updated successfully
",360,1,0,1,0,0.0,40.0,58.3,100.0,0.0,Low
"Feature: The System To Correctly Support The Notification Preferences Center

  Scenario: The System To Correctly Support The Notification Preferences Center case 1
    When the user submits ""The Notification Preferences Center"" with reference number ""8457"" and confirms the action
    Then the system returns status code 204 and ""The Notification Preferences Center"" is updated successfully

  Scenario: The System To Correctly Support The Notification Preferences Center case 2
    When the user submits ""The Notification Preferences Center"" with reference number ""356"" and confirms the action
    Then the system returns status code 200 and ""The Notification Preferences Center"" is updated successfully
",706,1,0,1,1,95.0,33.3,66.7,100.0,1.0,Medium
"Feature: The System To Reliably Handle The Payment Gateway

  Scenario: The System To Reliably Handle The Payment Gateway case 1
    Given the customer is in most quickly starting state for the payment gateway
    When usual several action is performed on the payment gateway
    Then the system responds in a reasonable acceptable way
",336,1,1,1,1,68.8,100.0,83.3,0.0,0.5,Medium
"Feature: The System To Be Compatible With User Profile Photo Uploads

  Scenario: The System To Be Compatible With User Profile Photo Uploads case 1
",149,0,0,0,0,0.0,0.0,8.3,0.0,0.5,Low
"Feature: The System To Accurately Track Shipping Address Validation

  Scenario: The System To Accurately Track Shipping Address Validation case 1
    Given the API client is authenticated with role ""qa_verified"" and 6 matching records exist for shipping address validation
    When the user submits ""Shipping Address Validation"" with reference number ""8461"" and confirms the action
    Then the system returns status code 200 and ""Shipping Address Validation"" is updated successfully

  Scenario: The System To Accurately Track Shipping Address Validation case 2
    Given the operator is authenticated with role ""qa_verified"" and 69 matching records exist for shipping address validation
    When the user submits ""Shipping Address Validation"" with reference number ""3790"" and confirms the action
    Then the system returns status code 200 and ""Shipping Address Validation"" is updated successfully
",901,1,1,1,1,93.1,0.0,91.7,100.0,0.0,High
"Feature: The System To Reliably Handle Subscription Billing Cycles

  Scenario: The System To Reliably Handle Subscription Billing Cycles case 1
    Given the operator is authenticated with role ""qa_verified"" and 162 matching records exist for subscription billing cycles
    When the user submits ""Subscription Billing Cycles"" with reference number ""5793"" and confirms the action
    Then the system returns status code 200 and ""Subscription Billing Cycles"" is updated successfully

  Scenario: The System To Reliably Handle Subscription Billing Cycles case 2
    Given the customer is authenticated with role ""qa_verified"" and 113 matching records exist for subscription billing cycles
    When the user submits ""Subscription Billing Cycles"" with reference number ""2629"" and confirms the action
    Then the system returns status code 201 and ""Subscription Billing Cycles"" is updated successfully
",899,1,1,1,1,75.0,0.0,91.7,100.0,1.0,High
"Feature: The System To Accurately Track Third-Party Payment Providers

  Scenario: The System To Accurately Track Third-Party Payment Providers case 1
    Given the administrator is in reasonable several starting state for third-party payment providers
    Then the system responds in a usually sufficient way
",310,1,1,0,1,44.4,90.9,58.3,0.0,0.5,Low
"Feature: The System To Reliably Handle Mobile Responsive Layouts

  Scenario: The System To Reliably Handle Mobile Responsive Layouts case 1
    Given the operator is authenticated with role ""qa_verified"" and 89 matching records exist for mobile responsive layouts
    When the user submits ""Mobile Responsive Layouts"" with reference number ""5579"" and confirms the action
    Then the system returns status code 201 and ""Mobile Responsive Layouts"" is updated successfully

  Scenario: The System To Reliably Handle Mobile Responsive Layouts case 2
    Given the API client is authenticated with role ""qa_verified"" and 148 matching records exist for mobile responsive layouts
    When the user submits ""Mobile Responsive Layouts"" with reference number ""4510"" and confirms the action
    Then the system returns status code 204 and ""Mobile Responsive Layouts"" is updated successfully

  Scenario: The System To Reliably Handle Mobile Responsive Layouts case 3
    Given the user is authenticated with role ""qa_verified"" and 49 matching records exist for mobile responsive layouts
    When the user submits ""Mobile Responsive Layouts"" with reference number ""8922"" and confirms the action
    Then the system returns status code 204 and ""Mobile Responsive Layouts"" is updated successfully
",1285,1,1,1,1,93.3,0.0,100.0,100.0,0.0,High
"Feature: The System To Securely Process Order Fulfillment Tracking

  Scenario: The System To Securely Process Order Fulfillment Tracking case 1
    Given the administrator is in generally few starting state for order fulfillment tracking
    When etc certain action is performed on order fulfillment tracking
    Then the system responds in a generally acceptable way
",369,1,1,1,1,66.7,100.0,83.3,0.0,1.0,Medium
"Feature: The System To Consistently Enforce The Payment Gateway

  Scenario: The System To Consistently Enforce The Payment Gateway case 1
",139,0,0,0,0,0.0,0.0,8.3,0.0,1.0,Low
"Feature: The System To Properly Validate Push Notification Delivery

  Scenario: The System To Properly Validate Push Notification Delivery case 1
    Given the customer is authenticated with role ""qa_verified"" and 74 matching records exist for push notification delivery
    When the user submits ""Push Notification Delivery"" with reference number ""8850"" and confirms the action
    Then the system returns status code 201 and ""Push Notification Delivery"" is updated successfully

  Scenario: The System To Properly Validate Push Notification Delivery case 2
    Given the API client is authenticated with role ""qa_verified"" and 224 matching records exist for push notification delivery
    When the user submits ""Push Notification Delivery"" with reference number ""2434"" and confirms the action
    Then the system returns status code 204 and ""Push Notification Delivery"" is updated successfully
",897,1,1,1,1,93.1,25.4,91.7,100.0,1.0,High
"Feature: The System To Gracefully Recover Failures In Multi-Factor Authentication

  Scenario: The System To Gracefully Recover Failures In Multi-Factor Authentication case 1
    Given the user is in many quickly starting state for multi-factor authentication
    When some reasonable action is performed on multi-factor authentication
    Then the system responds in a few suitable way
",387,1,1,1,1,68.8,100.0,83.3,0.0,0.0,Medium
"Feature: The System To Gracefully Recover Failures In Multi-Factor Authentication

  Scenario: The System To Gracefully Recover Failures In Multi-Factor Authentication case 1
    When appropriate usual action is performed on multi-factor authentication
    Then the system responds in a appropriate various way
",311,1,0,1,1,44.4,95.2,58.3,0.0,0.5,Low
"Feature: The System To Be Compatible With Order Fulfillment Tracking

  Scenario: The System To Be Compatible With Order Fulfillment Tracking case 1
    Given the customer is authenticated with role ""qa_verified"" and 243 matching records exist for order fulfillment tracking
    When the user submits ""Order Fulfillment Tracking"" with reference number ""2701"" and confirms the action
    Then the system returns status code 201 and ""Order Fulfillment Tracking"" is updated successfully

  Scenario: The System To Be Compatible With Order Fulfillment Tracking case 2
    Given the operator is authenticated with role ""qa_verified"" and 42 matching records exist for order fulfillment tracking
    When the user submits ""Order Fulfillment Tracking"" with reference number ""2612"" and confirms the action
    Then the system returns status code 200 and ""Order Fulfillment Tracking"" is updated successfully

  Scenario: The System To Be Compatible With Order Fulfillment Tracking case 3
    Given the administrator is authenticated with role ""qa_verified"" and 159 matching records exist for order fulfillment tracking
    When the user submits ""Order Fulfillment Tracking"" with reference number ""3482"" and confirms the action
    Then the system returns status code 204 and ""Order Fulfillment Tracking"" is updated successfully
",1318,1,1,1,1,93.1,0.0,100.0,100.0,1.0,High
"Feature: The System To Consistently Enforce Multi-Factor Authentication

  Scenario: The System To Consistently Enforce Multi-Factor Authentication case 1
    Given the API client is in quickly reasonable starting state for multi-factor authentication
    When reasonable normal action is performed on multi-factor authentication
    Then the system responds in a etc occasionally way
",385,1,1,1,1,68.8,100.0,83.3,0.0,0.0,Medium
"Feature: The System To Correctly Support Mobile Responsive Layouts

  Scenario: The System To Correctly Support Mobile Responsive Layouts case 1
    Given the user is in certain suitable starting state for mobile responsive layouts
    When occasionally acceptable action is performed on mobile responsive layouts
    Then the system responds in a properly normal way
",368,1,1,1,0,0.0,100.0,83.3,0.0,0.0,Low
"Feature: The System To Gracefully Recover Failures In Two-Factor SMS Verification

  Scenario: The System To Gracefully Recover Failures In Two-Factor SMS Verification case 1
    Given the operator is authenticated with role ""qa_verified"" and 202 matching records exist for two-factor sms verification
    When the user submits ""Two-Factor SMS Verification"" with reference number ""9872"" and confirms the action
    Then the system returns status code 202 and ""Two-Factor SMS Verification"" is updated successfully

  Scenario: The System To Gracefully Recover Failures In Two-Factor SMS Verification case 2
    Given the administrator is authenticated with role ""qa_verified"" and 110 matching records exist for two-factor sms verification
    When the user submits ""Two-Factor SMS Verification"" with reference number ""7470"" and confirms the action
    Then the system returns status code 200 and ""Two-Factor SMS Verification"" is updated successfully

  Scenario: The System To Gracefully Recover Failures In Two-Factor SMS Verification case 3
    Given the customer is authenticated with role ""qa_verified"" and 144 matching records exist for two-factor sms verification
    When the user submits ""Two-Factor SMS Verification"" with reference number ""6665"" and confirms the action
    Then the system returns status code 201 and ""Two-Factor SMS Verification"" is updated successfully
",1380,1,1,1,1,93.1,0.0,100.0,100.0,0.0,High
"Feature: The System To Gracefully Recover Failures In Both AWS And Azure Platforms

  Scenario: The System To Gracefully Recover Failures In Both AWS And Azure Platforms case 1
    Given the administrator is in usually reasonable starting state for both aws and azure platforms
    When occasionally most action is performed on both aws and azure platforms
    Then the system responds in a usually occasionally way

  Scenario: The System To Gracefully Recover Failures In Both AWS And Azure Platforms case 2
    Given the customer is in some typical starting state for both aws and azure platforms
    When usual several action is performed on both aws and azure platforms
    Then the system responds in a reasonable suitable way
",733,1,1,1,1,73.7,100.0,91.7,0.0,0.0,Medium
"Feature: The System To Securely Process Order Fulfillment Tracking

  Scenario: The System To Securely Process Order Fulfillment Tracking case 1
    Given the customer is in sufficient acceptable starting state for order fulfillment tracking
",242,0,1,0,1,44.4,62.5,33.3,0.0,1.0,Low
"Feature: The System To Be Compatible With Windows Server

  Scenario: The System To Be Compatible With Windows Server case 1
    Given the API client is authenticated with role ""qa_verified"" and 193 matching records exist for windows server
    When the user submits ""Windows Server"" with reference number ""7968"" and confirms the action
    Then the system returns status code 200 and ""Windows Server"" is updated successfully

  Scenario: The System To Be Compatible With Windows Server case 2
    Given the operator is authenticated with role ""qa_verified"" and 217 matching records exist for windows server
    When the user submits ""Windows Server"" with reference number ""7348"" and confirms the action
    Then the system returns status code 202 and ""Windows Server"" is updated successfully
",793,1,1,1,1,92.6,0.0,91.7,100.0,0.5,High
"Feature: The System To Reliably Handle Offline Mode Data Sync

  Scenario: The System To Reliably Handle Offline Mode Data Sync case 1
    Given the API client is authenticated with role ""qa_verified"" and 21 matching records exist for offline mode data sync
    When the user submits ""Offline Mode Data Sync"" with reference number ""2511"" and confirms the action
    Then the system returns status code 202 and ""Offline Mode Data Sync"" is updated successfully
",459,1,1,1,0,0.0,0.0,83.3,100.0,1.0,Medium
"Feature: The System To Securely Process Mobile Responsive Layouts

  Scenario: The System To Securely Process Mobile Responsive Layouts case 1
    Given the administrator is in correctly appropriate starting state for mobile responsive layouts
    When several effectively action is performed on mobile responsive layouts
",322,0,1,1,0,0.0,95.2,58.3,0.0,0.0,Low
"Feature: The System To Be Compatible With The Shopping Cart Checkout Flow

  Scenario: The System To Be Compatible With The Shopping Cart Checkout Flow case 1
    Given the administrator is authenticated with role ""qa_verified"" and 83 matching records exist for the shopping cart checkout flow

  Scenario: The System To Be Compatible With The Shopping Cart Checkout Flow case 2
    Given the administrator is authenticated with role ""qa_verified"" and 105 matching records exist for the shopping cart checkout flow
",515,0,1,0,1,88.2,0.0,41.7,100.0,1.0,Medium
"Feature: The System Configured For Multi-Factor Authentication

  Scenario: The System Configured For Multi-Factor Authentication case 1
    Given the API client is authenticated with role ""qa_verified"" and 236 matching records exist for multi-factor authentication
    Then the system returns status code 201 and ""Multi-Factor Authentication"" is updated successfully
",368,1,1,0,1,68.8,0.0,58.3,100.0,1.0,Medium
"Feature: The System To Accurately Track Single Sign-On Federation

  Scenario: The System To Accurately Track Single Sign-On Federation case 1
    When various properly action is performed on single sign-on federation
    Then the system responds in a few most way
",265,1,0,1,0,0.0,97.6,58.3,0.0,0.0,Low
"Feature: The System To Securely Process Bulk CSV Data Import

  Scenario: The System To Securely Process Bulk CSV Data Import case 1
    Given the customer is authenticated with role ""qa_verified"" and 4 matching records exist for bulk csv data import
    When the user submits ""Bulk CSV Data Import"" with reference number ""8367"" and confirms the action
    Then the system returns status code 201 and ""Bulk CSV Data Import"" is updated successfully

  Scenario: The System To Securely Process Bulk CSV Data Import case 2
    Given the operator is authenticated with role ""qa_verified"" and 65 matching records exist for bulk csv data import
    When the user submits ""Bulk CSV Data Import"" with reference number ""8287"" and confirms the action
    Then the system returns status code 202 and ""Bulk CSV Data Import"" is updated successfully

  Scenario: The System To Securely Process Bulk CSV Data Import case 3
    Given the operator is authenticated with role ""qa_verified"" and 17 matching records exist for bulk csv data import
    When the user submits ""Bulk CSV Data Import"" with reference number ""7973"" and confirms the action
    Then the system returns status code 201 and ""Bulk CSV Data Import"" is updated successfully
",1224,1,1,1,1,93.1,0.0,100.0,100.0,1.0,High
"Feature: The System To Consistently Enforce The Product Catalog Search

  Scenario: The System To Consistently Enforce The Product Catalog Search case 1
    Given the operator is in various certain starting state for the product catalog search
    When etc acceptable action is performed on the product catalog search
    Then the system responds in a occasionally quickly way
",377,1,1,1,1,68.8,100.0,83.3,0.0,0.5,Medium
"Feature: The System To Reliably Handle The Shopping Cart Checkout Flow

  Scenario: The System To Reliably Handle The Shopping Cart Checkout Flow case 1
",153,0,0,0,0,0.0,0.0,8.3,0.0,0.5,Low
"Feature: The System To Be Compatible With Third-Party Payment Providers

  Scenario: The System To Be Compatible With Third-Party Payment Providers case 1
    Given the API client is authenticated with role ""qa_verified"" and 66 matching records exist for third-party payment providers
    When the user submits ""Third-Party Payment Providers"" with reference number ""5453"" and confirms the action
    Then the system returns status code 200 and ""Third-Party Payment Providers"" is updated successfully

  Scenario: The System To Be Compatible With Third-Party Payment Providers case 2
    Given the customer is authenticated with role ""qa_verified"" and 48 matching records exist for third-party payment providers
    When the user submits ""Third-Party Payment Providers"" with reference number ""6494"" and confirms the action
    Then the system returns status code 204 and ""Third-Party Payment Providers"" is updated successfully
",926,1,1,1,1,93.1,0.0,91.7,100.0,0.0,High
"Feature: The System To Correctly Support Single Sign-On Federation

  Scenario: The System To Correctly Support Single Sign-On Federation case 1
    When the user submits ""Single Sign-On Federation"" with reference number ""3743"" and confirms the action
    Then the system returns status code 201 and ""Single Sign-On Federation"" is updated successfully
",352,1,0,1,1,73.3,40.0,58.3,100.0,0.0,Medium
"Feature: The System To Accurately Track Database Backup And Restore

  Scenario: The System To Accurately Track Database Backup And Restore case 1
    Given the operator is in correctly sufficient starting state for database backup and restore
    When efficiently usual action is performed on database backup and restore
",322,0,1,1,1,44.4,87.0,58.3,0.0,0.0,Low
"Feature: The System To Gracefully Recover Failures In Offline Mode Data Sync

  Scenario: The System To Gracefully Recover Failures In Offline Mode Data Sync case 1
    Given the API client is authenticated with role ""qa_verified"" and 128 matching records exist for offline mode data sync
    When the user submits ""Offline Mode Data Sync"" with reference number ""5139"" and confirms the action
    Then the system returns status code 201 and ""Offline Mode Data Sync"" is updated successfully

  Scenario: The System To Gracefully Recover Failures In Offline Mode Data Sync case 2
    Given the operator is authenticated with role ""qa_verified"" and 90 matching records exist for offline mode data sync
    When the user submits ""Offline Mode Data Sync"" with reference number ""6108"" and confirms the action
    Then the system returns status code 202 and ""Offline Mode Data Sync"" is updated successfully

  Scenario: The System To Gracefully Recover Failures In Offline Mode Data Sync case 3
    Given the API client is authenticated with role ""qa_verified"" and 153 matching records exist for offline mode data sync
    When the user submits ""Offline Mode Data Sync"" with reference number ""489"" and confirms the action
    Then the system returns status code 201 and ""Offline Mode Data Sync"" is updated successfully
",1312,1,1,1,1,93.3,0.0,100.0,100.0,0.0,High
"Feature: The System To Reliably Handle Order Fulfillment Tracking

  Scenario: The System To Reliably Handle Order Fulfillment Tracking case 1
    Given the operator is in usual correctly starting state for order fulfillment tracking
    When usually some action is performed on order fulfillment tracking
    Then the system responds in a etc occasionally way
",361,1,1,1,1,66.7,100.0,83.3,0.0,1.0,Medium
"Feature: The System To Be Compatible With Multi-Factor Authentication

  Scenario: The System To Be Compatible With Multi-Factor Authentication case 1
    Given the API client is in certain efficiently starting state for multi-factor authentication
",249,0,1,0,0,0.0,57.1,33.3,0.0,1.0,Low
"Feature: The System To Securely Process Cross-Browser Rendering

  Scenario: The System To Securely Process Cross-Browser Rendering case 1
    When the user submits ""Cross-Browser Rendering"" with reference number ""475"" and confirms the action
    Then the system returns status code 202 and ""Cross-Browser Rendering"" is updated successfully

  Scenario: The System To Securely Process Cross-Browser Rendering case 2
    When the user submits ""Cross-Browser Rendering"" with reference number ""369"" and confirms the action
    Then the system returns status code 201 and ""Cross-Browser Rendering"" is updated successfully
",618,1,0,1,1,90.5,0.0,66.7,100.0,1.0,High
"Feature: The System To Reliably Handle Inventory Stock Synchronization

  Scenario: The System To Reliably Handle Inventory Stock Synchronization case 1
    Given the customer is authenticated with role ""qa_verified"" and 120 matching records exist for inventory stock synchronization
    When the user submits ""Inventory Stock Synchronization"" with reference number ""5628"" and confirms the action
    Then the system returns status code 201 and ""Inventory Stock Synchronization"" is updated successfully

  Scenario: The System To Reliably Handle Inventory Stock Synchronization case 2
    Given the administrator is authenticated with role ""qa_verified"" and 34 matching records exist for inventory stock synchronization
    When the user submits ""Inventory Stock Synchronization"" with reference number ""817"" and confirms the action
    Then the system returns status code 200 and ""Inventory Stock Synchronization"" is updated successfully
",938,1,1,1,1,75.0,0.0,91.7,100.0,0.5,High
"Feature: The System To Reliably Handle Role-Based Access Control

  Scenario: The System To Reliably Handle Role-Based Access Control case 1
",141,0,0,0,1,33.3,0.0,8.3,0.0,0.5,Low
"Feature: The System To Properly Validate The Shopping Cart Checkout Flow

  Scenario: The System To Properly Validate The Shopping Cart Checkout Flow case 1
    Given the API client is authenticated with role ""qa_verified"" and 10 matching records exist for the shopping cart checkout flow
    When the user submits ""The Shopping Cart Checkout Flow"" with reference number ""4991"" and confirms the action
    Then the system returns status code 200 and ""The Shopping Cart Checkout Flow"" is updated successfully

  Scenario: The System To Properly Validate The Shopping Cart Checkout Flow case 2
    Given the operator is authenticated with role ""qa_verified"" and 66 matching records exist for the shopping cart checkout flow
    When the user submits ""The Shopping Cart Checkout Flow"" with reference number ""2002"" and confirms the action
    Then the system returns status code 200 and ""The Shopping Cart Checkout Flow"" is updated successfully
",941,1,1,1,1,93.1,22.1,91.7,100.0,0.0,High
"Feature: The System To Gracefully Recover Failures In Data Encryption At Rest

  Scenario: The System To Gracefully Recover Failures In Data Encryption At Rest case 1
    Given the API client is authenticated with role ""qa_verified"" and 40 matching records exist for data encryption at rest
    When the user submits ""Data Encryption At Rest"" with reference number ""7487"" and confirms the action
    Then the system returns status code 201 and ""Data Encryption At Rest"" is updated successfully

  Scenario: The System To Gracefully Recover Failures In Data Encryption At Rest case 2
    Given the user is authenticated with role ""qa_verified"" and 173 matching records exist for data encryption at rest
    When the user submits ""Data Encryption At Rest"" with reference number ""9925"" and confirms the action
    Then the system returns status code 202 and ""Data Encryption At Rest"" is updated successfully
",905,1,1,1,1,75.0,0.0,91.7,100.0,0.0,High
"Feature: The System To Properly Validate API Rate Limiting

  Scenario: The System To Properly Validate API Rate Limiting case 1
    When generally effectively action is performed on api rate limiting
",201,0,0,1,0,0.0,100.0,33.3,0.0,0.0,Low
"Feature: The System To Securely Process Automated Report Generation

  Scenario: The System To Securely Process Automated Report Generation case 1
    Given the user is authenticated with role ""qa_verified"" and 143 matching records exist for automated report generation
    When the user submits ""Automated Report Generation"" with reference number ""7405"" and confirms the action
    Then the system returns status code 200 and ""Automated Report Generation"" is updated successfully

  Scenario: The System To Securely Process Automated Report Generation case 2
    Given the API client is authenticated with role ""qa_verified"" and 226 matching records exist for automated report generation
    When the user submits ""Automated Report Generation"" with reference number ""5737"" and confirms the action
    Then the system returns status code 204 and ""Automated Report Generation"" is updated successfully

  Scenario: The System To Securely Process Automated Report Generation case 3
    Given the administrator is authenticated with role ""qa_verified"" and 2 matching records exist for automated report generation
    When the user submits ""Automated Report Generation"" with reference number ""6820"" and confirms the action
    Then the system returns status code 200 and ""Automated Report Generation"" is updated successfully
",1320,1,1,1,1,93.3,0.0,100.0,100.0,0.5,High
"Feature: The System To Reliably Handle Offline Mode Data Sync

  Scenario: The System To Reliably Handle Offline Mode Data Sync case 1
    Given the administrator is in several normal starting state for offline mode data sync
    Then the system responds in a most quickly way

  Scenario: The System To Reliably Handle Offline Mode Data Sync case 2
    Given the user is in most occasionally starting state for offline mode data sync
    Then the system responds in a correctly occasionally way
",496,1,1,0,1,66.7,100.0,66.7,0.0,1.0,Low
"Feature: The System To Be Compatible With Customer Refund Workflows

  Scenario: The System To Be Compatible With Customer Refund Workflows case 1
    Given the administrator is in occasionally sufficient starting state for customer refund workflows
    When several some action is performed on customer refund workflows
    Then the system responds in a typical correctly way
",377,1,1,1,1,44.4,100.0,83.3,0.0,1.0,Medium
"Feature: The System Configured For The Search Indexing Pipeline

  Scenario: The System Configured For The Search Indexing Pipeline case 1
    Given the operator is authenticated with role ""qa_verified"" and 230 matching records exist for the search indexing pipeline
    When the user submits ""The Search Indexing Pipeline"" with reference number ""240"" and confirms the action
    Then the system returns status code 201 and ""The Search Indexing Pipeline"" is updated successfully

  Scenario: The System Configured For The Search Indexing Pipeline case 2
    Given the API client is authenticated with role ""qa_verified"" and 81 matching records exist for the search indexing pipeline
    When the user submits ""The Search Indexing Pipeline"" with reference number ""6185"" and confirms the action
    Then the system returns status code 204 and ""The Search Indexing Pipeline"" is updated successfully

  Scenario: The System Configured For The Search Indexing Pipeline case 3
    Given the administrator is authenticated with role ""qa_verified"" and 223 matching records exist for the search indexing pipeline
    When the user submits ""The Search Indexing Pipeline"" with reference number ""8819"" and confirms the action
    Then the system returns status code 204 and ""The Search Indexing Pipeline"" is updated successfully
",1317,1,1,1,1,93.1,0.0,100.0,100.0,1.0,High
"Feature: The System To Reliably Handle Windows Server

  Scenario: The System To Reliably Handle Windows Server case 1
    Given the customer is in typical usual starting state for windows server
    When suitable acceptable action is performed on windows server
    Then the system responds in a properly usually way
",318,1,1,1,1,68.8,100.0,83.3,0.0,0.0,Medium
"Feature: The System To Properly Validate The Search Indexing Pipeline

  Scenario: The System To Properly Validate The Search Indexing Pipeline case 1
",151,0,0,0,0,0.0,95.2,8.3,0.0,1.0,Low
"Feature: The System To Correctly Support The Audit Logging Subsystem

  Scenario: The System To Correctly Support The Audit Logging Subsystem case 1
    Given the operator is authenticated with role ""qa_verified"" and 14 matching records exist for the audit logging subsystem
    When the user submits ""The Audit Logging Subsystem"" with reference number ""3808"" and confirms the action
    Then the system returns status code 204 and ""The Audit Logging Subsystem"" is updated successfully

  Scenario: The System To Correctly Support The Audit Logging Subsystem case 2
    Given the API client is authenticated with role ""qa_verified"" and 128 matching records exist for the audit logging subsystem
    When the user submits ""The Audit Logging Subsystem"" with reference number ""5700"" and confirms the action
    Then the system returns status code 202 and ""The Audit Logging Subsystem"" is updated successfully
",906,1,1,1,1,96.6,23.6,91.7,100.0,1.0,High
"Feature: The System To Consistently Enforce Both AWS And Azure Platforms

  Scenario: The System To Consistently Enforce Both AWS And Azure Platforms case 1
    When the user submits ""Both AWS And Azure Platforms"" with reference number ""1424"" and confirms the action
    Then the system returns status code 201 and ""Both AWS And Azure Platforms"" is updated successfully
",370,1,0,1,1,68.8,0.0,58.3,100.0,1.0,Medium
"Feature: The System To Securely Process Single Sign-On Federation

  Scenario: The System To Securely Process Single Sign-On Federation case 1
",143,0,0,0,0,0.0,0.0,8.3,0.0,0.5,Low
"Feature: The System To Accurately Track Windows Server

  Scenario: The System To Accurately Track Windows Server case 1
    Given the administrator is authenticated with role ""qa_verified"" and 13 matching records exist for windows server
    When the user submits ""Windows Server"" with reference number ""318"" and confirms the action
    Then the system returns status code 200 and ""Windows Server"" is updated successfully

  Scenario: The System To Accurately Track Windows Server case 2
    Given the API client is authenticated with role ""qa_verified"" and 128 matching records exist for windows server
    When the user submits ""Windows Server"" with reference number ""4083"" and confirms the action
    Then the system returns status code 204 and ""Windows Server"" is updated successfully
",790,1,1,1,1,92.9,0.0,91.7,100.0,1.0,High
"Feature: The System To Gracefully Recover Failures In Both AWS And Azure Platforms

  Scenario: The System To Gracefully Recover Failures In Both AWS And Azure Platforms case 1
    When correctly occasionally action is performed on both aws and azure platforms
    Then the system responds in a effectively adequate way
",320,1,0,1,0,0.0,83.3,58.3,0.0,1.0,Low
"Feature: The System To Properly Validate The Notification Preferences Center

  Scenario: The System To Properly Validate The Notification Preferences Center case 1
    When typical appropriate action is performed on the notification preferences center
",253,0,0,1,0,0.0,100.0,33.3,0.0,1.0,Low
"Feature: The System To Be Compatible With Checkout Tax Calculation

  Scenario: The System To Be Compatible With Checkout Tax Calculation case 1
    Given the API client is authenticated with role ""qa_verified"" and 136 matching records exist for checkout tax calculation
    When the user submits ""Checkout Tax Calculation"" with reference number ""5076"" and confirms the action
    Then the system returns status code 204 and ""Checkout Tax Calculation"" is updated successfully

  Scenario: The System To Be Compatible With Checkout Tax Calculation case 2
    Given the API client is authenticated with role ""qa_verified"" and 148 matching records exist for checkout tax calculation
    When the user submits ""Checkout Tax Calculation"" with reference number ""8161"" and confirms the action
    Then the system returns status code 202 and ""Checkout Tax Calculation"" is updated successfully
",885,1,1,1,1,92.3,0.0,91.7,100.0,1.0,High
"Feature: The System To Gracefully Recover Failures In Push Notification Delivery

  Scenario: The System To Gracefully Recover Failures In Push Notification Delivery case 1
    Given the operator is in reasonable usual starting state for push notification delivery
    When effectively adequate action is performed on push notification delivery
    Then the system responds in a some appropriate way
",400,1,1,1,1,70.6,100.0,83.3,0.0,0.0,Medium
"Feature: The System To Be Compatible With Password Reset Emails

  Scenario: The System To Be Compatible With Password Reset Emails case 1
    When quickly sufficient action is performed on password reset emails
    Then the system responds in a several etc way
",262,1,0,1,0,0.0,100.0,58.3,0.0,0.0,Low
"Feature: The System To Reliably Handle Shipping Address Validation

  Scenario: The System To Reliably Handle Shipping Address Validation case 1
    When the user submits ""Shipping Address Validation"" with reference number ""5887"" and confirms the action
    Then the system returns status code 202 and ""Shipping Address Validation"" is updated successfully

  Scenario: The System To Reliably Handle Shipping Address Validation case 2
    When the user submits ""Shipping Address Validation"" with reference number ""7013"" and confirms the action
    Then the system returns status code 202 and ""Shipping Address Validation"" is updated successfully

  Scenario: The System To Reliably Handle Shipping Address Validation case 3
    When the user submits ""Shipping Address Validation"" with reference number ""2507"" and confirms the action
    Then the system returns status code 204 and ""Shipping Address Validation"" is updated successfully
",934,1,0,1,1,90.5,0.0,75.0,100.0,1.0,High
"Feature: The System To Gracefully Recover Failures In Third-Party Payment Providers

  Scenario: The System To Gracefully Recover Failures In Third-Party Payment Providers case 1
    Given the administrator is in etc several starting state for third-party payment providers
    When typical usual action is performed on third-party payment providers
    Then the system responds in a several effectively way

  Scenario: The System To Gracefully Recover Failures In Third-Party Payment Providers case 2
    Given the API client is in reasonable occasionally starting state for third-party payment providers
    When efficiently acceptable action is performed on third-party payment providers
    Then the system responds in a usual most way
",741,1,1,1,1,73.7,100.0,91.7,0.0,0.0,Medium
"Feature: The System To Accurately Track Both AWS And Azure Platforms

  Scenario: The System To Accurately Track Both AWS And Azure Platforms case 1
    When the user submits ""Both AWS And Azure Platforms"" with reference number ""9542"" and confirms the action
",259,0,0,1,0,0.0,0.0,33.3,100.0,0.5,Low
"Feature: The System Configured For Both AWS And Azure Platforms

  Scenario: The System Configured For Both AWS And Azure Platforms case 1
    Given the customer is in appropriate reasonable starting state for both aws and azure platforms
    When quickly few action is performed on both aws and azure platforms
    Then the system responds in a few efficiently way

  Scenario: The System Configured For Both AWS And Azure Platforms case 2
    Given the administrator is in reasonable most starting state for both aws and azure platforms
    When normal adequate action is performed on both aws and azure platforms
    Then the system responds in a many typical way

  Scenario: The System Configured For Both AWS And Azure Platforms case 3
    Given the customer is in usual certain starting state for both aws and azure platforms
    When reasonable some action is performed on both aws and azure platforms
    Then the system responds in a correctly occasionally way
",971,1,1,1,0,0.0,100.0,100.0,0.0,1.0,Low
"Feature: The System To Properly Validate API Rate Limiting

  Scenario: The System To Properly Validate API Rate Limiting case 1
    When correctly few action is performed on api rate limiting
",193,0,0,1,0,0.0,100.0,33.3,0.0,0.0,Low
"Feature: The System Configured For API Rate Limiting

  Scenario: The System Configured For API Rate Limiting case 1
    Given the operator is in typical sufficient starting state for api rate limiting
",202,0,1,0,0,0.0,66.7,33.3,0.0,1.0,Low
"Feature: The System To Accurately Track Bulk CSV Data Import

  Scenario: The System To Accurately Track Bulk CSV Data Import case 1
    Given the API client is authenticated with role ""qa_verified"" and 21 matching records exist for bulk csv data import
    When the user submits ""Bulk CSV Data Import"" with reference number ""8454"" and confirms the action
    Then the system returns status code 200 and ""Bulk CSV Data Import"" is updated successfully

  Scenario: The System To Accurately Track Bulk CSV Data Import case 2
    Given the user is authenticated with role ""qa_verified"" and 72 matching records exist for bulk csv data import
    When the user submits ""Bulk CSV Data Import"" with reference number ""1850"" and confirms the action
    Then the system returns status code 202 and ""Bulk CSV Data Import"" is updated successfully

  Scenario: The System To Accurately Track Bulk CSV Data Import case 3
    Given the API client is authenticated with role ""qa_verified"" and 56 matching records exist for bulk csv data import
    When the user submits ""Bulk CSV Data Import"" with reference number ""48"" and confirms the action
    Then the system returns status code 200 and ""Bulk CSV Data Import"" is updated successfully
",1223,1,1,1,1,92.9,0.0,100.0,100.0,1.0,High
"Feature: The System To Reliably Handle The Notification Preferences Center

  Scenario: The System To Reliably Handle The Notification Preferences Center case 1
    Given the operator is in reasonable sufficient starting state for the notification preferences center
    Then the system responds in a many etc way

  Scenario: The System To Reliably Handle The Notification Preferences Center case 2
    Given the API client is in appropriate etc starting state for the notification preferences center
    Then the system responds in a certain reasonable way
",559,1,1,0,1,66.7,100.0,66.7,0.0,0.0,Low
"Feature: The System To Reliably Handle Single Sign-On Federation

  Scenario: The System To Reliably Handle Single Sign-On Federation case 1
",141,0,0,0,0,0.0,0.0,8.3,0.0,0.5,Low
"Feature: The System To Securely Process Shipping Address Validation

  Scenario: The System To Securely Process Shipping Address Validation case 1
    When the user submits ""Shipping Address Validation"" with reference number ""8572"" and confirms the action
    Then the system returns status code 200 and ""Shipping Address Validation"" is updated successfully

  Scenario: The System To Securely Process Shipping Address Validation case 2
    When the user submits ""Shipping Address Validation"" with reference number ""5611"" and confirms the action
    Then the system returns status code 204 and ""Shipping Address Validation"" is updated successfully
",648,1,0,1,1,90.5,0.0,66.7,100.0,0.0,High
"Feature: The System To Accurately Track Database Backup And Restore

  Scenario: The System To Accurately Track Database Backup And Restore case 1
    Given the administrator is in properly acceptable starting state for database backup and restore
    When some most action is performed on database backup and restore
    Then the system responds in a efficiently reasonable way

  Scenario: The System To Accurately Track Database Backup And Restore case 2
    Given the API client is in reasonable properly starting state for database backup and restore
    When effectively occasionally action is performed on database backup and restore
    Then the system responds in a appropriate usual way
",697,1,1,1,1,72.2,100.0,91.7,0.0,1.0,Medium
"Feature: The System To Consistently Enforce The Audit Logging Subsystem

  Scenario: The System To Consistently Enforce The Audit Logging Subsystem case 1
",155,0,0,0,0,0.0,0.0,8.3,0.0,0.5,Low
"Feature: The System To Gracefully Recover Failures In Shipping Address Validation

  Scenario: The System To Gracefully Recover Failures In Shipping Address Validation case 1
    Given the operator is in reasonable occasionally starting state for shipping address validation
    When quickly appropriate action is performed on shipping address validation
    Then the system responds in a easily correctly way

  Scenario: The System To Gracefully Recover Failures In Shipping Address Validation case 2
    Given the customer is in several many starting state for shipping address validation
    When correctly few action is performed on shipping address validation
    Then the system responds in a many certain way

  Scenario: The System To Gracefully Recover Failures In Shipping Address Validation case 3
    Given the operator is in certain effectively starting state for shipping address validation
    When many acceptable action is performed on shipping address validation
    Then the system responds in a various normal way
",1035,1,1,1,1,93.1,100.0,100.0,0.0,1.0,Medium
"Feature: The System To Accurately Track Checkout Tax Calculation

  Scenario: The System To Accurately Track Checkout Tax Calculation case 1
    When the user submits ""Checkout Tax Calculation"" with reference number ""4532"" and confirms the action
    Then the system returns status code 202 and ""Checkout Tax Calculation"" is updated successfully

  Scenario: The System To Accurately Track Checkout Tax Calculation case 2
    When the user submits ""Checkout Tax Calculation"" with reference number ""364"" and confirms the action
    Then the system returns status code 202 and ""Checkout Tax Calculation"" is updated successfully
",626,1,0,1,1,68.8,0.0,66.7,100.0,0.0,Medium
"Feature: The System To Properly Validate Session Timeout Handling

  Scenario: The System To Properly Validate Session Timeout Handling case 1
    When few adequate action is performed on session timeout handling
",213,0,0,1,0,0.0,100.0,33.3,0.0,0.0,Low
"Feature: The System To Properly Validate Offline Mode Data Sync

  Scenario: The System To Properly Validate Offline Mode Data Sync case 1
    Given the operator is authenticated with role ""qa_verified"" and 66 matching records exist for offline mode data sync
    When the user submits ""Offline Mode Data Sync"" with reference number ""663"" and confirms the action
    Then the system returns status code 201 and ""Offline Mode Data Sync"" is updated successfully

  Scenario: The System To Properly Validate Offline Mode Data Sync case 2
    Given the administrator is authenticated with role ""qa_verified"" and 139 matching records exist for offline mode data sync
    When the user submits ""Offline Mode Data Sync"" with reference number ""821"" and confirms the action
    Then the system returns status code 200 and ""Offline Mode Data Sync"" is updated successfully
",862,1,1,1,1,93.3,23.8,91.7,100.0,1.0,High
"Feature: The System To Properly Validate The Shopping Cart Checkout Flow

  Scenario: The System To Properly Validate The Shopping Cart Checkout Flow case 1
    Given the API client is authenticated with role ""qa_verified"" and 244 matching records exist for the shopping cart checkout flow
    When the user submits ""The Shopping Cart Checkout Flow"" with reference number ""8997"" and confirms the action
    Then the system returns status code 200 and ""The Shopping Cart Checkout Flow"" is updated successfully
",509,1,1,1,1,75.0,27.0,83.3,100.0,1.0,High
"Feature: The System To Securely Process Bulk CSV Data Import

  Scenario: The System To Securely Process Bulk CSV Data Import case 1
    Then the system responds in a many various way
",184,1,0,0,1,33.3,66.7,33.3,0.0,0.0,Low
"Feature: The System To Properly Validate Role-Based Access Control

  Scenario: The System To Properly Validate Role-Based Access Control case 1
    When the user submits ""Role-Based Access Control"" with reference number ""2320"" and confirms the action
    Then the system returns status code 200 and ""Role-Based Access Control"" is updated successfully

  Scenario: The System To Properly Validate Role-Based Access Control case 2
    When the user submits ""Role-Based Access Control"" with reference number ""791"" and confirms the action
    Then the system returns status code 200 and ""Role-Based Access Control"" is updated successfully

  Scenario: The System To Properly Validate Role-Based Access Control case 3
    When the user submits ""Role-Based Access Control"" with reference number ""7286"" and confirms the action
    Then the system returns status code 204 and ""Role-Based Access Control"" is updated successfully
",921,1,0,1,1,90.9,30.8,75.0,100.0,0.0,High
"Feature: The System To Be Compatible With The Payment Gateway

  Scenario: The System To Be Compatible With The Payment Gateway case 1
    Given the user is in usually acceptable starting state for the payment gateway
    When efficiently usually action is performed on the payment gateway
    Then the system responds in a usually acceptable way

  Scenario: The System To Be Compatible With The Payment Gateway case 2
    Given the user is in most correctly starting state for the payment gateway
    When most adequate action is performed on the payment gateway
    Then the system responds in a acceptable adequate way
",623,1,1,1,1,68.8,100.0,91.7,0.0,0.0,Medium
"Feature: The System To Accurately Track API Rate Limiting

  Scenario: The System To Accurately Track API Rate Limiting case 1
    Given the operator is in reasonable effectively starting state for api rate limiting
",216,0,1,0,0,0.0,62.5,33.3,0.0,0.0,Low
"Feature: The System To Gracefully Recover Failures In Bulk CSV Data Import

  Scenario: The System To Gracefully Recover Failures In Bulk CSV Data Import case 1
    Given the API client is authenticated with role ""qa_verified"" and 145 matching records exist for bulk csv data import
    When the user submits ""Bulk CSV Data Import"" with reference number ""1057"" and confirms the action
    Then the system returns status code 202 and ""Bulk CSV Data Import"" is updated successfully

  Scenario: The System To Gracefully Recover Failures In Bulk CSV Data Import case 2
    Given the user is authenticated with role ""qa_verified"" and 37 matching records exist for bulk csv data import
    When the user submits ""Bulk CSV Data Import"" with reference number ""4011"" and confirms the action
    Then the system returns status code 201 and ""Bulk CSV Data Import"" is updated successfully
",878,1,1,1,1,93.1,0.0,91.7,100.0,1.0,High
"Feature: The System To Be Compatible With Offline Mode Data Sync

  Scenario: The System To Be Compatible With Offline Mode Data Sync case 1
    Then the system responds in a some many way
",189,1,0,0,1,61.5,62.5,33.3,0.0,0.0,Low
"Feature: The System To Gracefully Recover Failures In Load Balancer Failover

  Scenario: The System To Gracefully Recover Failures In Load Balancer Failover case 1
    When easily correctly action is performed on load balancer failover
",237,0,0,1,0,0.0,60.6,33.3,0.0,1.0,Low
"Feature: The System To Gracefully Recover Failures In The Payment Gateway

  Scenario: The System To Gracefully Recover Failures In The Payment Gateway case 1
    Given the operator is authenticated with role ""qa_verified"" and 89 matching records exist for the payment gateway
    When the user submits ""The Payment Gateway"" with reference number ""5518"" and confirms the action
    Then the system returns status code 204 and ""The Payment Gateway"" is updated successfully

  Scenario: The System To Gracefully Recover Failures In The Payment Gateway case 2
    Given the administrator is authenticated with role ""qa_verified"" and 128 matching records exist for the payment gateway
    When the user submits ""The Payment Gateway"" with reference number ""3052"" and confirms the action
    Then the system returns status code 202 and ""The Payment Gateway"" is updated successfully
",876,1,1,1,1,93.1,0.0,91.7,100.0,0.5,High
"Feature: The System To Accurately Track The Payment Gateway

  Scenario: The System To Accurately Track The Payment Gateway case 1
    Given the API client is in effectively easily starting state for the payment gateway
    When generally effectively action is performed on the payment gateway
    Then the system responds in a occasionally normal way
",352,1,1,1,0,0.0,100.0,83.3,0.0,1.0,Low
"Feature: The System To Gracefully Recover Failures In Session Timeout Handling

  Scenario: The System To Gracefully Recover Failures In Session Timeout Handling case 1
    When properly generally action is performed on session timeout handling
",245,0,0,1,0,0.0,60.6,33.3,0.0,0.5,Low
"Feature: The System To Correctly Support Subscription Billing Cycles

  Scenario: The System To Correctly Support Subscription Billing Cycles case 1
    Given the API client is authenticated with role ""qa_verified"" and 19 matching records exist for subscription billing cycles
    When the user submits ""Subscription Billing Cycles"" with reference number ""7013"" and confirms the action
    Then the system returns status code 201 and ""Subscription Billing Cycles"" is updated successfully

  Scenario: The System To Correctly Support Subscription Billing Cycles case 2
    Given the user is authenticated with role ""qa_verified"" and 2 matching records exist for subscription billing cycles
    When the user submits ""Subscription Billing Cycles"" with reference number ""5400"" and confirms the action
    Then the system returns status code 202 and ""Subscription Billing Cycles"" is updated successfully
",900,1,1,1,1,96.4,25.4,91.7,100.0,0.0,High
"Feature: The System To Consistently Enforce Cross-Browser Rendering

  Scenario: The System To Consistently Enforce Cross-Browser Rendering case 1
    Given the customer is authenticated with role ""qa_verified"" and 241 matching records exist for cross-browser rendering
    Then the system returns status code 200 and ""Cross-Browser Rendering"" is updated successfully
",368,1,1,0,1,70.6,0.0,58.3,100.0,1.0,Medium
"Feature: The System To Consistently Enforce User Profile Photo Uploads

  Scenario: The System To Consistently Enforce User Profile Photo Uploads case 1
    Then the system returns status code 201 and ""User Profile Photo Uploads"" is updated successfully
",254,1,0,0,0,0.0,0.0,33.3,100.0,1.0,Low
"Feature: The System To Accurately Track Single Sign-On Federation

  Scenario: The System To Accurately Track Single Sign-On Federation case 1
    Given the administrator is in typical occasionally starting state for single sign-on federation
    When occasionally reasonable action is performed on single sign-on federation

  Scenario: The System To Accurately Track Single Sign-On Federation case 2
    Given the operator is in many reasonable starting state for single sign-on federation
    When quickly few action is performed on single sign-on federation
",562,0,1,1,1,90.5,97.6,66.7,0.0,1.0,Low
"Feature: The System To Securely Process Checkout Tax Calculation

  Scenario: The System To Securely Process Checkout Tax Calculation case 1

  Scenario: The System To Securely Process Checkout Tax Calculation case 2
",217,0,0,0,0,0.0,0.0,16.7,0.0,0.0,Low
"Feature: The System To Be Compatible With The Search Indexing Pipeline

  Scenario: The System To Be Compatible With The Search Indexing Pipeline case 1
",153,0,0,0,0,0.0,0.0,8.3,0.0,1.0,Low
"Feature: The System Configured For Database Backup And Restore

  Scenario: The System Configured For Database Backup And Restore case 1
    Given the customer is authenticated with role ""qa_verified"" and 42 matching records exist for database backup and restore
    When the user submits ""Database Backup And Restore"" with reference number ""8810"" and confirms the action
    Then the system returns status code 202 and ""Database Backup And Restore"" is updated successfully

  Scenario: The System Configured For Database Backup And Restore case 2
    Given the API client is authenticated with role ""qa_verified"" and 170 matching records exist for database backup and restore
    When the user submits ""Database Backup And Restore"" with reference number ""3414"" and confirms the action
    Then the system returns status code 201 and ""Database Backup And Restore"" is updated successfully

  Scenario: The System Configured For Database Backup And Restore case 3
    Given the administrator is authenticated with role ""qa_verified"" and 143 matching records exist for database backup and restore
    When the user submits ""Database Backup And Restore"" with reference number ""6010"" and confirms the action
    Then the system returns status code 200 and ""Database Backup And Restore"" is updated successfully
",1305,1,1,1,1,93.1,0.0,100.0,100.0,0.0,High
"Feature: The System To Accurately Track Single Sign-On Federation

  Scenario: The System To Accurately Track Single Sign-On Federation case 1
    Given the operator is authenticated with role ""qa_verified"" and 233 matching records exist for single sign-on federation
    When the user submits ""Single Sign-On Federation"" with reference number ""189"" and confirms the action
    Then the system returns status code 202 and ""Single Sign-On Federation"" is updated successfully

  Scenario: The System To Accurately Track Single Sign-On Federation case 2
    Given the customer is authenticated with role ""qa_verified"" and 59 matching records exist for single sign-on federation
    When the user submits ""Single Sign-On Federation"" with reference number ""8127"" and confirms the action
    Then the system returns status code 200 and ""Single Sign-On Federation"" is updated successfully
",882,1,1,1,0,0.0,0.0,91.7,100.0,1.0,Medium
"Feature: The System Configured For Push Notification Delivery

  Scenario: The System Configured For Push Notification Delivery case 1
    Given the operator is in etc normal starting state for push notification delivery
",221,0,1,0,0,0.0,66.7,33.3,0.0,0.0,Low
"Feature: The System To Consistently Enforce Order Fulfillment Tracking

  Scenario: The System To Consistently Enforce Order Fulfillment Tracking case 1
    Given the customer is authenticated with role ""qa_verified"" and 57 matching records exist for order fulfillment tracking
    When the user submits ""Order Fulfillment Tracking"" with reference number ""7917"" and confirms the action
    Then the system returns status code 204 and ""Order Fulfillment Tracking"" is updated successfully

  Scenario: The System To Consistently Enforce Order Fulfillment Tracking case 2
    Given the user is authenticated with role ""qa_verified"" and 88 matching records exist for order fulfillment tracking
    When the user submits ""Order Fulfillment Tracking"" with reference number ""6776"" and confirms the action
    Then the system returns status code 204 and ""Order Fulfillment Tracking"" is updated successfully

  Scenario: The System To Consistently Enforce Order Fulfillment Tracking case 3
    Given the customer is authenticated with role ""qa_verified"" and 118 matching records exist for order fulfillment tracking
    When the user submits ""Order Fulfillment Tracking"" with reference number ""3000"" and confirms the action
    Then the system returns status code 204 and ""Order Fulfillment Tracking"" is updated successfully
",1316,1,1,1,1,92.9,0.0,100.0,100.0,1.0,High
"Feature: The System To Securely Process Push Notification Delivery

  Scenario: The System To Securely Process Push Notification Delivery case 1
    Given the API client is in efficiently acceptable starting state for push notification delivery
    When properly suitable action is performed on push notification delivery
    Then the system responds in a certain most way
",373,1,1,1,1,68.8,100.0,83.3,0.0,0.0,Medium
"Feature: The System To Securely Process Third-Party Payment Providers

  Scenario: The System To Securely Process Third-Party Payment Providers case 1
    When correctly effectively action is performed on third-party payment providers
    Then the system responds in a several various way
",289,1,0,1,1,44.4,97.6,58.3,0.0,1.0,Low
"Feature: The System To Properly Validate User Profile Photo Uploads

  Scenario: The System To Properly Validate User Profile Photo Uploads case 1
    Given the administrator is in few most starting state for user profile photo uploads
    When quickly usual action is performed on user profile photo uploads
    Then the system responds in a adequate appropriate way

  Scenario: The System To Properly Validate User Profile Photo Uploads case 2
    Given the customer is in some effectively starting state for user profile photo uploads
    When normal acceptable action is performed on user profile photo uploads
    Then the system responds in a certain acceptable way
",673,1,1,1,0,0.0,100.0,91.7,0.0,1.0,Low
"Feature: The System Configured For The Search Indexing Pipeline

  Scenario: The System Configured For The Search Indexing Pipeline case 1
    Given the API client is authenticated with role ""qa_verified"" and 5 matching records exist for the search indexing pipeline
    When the user submits ""The Search Indexing Pipeline"" with reference number ""6448"" and confirms the action
    Then the system returns status code 201 and ""The Search Indexing Pipeline"" is updated successfully
",480,1,1,1,0,0.0,0.0,83.3,100.0,0.5,Medium
"Feature: The System To Correctly Support Third-Party Payment Providers

  Scenario: The System To Correctly Support Third-Party Payment Providers case 1
    Given the user is in acceptable occasionally starting state for third-party payment providers
    When etc generally action is performed on third-party payment providers
",327,0,1,1,0,0.0,100.0,58.3,0.0,0.5,Low
"Feature: The System To Properly Validate Bulk CSV Data Import

  Scenario: The System To Properly Validate Bulk CSV Data Import case 1
    Given the API client is authenticated with role ""qa_verified"" and 62 matching records exist for bulk csv data import
    When the user submits ""Bulk CSV Data Import"" with reference number ""8891"" and confirms the action
    Then the system returns status code 200 and ""Bulk CSV Data Import"" is updated successfully

  Scenario: The System To Properly Validate Bulk CSV Data Import case 2
    Given the user is authenticated with role ""qa_verified"" and 11 matching records exist for bulk csv data import
    When the user submits ""Bulk CSV Data Import"" with reference number ""3496"" and confirms the action
    Then the system returns status code 202 and ""Bulk CSV Data Import"" is updated successfully
",838,1,1,1,1,92.9,23.6,91.7,100.0,1.0,High
"Feature: The System To Be Compatible With The Payment Gateway

  Scenario: The System To Be Compatible With The Payment Gateway case 1
    Given the administrator is authenticated with role ""qa_verified"" and 29 matching records exist for the payment gateway
    When the user submits ""The Payment Gateway"" with reference number ""4244"" and confirms the action
    Then the system returns status code 201 and ""The Payment Gateway"" is updated successfully

  Scenario: The System To Be Compatible With The Payment Gateway case 2
    Given the administrator is authenticated with role ""qa_verified"" and 138 matching records exist for the payment gateway
    When the user submits ""The Payment Gateway"" with reference number ""4974"" and confirms the action
    Then the system returns status code 200 and ""The Payment Gateway"" is updated successfully
",845,1,1,1,1,73.7,0.0,91.7,100.0,0.0,High
"Feature: The System To Gracefully Recover Failures In The Audit Logging Subsystem

  Scenario: The System To Gracefully Recover Failures In The Audit Logging Subsystem case 1
    Then the system responds in a usually most way
",226,1,0,0,0,0.0,58.8,33.3,0.0,0.0,Low
"Feature: The System To Securely Process Session Timeout Handling

  Scenario: The System To Securely Process Session Timeout Handling case 1
    Given the administrator is authenticated with role ""qa_verified"" and 11 matching records exist for session timeout handling
    When the user submits ""Session Timeout Handling"" with reference number ""7849"" and confirms the action
    Then the system returns status code 204 and ""Session Timeout Handling"" is updated successfully

  Scenario: The System To Securely Process Session Timeout Handling case 2
    Given the customer is authenticated with role ""qa_verified"" and 102 matching records exist for session timeout handling
    When the user submits ""Session Timeout Handling"" with reference number ""86"" and confirms the action
    Then the system returns status code 202 and ""Session Timeout Handling"" is updated successfully

  Scenario: The System To Securely Process Session Timeout Handling case 3
    Given the customer is authenticated with role ""qa_verified"" and 167 matching records exist for session timeout handling
    When the user submits ""Session Timeout Handling"" with reference number ""1702"" and confirms the action
    Then the system returns status code 202 and ""Session Timeout Handling"" is updated successfully
",1282,1,1,1,1,93.1,0.0,100.0,100.0,1.0,High
"Feature: The System To Gracefully Recover Failures In Third-Party Payment Providers

  Scenario: The System To Gracefully Recover Failures In Third-Party Payment Providers case 1
    When appropriate effectively action is performed on third-party payment providers
    Then the system responds in a reasonable normal way

  Scenario: The System To Gracefully Recover Failures In Third-Party Payment Providers case 2
    When several appropriate action is performed on third-party payment providers
    Then the system responds in a adequate correctly way
",555,1,0,1,0,0.0,100.0,66.7,0.0,0.5,Low
"Feature: The System To Reliably Handle Windows Server

  Scenario: The System To Reliably Handle Windows Server case 1
    Given the administrator is in several many starting state for windows server
    Then the system responds in a easily effectively way
",257,1,1,0,0,0.0,100.0,58.3,0.0,1.0,Low
"Feature: The System To Accurately Track Checkout Tax Calculation

  Scenario: The System To Accurately Track Checkout Tax Calculation case 1
    Given the API client is authenticated with role ""qa_verified"" and 95 matching records exist for checkout tax calculation
    When the user submits ""Checkout Tax Calculation"" with reference number ""5926"" and confirms the action
    Then the system returns status code 201 and ""Checkout Tax Calculation"" is updated successfully

  Scenario: The System To Accurately Track Checkout Tax Calculation case 2
    Given the API client is authenticated with role ""qa_verified"" and 147 matching records exist for checkout tax calculation
    When the user submits ""Checkout Tax Calculation"" with reference number ""6002"" and confirms the action
    Then the system returns status code 201 and ""Checkout Tax Calculation"" is updated successfully

  Scenario: The System To Accurately Track Checkout Tax Calculation case 3
    Given the user is authenticated with role ""qa_verified"" and 76 matching records exist for checkout tax calculation
    When the user submits ""Checkout Tax Calculation"" with reference number ""4088"" and confirms the action
    Then the system returns status code 200 and ""Checkout Tax Calculation"" is updated successfully
",1278,1,1,1,1,92.6,0.0,100.0,100.0,1.0,High
"Feature: The System To Properly Validate Shipping Address Validation

  Scenario: The System To Properly Validate Shipping Address Validation case 1
    Then the system responds in a normal usually way

  Scenario: The System To Properly Validate Shipping Address Validation case 2
    Then the system responds in a correctly several way
",338,1,0,0,1,58.3,100.0,41.7,0.0,0.0,Low
"Feature: The System Configured For The Search Indexing Pipeline

  Scenario: The System Configured For The Search Indexing Pipeline case 1
",139,0,0,0,0,0.0,0.0,8.3,0.0,1.0,Low
"Feature: The System To Accurately Track The Shopping Cart Checkout Flow

  Scenario: The System To Accurately Track The Shopping Cart Checkout Flow case 1
    Given the administrator is authenticated with role ""qa_verified"" and 220 matching records exist for the shopping cart checkout flow
    When the user submits ""The Shopping Cart Checkout Flow"" with reference number ""121"" and confirms the action
    Then the system returns status code 204 and ""The Shopping Cart Checkout Flow"" is updated successfully

  Scenario: The System To Accurately Track The Shopping Cart Checkout Flow case 2
    Given the operator is authenticated with role ""qa_verified"" and 64 matching records exist for the shopping cart checkout flow
    When the user submits ""The Shopping Cart Checkout Flow"" with reference number ""3207"" and confirms the action
    Then the system returns status code 200 and ""The Shopping Cart Checkout Flow"" is updated successfully
",941,1,1,1,1,93.1,0.0,91.7,100.0,1.0,High
"Feature: The System To Accurately Track Database Backup And Restore

  Scenario: The System To Accurately Track Database Backup And Restore case 1
    Given the customer is authenticated with role ""qa_verified"" and 22 matching records exist for database backup and restore
    When the user submits ""Database Backup And Restore"" with reference number ""7063"" and confirms the action
    Then the system returns status code 202 and ""Database Backup And Restore"" is updated successfully
",484,1,1,1,1,73.7,0.0,83.3,100.0,1.0,High
"Feature: The System To Securely Process Order Fulfillment Tracking

  Scenario: The System To Securely Process Order Fulfillment Tracking case 1
",145,0,0,0,0,0.0,0.0,8.3,0.0,0.5,Low
"Feature: The System To Accurately Track Session Timeout Handling

  Scenario: The System To Accurately Track Session Timeout Handling case 1
    Given the operator is authenticated with role ""qa_verified"" and 157 matching records exist for session timeout handling
    When the user submits ""Session Timeout Handling"" with reference number ""8094"" and confirms the action
    Then the system returns status code 201 and ""Session Timeout Handling"" is updated successfully

  Scenario: The System To Accurately Track Session Timeout Handling case 2
    Given the operator is authenticated with role ""qa_verified"" and 235 matching records exist for session timeout handling
    When the user submits ""Session Timeout Handling"" with reference number ""2178"" and confirms the action
    Then the system returns status code 204 and ""Session Timeout Handling"" is updated successfully

  Scenario: The System To Accurately Track Session Timeout Handling case 3
    Given the user is authenticated with role ""qa_verified"" and 148 matching records exist for session timeout handling
    When the user submits ""Session Timeout Handling"" with reference number ""4372"" and confirms the action
    Then the system returns status code 201 and ""Session Timeout Handling"" is updated successfully
",1276,1,1,1,1,93.1,0.0,100.0,100.0,1.0,High
"Feature: The System To Securely Process Inventory Stock Synchronization

  Scenario: The System To Securely Process Inventory Stock Synchronization case 1
    Given the customer is authenticated with role ""qa_verified"" and 93 matching records exist for inventory stock synchronization
    When the user submits ""Inventory Stock Synchronization"" with reference number ""1523"" and confirms the action
    Then the system returns status code 200 and ""Inventory Stock Synchronization"" is updated successfully

  Scenario: The System To Securely Process Inventory Stock Synchronization case 2
    Given the operator is authenticated with role ""qa_verified"" and 127 matching records exist for inventory stock synchronization
    When the user submits ""Inventory Stock Synchronization"" with reference number ""4170"" and confirms the action
    Then the system returns status code 201 and ""Inventory Stock Synchronization"" is updated successfully
",937,1,1,1,0,0.0,0.0,91.7,100.0,0.0,Medium
"Feature: The System To Reliably Handle User Profile Photo Uploads

  Scenario: The System To Reliably Handle User Profile Photo Uploads case 1
    When appropriate some action is performed on user profile photo uploads
    Then the system responds in a acceptable correctly way
",278,1,0,1,0,0.0,97.6,58.3,0.0,0.0,Low
"Feature: The System To Accurately Track Customer Refund Workflows

  Scenario: The System To Accurately Track Customer Refund Workflows case 1
    Given the customer is authenticated with role ""qa_verified"" and 126 matching records exist for customer refund workflows
    When the user submits ""Customer Refund Workflows"" with reference number ""2810"" and confirms the action
    Then the system returns status code 204 and ""Customer Refund Workflows"" is updated successfully

  Scenario: The System To Accurately Track Customer Refund Workflows case 2
    Given the operator is authenticated with role ""qa_verified"" and 19 matching records exist for customer refund workflows
    When the user submits ""Customer Refund Workflows"" with reference number ""319"" and confirms the action
    Then the system returns status code 200 and ""Customer Refund Workflows"" is updated successfully

  Scenario: The System To Accurately Track Customer Refund Workflows case 3
    Given the administrator is authenticated with role ""qa_verified"" and 41 matching records exist for customer refund workflows
    When the user submits ""Customer Refund Workflows"" with reference number ""8819"" and confirms the action
    Then the system returns status code 204 and ""Customer Refund Workflows"" is updated successfully
",1295,1,1,1,1,93.3,0.0,100.0,100.0,1.0,High
"Feature: The System Configured For Offline Mode Data Sync

  Scenario: The System Configured For Offline Mode Data Sync case 1
    Given the operator is in efficiently most starting state for offline mode data sync
    When usually properly action is performed on offline mode data sync
    Then the system responds in a generally most way

  Scenario: The System Configured For Offline Mode Data Sync case 2
    Given the customer is in normal easily starting state for offline mode data sync
    When some acceptable action is performed on offline mode data sync
    Then the system responds in a usual acceptable way
",620,1,1,1,1,72.2,100.0,91.7,0.0,0.5,Medium
"Feature: The System To Securely Process Automated Report Generation

  Scenario: The System To Securely Process Automated Report Generation case 1
",147,0,0,0,1,33.3,0.0,8.3,0.0,1.0,Low
"Feature: The System To Properly Validate Mobile Responsive Layouts

  Scenario: The System To Properly Validate Mobile Responsive Layouts case 1
    Given the administrator is authenticated with role ""qa_verified"" and 19 matching records exist for mobile responsive layouts
    When the user submits ""Mobile Responsive Layouts"" with reference number ""3217"" and confirms the action
    Then the system returns status code 202 and ""Mobile Responsive Layouts"" is updated successfully

  Scenario: The System To Properly Validate Mobile Responsive Layouts case 2
    Given the customer is authenticated with role ""qa_verified"" and 34 matching records exist for mobile responsive layouts
    When the user submits ""Mobile Responsive Layouts"" with reference number ""6768"" and confirms the action
    Then the system returns status code 200 and ""Mobile Responsive Layouts"" is updated successfully

  Scenario: The System To Properly Validate Mobile Responsive Layouts case 3
    Given the customer is authenticated with role ""qa_verified"" and 142 matching records exist for mobile responsive layouts
    When the user submits ""Mobile Responsive Layouts"" with reference number ""1266"" and confirms the action
    Then the system returns status code 201 and ""Mobile Responsive Layouts"" is updated successfully
",1300,1,1,1,1,93.1,23.4,100.0,100.0,0.5,High
"Feature: The System To Securely Process Session Timeout Handling

  Scenario: The System To Securely Process Session Timeout Handling case 1
    Given the operator is in etc several starting state for session timeout handling
    When many normal action is performed on session timeout handling
    Then the system responds in a usual sufficient way
",350,1,1,1,0,0.0,100.0,83.3,0.0,1.0,Low
"Feature: The System To Gracefully Recover Failures In Load Balancer Failover

  Scenario: The System To Gracefully Recover Failures In Load Balancer Failover case 1
    Then the system responds in a certain occasionally way
",224,1,0,0,0,0.0,62.5,33.3,0.0,0.0,Low
"Feature: The System To Securely Process Password Reset Emails

  Scenario: The System To Securely Process Password Reset Emails case 1
    Given the customer is authenticated with role ""qa_verified"" and 65 matching records exist for password reset emails
    When the user submits ""Password Reset Emails"" with reference number ""3548"" and confirms the action

  Scenario: The System To Securely Process Password Reset Emails case 2
    Given the customer is authenticated with role ""qa_verified"" and 99 matching records exist for password reset emails
    When the user submits ""Password Reset Emails"" with reference number ""2818"" and confirms the action

  Scenario: The System To Securely Process Password Reset Emails case 3
    Given the administrator is authenticated with role ""qa_verified"" and 163 matching records exist for password reset emails
    When the user submits ""Password Reset Emails"" with reference number ""352"" and confirms the action
",955,0,1,1,1,91.7,0.0,75.0,100.0,1.0,Medium
"Feature: The System Configured For API Rate Limiting

  Scenario: The System Configured For API Rate Limiting case 1
    Given the operator is authenticated with role ""qa_verified"" and 186 matching records exist for api rate limiting
    Then the system returns status code 201 and ""API Rate Limiting"" is updated successfully
",326,1,1,0,1,68.8,0.0,58.3,100.0,1.0,Medium
"Feature: The System To Be Compatible With Session Timeout Handling

  Scenario: The System To Be Compatible With Session Timeout Handling case 1
",145,0,0,0,1,33.3,0.0,8.3,0.0,0.0,Low
"Feature: The System To Consistently Enforce Shipping Address Validation

  Scenario: The System To Consistently Enforce Shipping Address Validation case 1
    Given the operator is authenticated with role ""qa_verified"" and 131 matching records exist for shipping address validation
    When the user submits ""Shipping Address Validation"" with reference number ""6360"" and confirms the action
    Then the system returns status code 201 and ""Shipping Address Validation"" is updated successfully

  Scenario: The System To Consistently Enforce Shipping Address Validation case 2
    Given the customer is authenticated with role ""qa_verified"" and 122 matching records exist for shipping address validation
    When the user submits ""Shipping Address Validation"" with reference number ""2188"" and confirms the action
    Then the system returns status code 200 and ""Shipping Address Validation"" is updated successfully

  Scenario: The System To Consistently Enforce Shipping Address Validation case 3
    Given the administrator is authenticated with role ""qa_verified"" and 142 matching records exist for shipping address validation
    When the user submits ""Shipping Address Validation"" with reference number ""2802"" and confirms the action
    Then the system returns status code 200 and ""Shipping Address Validation"" is updated successfully
",1340,1,1,1,1,93.1,0.0,100.0,100.0,0.0,High
"Feature: The System To Properly Validate Session Timeout Handling

  Scenario: The System To Properly Validate Session Timeout Handling case 1
    When effectively generally action is performed on session timeout handling
    Then the system responds in a adequate quickly way
",277,1,0,1,1,64.3,100.0,58.3,0.0,1.0,Low
"Feature: The System To Reliably Handle Session Timeout Handling

  Scenario: The System To Reliably Handle Session Timeout Handling case 1
    Given the customer is in sufficient typical starting state for session timeout handling
",231,0,1,0,0,0.0,62.5,33.3,0.0,0.0,Low
"Feature: The System To Accurately Track The Shopping Cart Checkout Flow

  Scenario: The System To Accurately Track The Shopping Cart Checkout Flow case 1
    Given the customer is authenticated with role ""qa_verified"" and 176 matching records exist for the shopping cart checkout flow
    Then the system returns status code 200 and ""The Shopping Cart Checkout Flow"" is updated successfully

  Scenario: The System To Accurately Track The Shopping Cart Checkout Flow case 2
    Given the operator is authenticated with role ""qa_verified"" and 99 matching records exist for the shopping cart checkout flow
    Then the system returns status code 200 and ""The Shopping Cart Checkout Flow"" is updated successfully

  Scenario: The System To Accurately Track The Shopping Cart Checkout Flow case 3
    Given the user is authenticated with role ""qa_verified"" and 179 matching records exist for the shopping cart checkout flow
    Then the system returns status code 200 and ""The Shopping Cart Checkout Flow"" is updated successfully
",1027,1,1,0,1,92.0,0.0,75.0,100.0,1.0,High
"Feature: The System Configured For The Payment Gateway

  Scenario: The System Configured For The Payment Gateway case 1
    Given the API client is in appropriate typical starting state for the payment gateway
    When appropriate reasonable action is performed on the payment gateway
    Then the system responds in a easily correctly way

  Scenario: The System Configured For The Payment Gateway case 2
    Given the administrator is in some appropriate starting state for the payment gateway
    When usual certain action is performed on the payment gateway
    Then the system responds in a appropriate most way
",618,1,1,1,1,68.8,100.0,91.7,0.0,0.0,Medium
"Feature: The System Configured For The Payment Gateway

  Scenario: The System Configured For The Payment Gateway case 1
    When usually most action is performed on the payment gateway
",186,0,0,1,0,0.0,74.1,33.3,0.0,1.0,Low
"Feature: The System To Reliably Handle Automated Report Generation

  Scenario: The System To Reliably Handle Automated Report Generation case 1
    Given the user is authenticated with role ""qa_verified"" and 153 matching records exist for automated report generation
    When the user submits ""Automated Report Generation"" with reference number ""3753"" and confirms the action
    Then the system returns status code 202 and ""Automated Report Generation"" is updated successfully

  Scenario: The System To Reliably Handle Automated Report Generation case 2
    Given the user is authenticated with role ""qa_verified"" and 207 matching records exist for automated report generation
    When the user submits ""Automated Report Generation"" with reference number ""4200"" and confirms the action
    Then the system returns status code 201 and ""Automated Report Generation"" is updated successfully
",891,1,1,1,1,92.6,0.0,91.7,100.0,0.0,High
"Feature: The System To Securely Process Mobile Responsive Layouts

  Scenario: The System To Securely Process Mobile Responsive Layouts case 1
    Given the API client is authenticated with role ""qa_verified"" and 9 matching records exist for mobile responsive layouts
    When the user submits ""Mobile Responsive Layouts"" with reference number ""7629"" and confirms the action
    Then the system returns status code 200 and ""Mobile Responsive Layouts"" is updated successfully

  Scenario: The System To Securely Process Mobile Responsive Layouts case 2
    Given the administrator is authenticated with role ""qa_verified"" and 100 matching records exist for mobile responsive layouts
    When the user submits ""Mobile Responsive Layouts"" with reference number ""7021"" and confirms the action
    Then the system returns status code 201 and ""Mobile Responsive Layouts"" is updated successfully
",889,1,1,1,0,0.0,0.0,91.7,100.0,0.0,Medium
"Feature: The System To Accurately Track The Shopping Cart Checkout Flow

  Scenario: The System To Accurately Track The Shopping Cart Checkout Flow case 1
",155,0,0,0,0,0.0,0.0,8.3,0.0,0.5,Low
"Feature: The System To Accurately Track Windows Server

  Scenario: The System To Accurately Track Windows Server case 1
    Given the operator is authenticated with role ""qa_verified"" and 123 matching records exist for windows server
    When the user submits ""Windows Server"" with reference number ""4689"" and confirms the action
    Then the system returns status code 204 and ""Windows Server"" is updated successfully

  Scenario: The System To Accurately Track Windows Server case 2
    Given the user is authenticated with role ""qa_verified"" and 120 matching records exist for windows server
    When the user submits ""Windows Server"" with reference number ""7481"" and confirms the action
    Then the system returns status code 202 and ""Windows Server"" is updated successfully
",781,1,1,1,1,92.6,0.0,91.7,100.0,0.0,High
"Feature: The System To Gracefully Recover Failures In Load Balancer Failover

  Scenario: The System To Gracefully Recover Failures In Load Balancer Failover case 1
    Given the administrator is authenticated with role ""qa_verified"" and 14 matching records exist for load balancer failover
    When the user submits ""Load Balancer Failover"" with reference number ""2467"" and confirms the action
    Then the system returns status code 202 and ""Load Balancer Failover"" is updated successfully

  Scenario: The System To Gracefully Recover Failures In Load Balancer Failover case 2
    Given the operator is authenticated with role ""qa_verified"" and 124 matching records exist for load balancer failover
    When the user submits ""Load Balancer Failover"" with reference number ""8601"" and confirms the action
    Then the system returns status code 204 and ""Load Balancer Failover"" is updated successfully
",903,1,1,1,1,75.0,0.0,91.7,100.0,0.0,High
"Feature: The System To Gracefully Recover Failures In Customer Refund Workflows

  Scenario: The System To Gracefully Recover Failures In Customer Refund Workflows case 1
    Then the system responds in a correctly most way
",224,1,0,0,0,0.0,62.5,33.3,0.0,0.0,Low
"Feature: The System To Gracefully Recover Failures In Automated Report Generation

  Scenario: The System To Gracefully Recover Failures In Automated Report Generation case 1
    Given the operator is authenticated with role ""qa_verified"" and 117 matching records exist for automated report generation
    When the user submits ""Automated Report Generation"" with reference number ""6673"" and confirms the action
    Then the system returns status code 200 and ""Automated Report Generation"" is updated successfully

  Scenario: The System To Gracefully Recover Failures In Automated Report Generation case 2
    Given the API client is authenticated with role ""qa_verified"" and 18 matching records exist for automated report generation
    When the user submits ""Automated Report Generation"" with reference number ""1375"" and confirms the action
    Then the system returns status code 202 and ""Automated Report Generation"" is updated successfully

  Scenario: The System To Gracefully Recover Failures In Automated Report Generation case 3
    Given the administrator is authenticated with role ""qa_verified"" and 11 matching records exist for automated report generation
    When the user submits ""Automated Report Generation"" with reference number ""1790"" and confirms the action
    Then the system returns status code 204 and ""Automated Report Generation"" is updated successfully
",1380,1,1,1,0,0.0,0.0,100.0,100.0,0.0,High
"Feature: The System To Securely Process API Rate Limiting

  Scenario: The System To Securely Process API Rate Limiting case 1
    Given the operator is authenticated with role ""qa_verified"" and 51 matching records exist for api rate limiting
    Then the system returns status code 204 and ""API Rate Limiting"" is updated successfully
",335,1,1,0,1,68.8,0.0,58.3,100.0,0.0,Medium
"Feature: The System To Securely Process Order Fulfillment Tracking

  Scenario: The System To Securely Process Order Fulfillment Tracking case 1
",145,0,0,0,0,0.0,0.0,8.3,0.0,1.0,Low
"Feature: The System To Properly Validate Single Sign-On Federation

  Scenario: The System To Properly Validate Single Sign-On Federation case 1
    Given the user is authenticated with role ""qa_verified"" and 153 matching records exist for single sign-on federation
    When the user submits ""Single Sign-On Federation"" with reference number ""1080"" and confirms the action
    Then the system returns status code 204 and ""Single Sign-On Federation"" is updated successfully

  Scenario: The System To Properly Validate Single Sign-On Federation case 2
    Given the operator is authenticated with role ""qa_verified"" and 104 matching records exist for single sign-on federation
    When the user submits ""Single Sign-On Federation"" with reference number ""2122"" and confirms the action
    Then the system returns status code 201 and ""Single Sign-On Federation"" is updated successfully

  Scenario: The System To Properly Validate Single Sign-On Federation case 3
    Given the customer is authenticated with role ""qa_verified"" and 182 matching records exist for single sign-on federation
    When the user submits ""Single Sign-On Federation"" with reference number ""6365"" and confirms the action
    Then the system returns status code 202 and ""Single Sign-On Federation"" is updated successfully
",1293,1,1,1,1,93.1,21.7,100.0,100.0,1.0,High
"Feature: The System To Accurately Track Automated Report Generation

  Scenario: The System To Accurately Track Automated Report Generation case 1
    Given the operator is authenticated with role ""qa_verified"" and 28 matching records exist for automated report generation
    When the user submits ""Automated Report Generation"" with reference number ""2623"" and confirms the action
    Then the system returns status code 201 and ""Automated Report Generation"" is updated successfully

  Scenario: The System To Accurately Track Automated Report Generation case 2
    Given the API client is authenticated with role ""qa_verified"" and 2 matching records exist for automated report generation
    When the user submits ""Automated Report Generation"" with reference number ""6390"" and confirms the action
    Then the system returns status code 201 and ""Automated Report Generation"" is updated successfully
",901,1,1,1,1,73.7,0.0,91.7,100.0,1.0,High
"Feature: The System To Gracefully Recover Failures In API Rate Limiting

  Scenario: The System To Gracefully Recover Failures In API Rate Limiting case 1
",155,0,0,0,1,25.0,0.0,8.3,0.0,1.0,Low
"Feature: The System To Gracefully Recover Failures In The Product Catalog Search

  Scenario: The System To Gracefully Recover Failures In The Product Catalog Search case 1
    Given the API client is authenticated with role ""qa_verified"" and 67 matching records exist for the product catalog search
    When the user submits ""The Product Catalog Search"" with reference number ""7180"" and confirms the action
    Then the system returns status code 202 and ""The Product Catalog Search"" is updated successfully

  Scenario: The System To Gracefully Recover Failures In The Product Catalog Search case 2
    Given the user is authenticated with role ""qa_verified"" and 24 matching records exist for the product catalog search
    When the user submits ""The Product Catalog Search"" with reference number ""5550"" and confirms the action
    Then the system returns status code 202 and ""The Product Catalog Search"" is updated successfully
",931,1,1,1,1,93.1,0.0,91.7,100.0,1.0,High
"Feature: The System To Gracefully Recover Failures In Order Fulfillment Tracking

  Scenario: The System To Gracefully Recover Failures In Order Fulfillment Tracking case 1
    Given the administrator is in sufficient correctly starting state for order fulfillment tracking
    When usual many action is performed on order fulfillment tracking
    Then the system responds in a certain normal way

  Scenario: The System To Gracefully Recover Failures In Order Fulfillment Tracking case 2
    Given the operator is in easily few starting state for order fulfillment tracking
    When usual effectively action is performed on order fulfillment tracking
    Then the system responds in a quickly suitable way
",707,1,1,1,1,73.7,100.0,91.7,0.0,1.0,Medium
"Feature: The System To Gracefully Recover Failures In The Search Indexing Pipeline

  Scenario: The System To Gracefully Recover Failures In The Search Indexing Pipeline case 1
    Given the customer is in sufficient properly starting state for the search indexing pipeline
",274,0,1,0,0,0.0,51.3,33.3,0.0,1.0,Low
"Feature: The System To Accurately Track The Notification Preferences Center

  Scenario: The System To Accurately Track The Notification Preferences Center case 1
    Given the API client is authenticated with role ""qa_verified"" and 60 matching records exist for the notification preferences center
    When the user submits ""The Notification Preferences Center"" with reference number ""2002"" and confirms the action
    Then the system returns status code 200 and ""The Notification Preferences Center"" is updated successfully

  Scenario: The System To Accurately Track The Notification Preferences Center case 2
    Given the API client is authenticated with role ""qa_verified"" and 13 matching records exist for the notification preferences center
    When the user submits ""The Notification Preferences Center"" with reference number ""8496"" and confirms the action
    Then the system returns status code 204 and ""The Notification Preferences Center"" is updated successfully
",976,1,1,1,1,92.9,0.0,91.7,100.0,1.0,High
"Feature: The System To Reliably Handle Customer Refund Workflows

  Scenario: The System To Reliably Handle Customer Refund Workflows case 1
    Given the API client is in efficiently occasionally starting state for customer refund workflows
    When usual usually action is performed on customer refund workflows
    Then the system responds in a properly efficiently way
",373,1,1,1,1,66.7,100.0,83.3,0.0,1.0,Medium
"Feature: The System Configured For Offline Mode Data Sync

  Scenario: The System Configured For Offline Mode Data Sync case 1
    When occasionally usually action is performed on offline mode data sync
",203,0,0,1,0,0.0,66.7,33.3,0.0,0.5,Low
"Feature: The System To Accurately Track Automated Report Generation

  Scenario: The System To Accurately Track Automated Report Generation case 1
    Given the administrator is authenticated with role ""qa_verified"" and 67 matching records exist for automated report generation
    When the user submits ""Automated Report Generation"" with reference number ""6379"" and confirms the action
    Then the system returns status code 200 and ""Automated Report Generation"" is updated successfully

  Scenario: The System To Accurately Track Automated Report Generation case 2
    Given the customer is authenticated with role ""qa_verified"" and 211 matching records exist for automated report generation
    When the user submits ""Automated Report Generation"" with reference number ""869"" and confirms the action
    Then the system returns status code 200 and ""Automated Report Generation"" is updated successfully
",905,1,1,1,1,93.1,0.0,91.7,100.0,1.0,High
"Feature: The System To Securely Process Data Encryption At Rest

  Scenario: The System To Securely Process Data Encryption At Rest case 1
    Given the administrator is in quickly various starting state for data encryption at rest
    Then the system responds in a generally suitable way
",289,1,1,0,0,0.0,90.9,58.3,0.0,0.5,Low
"Feature: The System Configured For Session Timeout Handling

  Scenario: The System Configured For Session Timeout Handling case 1
",131,0,0,0,0,0.0,0.0,8.3,0.0,1.0,Low
"Feature: The System To Correctly Support Order Fulfillment Tracking

  Scenario: The System To Correctly Support Order Fulfillment Tracking case 1
    Given the operator is authenticated with role ""qa_verified"" and 114 matching records exist for order fulfillment tracking
    When the user submits ""Order Fulfillment Tracking"" with reference number ""588"" and confirms the action
    Then the system returns status code 202 and ""Order Fulfillment Tracking"" is updated successfully

  Scenario: The System To Correctly Support Order Fulfillment Tracking case 2
    Given the operator is authenticated with role ""qa_verified"" and 64 matching records exist for order fulfillment tracking
    When the user submits ""Order Fulfillment Tracking"" with reference number ""9605"" and confirms the action
    Then the system returns status code 202 and ""Order Fulfillment Tracking"" is updated successfully
",894,1,1,1,1,96.4,25.6,91.7,100.0,1.0,High
"Feature: The System To Consistently Enforce Checkout Tax Calculation

  Scenario: The System To Consistently Enforce Checkout Tax Calculation case 1
    Given the operator is authenticated with role ""qa_verified"" and 6 matching records exist for checkout tax calculation
    When the user submits ""Checkout Tax Calculation"" with reference number ""1587"" and confirms the action
    Then the system returns status code 201 and ""Checkout Tax Calculation"" is updated successfully
",476,1,1,1,1,73.7,0.0,83.3,100.0,1.0,High
"Feature: The System To Be Compatible With The Payment Gateway

  Scenario: The System To Be Compatible With The Payment Gateway case 1
",135,0,0,0,0,0.0,0.0,8.3,0.0,1.0,Low
"Feature: The System To Accurately Track User Profile Photo Uploads

  Scenario: The System To Accurately Track User Profile Photo Uploads case 1
    Given the user is authenticated with role ""qa_verified"" and 57 matching records exist for user profile photo uploads
    When the user submits ""User Profile Photo Uploads"" with reference number ""6913"" and confirms the action
    Then the system returns status code 202 and ""User Profile Photo Uploads"" is updated successfully

  Scenario: The System To Accurately Track User Profile Photo Uploads case 2
    Given the operator is authenticated with role ""qa_verified"" and 178 matching records exist for user profile photo uploads
    When the user submits ""User Profile Photo Uploads"" with reference number ""247"" and confirms the action
    Then the system returns status code 204 and ""User Profile Photo Uploads"" is updated successfully

  Scenario: The System To Accurately Track User Profile Photo Uploads case 3
    Given the API client is authenticated with role ""qa_verified"" and 4 matching records exist for user profile photo uploads
    When the user submits ""User Profile Photo Uploads"" with reference number ""5790"" and confirms the action
    Then the system returns status code 200 and ""User Profile Photo Uploads"" is updated successfully
",1300,1,1,1,1,93.1,0.0,100.0,100.0,1.0,High
"Feature: The System To Reliably Handle The Payment Gateway

  Scenario: The System To Reliably Handle The Payment Gateway case 1
    Given the operator is in occasionally generally starting state for the payment gateway
    Then the system responds in a sufficient efficiently way
",281,1,1,0,0,0.0,97.6,58.3,0.0,1.0,Low
"Feature: The System Configured For Bulk CSV Data Import

  Scenario: The System Configured For Bulk CSV Data Import case 1
    Given the operator is in certain suitable starting state for bulk csv data import
    When normal suitable action is performed on bulk csv data import
",278,0,1,1,0,0.0,90.9,58.3,0.0,1.0,Low
"Feature: The System To Gracefully Recover Failures In The Payment Gateway

  Scenario: The System To Gracefully Recover Failures In The Payment Gateway case 1
    Given the customer is authenticated with role ""qa_verified"" and 142 matching records exist for the payment gateway
    When the user submits ""The Payment Gateway"" with reference number ""7737"" and confirms the action
    Then the system returns status code 204 and ""The Payment Gateway"" is updated successfully

  Scenario: The System To Gracefully Recover Failures In The Payment Gateway case 2
    Given the user is authenticated with role ""qa_verified"" and 7 matching records exist for the payment gateway
    When the user submits ""The Payment Gateway"" with reference number ""9150"" and confirms the action
    Then the system returns status code 200 and ""The Payment Gateway"" is updated successfully
",866,1,1,1,1,92.9,0.0,91.7,100.0,1.0,High
"Feature: The System To Correctly Support Data Encryption At Rest

  Scenario: The System To Correctly Support Data Encryption At Rest case 1
    Given the API client is in easily quickly starting state for data encryption at rest
    When normal properly action is performed on data encryption at rest
",302,0,1,1,1,71.4,100.0,58.3,0.0,0.0,Low
"Feature: The System To Correctly Support Role-Based Access Control

  Scenario: The System To Correctly Support Role-Based Access Control case 1
    Given the API client is in quickly acceptable starting state for role-based access control
    Then the system responds in a various normal way
",293,1,1,0,0,0.0,100.0,58.3,0.0,0.5,Low
"Feature: The System To Accurately Track Load Balancer Failover

  Scenario: The System To Accurately Track Load Balancer Failover case 1
    Given the API client is authenticated with role ""qa_verified"" and 31 matching records exist for load balancer failover
    When the user submits ""Load Balancer Failover"" with reference number ""3355"" and confirms the action
    Then the system returns status code 200 and ""Load Balancer Failover"" is updated successfully

  Scenario: The System To Accurately Track Load Balancer Failover case 2
    Given the API client is authenticated with role ""qa_verified"" and 194 matching records exist for load balancer failover
    When the user submits ""Load Balancer Failover"" with reference number ""4504"" and confirms the action
    Then the system returns status code 202 and ""Load Balancer Failover"" is updated successfully
",860,1,1,1,0,0.0,0.0,91.7,100.0,1.0,Medium
"Feature: The System Configured For Subscription Billing Cycles

  Scenario: The System Configured For Subscription Billing Cycles case 1
    Given the operator is authenticated with role ""qa_verified"" and 181 matching records exist for subscription billing cycles
    When the user submits ""Subscription Billing Cycles"" with reference number ""6692"" and confirms the action
    Then the system returns status code 200 and ""Subscription Billing Cycles"" is updated successfully
",475,1,1,1,0,0.0,0.0,83.3,100.0,1.0,Medium
"Feature: The System To Securely Process Inventory Stock Synchronization

  Scenario: The System To Securely Process Inventory Stock Synchronization case 1
    Then the system responds in a certain some way
",206,1,0,0,1,33.3,71.4,33.3,0.0,1.0,Low
"Feature: The System To Properly Validate Role-Based Access Control

  Scenario: The System To Properly Validate Role-Based Access Control case 1
    Given the API client is authenticated with role ""qa_verified"" and 7 matching records exist for role-based access control
    When the user submits ""Role-Based Access Control"" with reference number ""3093"" and confirms the action
    Then the system returns status code 202 and ""Role-Based Access Control"" is updated successfully

  Scenario: The System To Properly Validate Role-Based Access Control case 2
    Given the user is authenticated with role ""qa_verified"" and 42 matching records exist for role-based access control
    When the user submits ""Role-Based Access Control"" with reference number ""3734"" and confirms the action
    Then the system returns status code 201 and ""Role-Based Access Control"" is updated successfully

  Scenario: The System To Properly Validate Role-Based Access Control case 3
    Given the API client is authenticated with role ""qa_verified"" and 10 matching records exist for role-based access control
    When the user submits ""Role-Based Access Control"" with reference number ""7206"" and confirms the action
    Then the system returns status code 200 and ""Role-Based Access Control"" is updated successfully
",1293,1,1,1,1,92.9,21.5,100.0,100.0,0.5,High
"Feature: The System To Securely Process The Shopping Cart Checkout Flow

  Scenario: The System To Securely Process The Shopping Cart Checkout Flow case 1
    When the user submits ""The Shopping Cart Checkout Flow"" with reference number ""6504"" and confirms the action
",268,0,0,1,1,61.5,0.0,33.3,100.0,0.0,Low
"Feature: The System To Properly Validate The Audit Logging Subsystem

  Scenario: The System To Properly Validate The Audit Logging Subsystem case 1
",149,0,0,0,0,0.0,95.2,8.3,0.0,0.0,Low
"Feature: The System To Reliably Handle Windows Server

  Scenario: The System To Reliably Handle Windows Server case 1
    Given the user is authenticated with role ""qa_verified"" and 165 matching records exist for windows server
    When the user submits ""Windows Server"" with reference number ""139"" and confirms the action
    Then the system returns status code 204 and ""Windows Server"" is updated successfully

  Scenario: The System To Reliably Handle Windows Server case 2
    Given the administrator is authenticated with role ""qa_verified"" and 190 matching records exist for windows server
    When the user submits ""Windows Server"" with reference number ""7360"" and confirms the action
    Then the system returns status code 201 and ""Windows Server"" is updated successfully
",782,1,1,1,1,92.6,0.0,91.7,100.0,0.0,High
"Feature: The System To Securely Process Two-Factor SMS Verification

  Scenario: The System To Securely Process Two-Factor SMS Verification case 1
    Given the customer is in most suitable starting state for two-factor sms verification
    When reasonable usual action is performed on two-factor sms verification
",314,0,1,1,1,64.3,87.0,58.3,0.0,0.0,Low
"Feature: The System To Properly Validate Bulk CSV Data Import

  Scenario: The System To Properly Validate Bulk CSV Data Import case 1
    When usually correctly action is performed on bulk csv data import
",206,0,0,1,0,0.0,100.0,33.3,0.0,1.0,Low
"Feature: The System To Accurately Track Data Encryption At Rest

  Scenario: The System To Accurately Track Data Encryption At Rest case 1
    Given the customer is authenticated with role ""qa_verified"" and 235 matching records exist for data encryption at rest
    When the user submits ""Data Encryption At Rest"" with reference number ""1308"" and confirms the action
    Then the system returns status code 202 and ""Data Encryption At Rest"" is updated successfully

  Scenario: The System To Accurately Track Data Encryption At Rest case 2
    Given the administrator is authenticated with role ""qa_verified"" and 113 matching records exist for data encryption at rest
    When the user submits ""Data Encryption At Rest"" with reference number ""4426"" and confirms the action
    Then the system returns status code 201 and ""Data Encryption At Rest"" is updated successfully
",871,1,1,1,1,93.3,0.0,91.7,100.0,1.0,High
"Feature: The System To Accurately Track The Notification Preferences Center

  Scenario: The System To Accurately Track The Notification Preferences Center case 1
    When generally various action is performed on the notification preferences center
    Then the system responds in a acceptable quickly way
",306,1,0,1,0,0.0,97.6,58.3,0.0,1.0,Low
"Feature: The System Configured For The Search Indexing Pipeline

  Scenario: The System Configured For The Search Indexing Pipeline case 1
",139,0,0,0,0,0.0,0.0,8.3,0.0,0.0,Low
"Feature: The System Configured For Database Backup And Restore

  Scenario: The System Configured For Database Backup And Restore case 1
    Given the operator is authenticated with role ""qa_verified"" and 209 matching records exist for database backup and restore
    When the user submits ""Database Backup And Restore"" with reference number ""9061"" and confirms the action
    Then the system returns status code 201 and ""Database Backup And Restore"" is updated successfully

  Scenario: The System Configured For Database Backup And Restore case 2
    Given the operator is authenticated with role ""qa_verified"" and 220 matching records exist for database backup and restore
    When the user submits ""Database Backup And Restore"" with reference number ""8927"" and confirms the action
    Then the system returns status code 200 and ""Database Backup And Restore"" is updated successfully

  Scenario: The System Configured For Database Backup And Restore case 3
    Given the user is authenticated with role ""qa_verified"" and 101 matching records exist for database backup and restore
    When the user submits ""Database Backup And Restore"" with reference number ""5037"" and confirms the action
    Then the system returns status code 204 and ""Database Backup And Restore"" is updated successfully
",1295,1,1,1,1,92.6,0.0,100.0,100.0,1.0,High
"Feature: The System To Securely Process Role-Based Access Control

  Scenario: The System To Securely Process Role-Based Access Control case 1
    Given the customer is authenticated with role ""qa_verified"" and 249 matching records exist for role-based access control
    Then the system returns status code 202 and ""Role-Based Access Control"" is updated successfully
",368,1,1,0,0,0.0,0.0,58.3,100.0,0.0,Medium
"Feature: The System To Consistently Enforce Shipping Address Validation

  Scenario: The System To Consistently Enforce Shipping Address Validation case 1
",155,0,0,0,0,0.0,0.0,8.3,0.0,1.0,Low
"Feature: The System To Consistently Enforce Push Notification Delivery

  Scenario: The System To Consistently Enforce Push Notification Delivery case 1
    Given the API client is authenticated with role ""qa_verified"" and 46 matching records exist for push notification delivery
    When the user submits ""Push Notification Delivery"" with reference number ""7039"" and confirms the action
    Then the system returns status code 201 and ""Push Notification Delivery"" is updated successfully

  Scenario: The System To Consistently Enforce Push Notification Delivery case 2
    Given the API client is authenticated with role ""qa_verified"" and 11 matching records exist for push notification delivery
    When the user submits ""Push Notification Delivery"" with reference number ""6934"" and confirms the action
    Then the system returns status code 202 and ""Push Notification Delivery"" is updated successfully
",907,1,1,1,1,92.9,0.0,91.7,100.0,1.0,High
"Feature: The System To Properly Validate API Rate Limiting

  Scenario: The System To Properly Validate API Rate Limiting case 1
    Given the operator is authenticated with role ""qa_verified"" and 13 matching records exist for api rate limiting
    When the user submits ""API Rate Limiting"" with reference number ""8409"" and confirms the action
    Then the system returns status code 201 and ""API Rate Limiting"" is updated successfully
",436,1,1,1,1,72.2,31.7,83.3,100.0,1.0,High
"Feature: The System To Properly Validate The Shopping Cart Checkout Flow

  Scenario: The System To Properly Validate The Shopping Cart Checkout Flow case 1
    Then the system responds in a sufficient various way
",214,1,0,0,0,0.0,100.0,33.3,0.0,0.0,Low
"Feature: The System To Gracefully Recover Failures In Two-Factor SMS Verification

  Scenario: The System To Gracefully Recover Failures In Two-Factor SMS Verification case 1
    Given the administrator is authenticated with role ""qa_verified"" and 125 matching records exist for two-factor sms verification
    When the user submits ""Two-Factor SMS Verification"" with reference number ""5283"" and confirms the action
    Then the system returns status code 200 and ""Two-Factor SMS Verification"" is updated successfully

  Scenario: The System To Gracefully Recover Failures In Two-Factor SMS Verification case 2
    Given the user is authenticated with role ""qa_verified"" and 77 matching records exist for two-factor sms verification
    When the user submits ""Two-Factor SMS Verification"" with reference number ""600"" and confirms the action
    Then the system returns status code 204 and ""Two-Factor SMS Verification"" is updated successfully

  Scenario: The System To Gracefully Recover Failures In Two-Factor SMS Verification case 3
    Given the API client is authenticated with role ""qa_verified"" and 211 matching records exist for two-factor sms verification
    When the user submits ""Two-Factor SMS Verification"" with reference number ""8630"" and confirms the action
    Then the system returns status code 201 and ""Two-Factor SMS Verification"" is updated successfully
",1376,1,1,1,1,93.3,0.0,100.0,100.0,0.0,High
"Feature: The System To Properly Validate API Rate Limiting

  Scenario: The System To Properly Validate API Rate Limiting case 1
    When typical normal action is performed on api rate limiting

  Scenario: The System To Properly Validate API Rate Limiting case 2
    When properly sufficient action is performed on api rate limiting
",334,0,0,1,1,58.3,100.0,41.7,0.0,1.0,Low
"Feature: The System To Reliably Handle The Shopping Cart Checkout Flow

  Scenario: The System To Reliably Handle The Shopping Cart Checkout Flow case 1
",153,0,0,0,0,0.0,0.0,8.3,0.0,0.5,Low
"Feature: The System To Reliably Handle Offline Mode Data Sync

  Scenario: The System To Reliably Handle Offline Mode Data Sync case 1
    When the user submits ""Offline Mode Data Sync"" with reference number ""5447"" and confirms the action
    Then the system returns status code 200 and ""Offline Mode Data Sync"" is updated successfully

  Scenario: The System To Reliably Handle Offline Mode Data Sync case 2
    When the user submits ""Offline Mode Data Sync"" with reference number ""5646"" and confirms the action
    Then the system returns status code 202 and ""Offline Mode Data Sync"" is updated successfully
",610,1,0,1,1,90.9,0.0,66.7,100.0,1.0,High
"Feature: The System To Consistently Enforce The Product Catalog Search

  Scenario: The System To Consistently Enforce The Product Catalog Search case 1
    Given the user is authenticated with role ""qa_verified"" and 138 matching records exist for the product catalog search
    Then the system returns status code 200 and ""The Product Catalog Search"" is updated successfully

  Scenario: The System To Consistently Enforce The Product Catalog Search case 2
    Given the user is authenticated with role ""qa_verified"" and 62 matching records exist for the product catalog search
    Then the system returns status code 201 and ""The Product Catalog Search"" is updated successfully
",680,1,1,0,0,0.0,0.0,66.7,100.0,0.0,Medium
"Feature: The System To Gracefully Recover Failures In API Rate Limiting

  Scenario: The System To Gracefully Recover Failures In API Rate Limiting case 1
    Given the administrator is in sufficient acceptable starting state for api rate limiting
",248,0,1,0,0,0.0,55.6,33.3,0.0,1.0,Low
"Feature: The System To Accurately Track The Payment Gateway

  Scenario: The System To Accurately Track The Payment Gateway case 1
    Given the operator is authenticated with role ""qa_verified"" and 233 matching records exist for the payment gateway
    When the user submits ""The Payment Gateway"" with reference number ""5987"" and confirms the action
    Then the system returns status code 202 and ""The Payment Gateway"" is updated successfully

  Scenario: The System To Accurately Track The Payment Gateway case 2
    Given the API client is authenticated with role ""qa_verified"" and 142 matching records exist for the payment gateway
    When the user submits ""The Payment Gateway"" with reference number ""6748"" and confirms the action
    Then the system returns status code 202 and ""The Payment Gateway"" is updated successfully

  Scenario: The System To Accurately Track The Payment Gateway case 3
    Given the API client is authenticated with role ""qa_verified"" and 111 matching records exist for the payment gateway
    When the user submits ""The Payment Gateway"" with reference number ""1958"" and confirms the action
    Then the system returns status code 200 and ""The Payment Gateway"" is updated successfully
",1219,1,1,1,1,92.9,0.0,100.0,100.0,1.0,High
"Feature: The System To Consistently Enforce The Audit Logging Subsystem

  Scenario: The System To Consistently Enforce The Audit Logging Subsystem case 1
    Given the user is authenticated with role ""qa_verified"" and 107 matching records exist for the audit logging subsystem
    When the user submits ""The Audit Logging Subsystem"" with reference number ""5766"" and confirms the action
    Then the system returns status code 201 and ""The Audit Logging Subsystem"" is updated successfully
",489,1,1,1,1,73.7,0.0,83.3,100.0,1.0,High
"Feature: The System To Consistently Enforce Push Notification Delivery

  Scenario: The System To Consistently Enforce Push Notification Delivery case 1
    Then the system responds in a appropriate few way
",207,1,0,0,0,0.0,71.4,33.3,0.0,1.0,Low
"Feature: The System To Accurately Track Bulk CSV Data Import

  Scenario: The System To Accurately Track Bulk CSV Data Import case 1
    When the user submits ""Bulk CSV Data Import"" with reference number ""5460"" and confirms the action
    Then the system returns status code 202 and ""Bulk CSV Data Import"" is updated successfully

  Scenario: The System To Accurately Track Bulk CSV Data Import case 2
    When the user submits ""Bulk CSV Data Import"" with reference number ""7460"" and confirms the action
    Then the system returns status code 201 and ""Bulk CSV Data Import"" is updated successfully
",599,1,0,1,1,90.5,0.0,66.7,100.0,1.0,High
"Feature: The System To Consistently Enforce The Notification Preferences Center

  Scenario: The System To Consistently Enforce The Notification Preferences Center case 1
    Given the administrator is in quickly suitable starting state for the notification preferences center
    When effectively certain action is performed on the notification preferences center
    Then the system responds in a various efficiently way

  Scenario: The System To Consistently Enforce The Notification Preferences Center case 2
    Given the customer is in usually effectively starting state for the notification preferences center
    When many efficiently action is performed on the notification preferences center
    Then the system responds in a quickly many way
",754,1,1,1,0,0.0,100.0,91.7,0.0,1.0,Low
"Feature: The System To Consistently Enforce Password Reset Emails

  Scenario: The System To Consistently Enforce Password Reset Emails case 1
    Then the system responds in a usual reasonable way
",198,1,0,0,0,0.0,71.4,33.3,0.0,0.5,Low
"Feature: The System To Reliably Handle Shipping Address Validation

  Scenario: The System To Reliably Handle Shipping Address Validation case 1
    Given the API client is authenticated with role ""qa_verified"" and 104 matching records exist for shipping address validation
    When the user submits ""Shipping Address Validation"" with reference number ""7826"" and confirms the action
    Then the system returns status code 200 and ""Shipping Address Validation"" is updated successfully

  Scenario: The System To Reliably Handle Shipping Address Validation case 2
    Given the user is authenticated with role ""qa_verified"" and 25 matching records exist for shipping address validation
    When the user submits ""Shipping Address Validation"" with reference number ""4074"" and confirms the action
    Then the system returns status code 201 and ""Shipping Address Validation"" is updated successfully
",896,1,1,1,1,92.9,0.0,91.7,100.0,0.0,High
"Feature: The System Configured For Shipping Address Validation

  Scenario: The System Configured For Shipping Address Validation case 1
    Then the system responds in a correctly usually way

  Scenario: The System Configured For Shipping Address Validation case 2
    Then the system responds in a quickly effectively way
",325,1,0,0,1,61.5,90.9,41.7,0.0,1.0,Low
"Feature: The System To Consistently Enforce Customer Refund Workflows

  Scenario: The System To Consistently Enforce Customer Refund Workflows case 1
",151,0,0,0,0,0.0,0.0,8.3,0.0,1.0,Low
"Feature: The System To Be Compatible With The Audit Logging Subsystem

  Scenario: The System To Be Compatible With The Audit Logging Subsystem case 1
    Given the administrator is authenticated with role ""qa_verified"" and 233 matching records exist for the audit logging subsystem
    When the user submits ""The Audit Logging Subsystem"" with reference number ""4627"" and confirms the action
    Then the system returns status code 202 and ""The Audit Logging Subsystem"" is updated successfully

  Scenario: The System To Be Compatible With The Audit Logging Subsystem case 2
    Given the API client is authenticated with role ""qa_verified"" and 129 matching records exist for the audit logging subsystem
    When the user submits ""The Audit Logging Subsystem"" with reference number ""6245"" and confirms the action
    Then the system returns status code 201 and ""The Audit Logging Subsystem"" is updated successfully

  Scenario: The System To Be Compatible With The Audit Logging Subsystem case 3
    Given the administrator is authenticated with role ""qa_verified"" and 101 matching records exist for the audit logging subsystem
    When the user submits ""The Audit Logging Subsystem"" with reference number ""6562"" and confirms the action
    Then the system returns status code 204 and ""The Audit Logging Subsystem"" is updated successfully
",1339,1,1,1,1,92.9,0.0,100.0,100.0,1.0,High
"Feature: The System To Reliably Handle Role-Based Access Control

  Scenario: The System To Reliably Handle Role-Based Access Control case 1
    When the user submits ""Role-Based Access Control"" with reference number ""3302"" and confirms the action
    Then the system returns status code 204 and ""Role-Based Access Control"" is updated successfully
",348,1,0,1,0,0.0,0.0,58.3,100.0,1.0,Medium
"Feature: The System To Gracefully Recover Failures In The Payment Gateway

  Scenario: The System To Gracefully Recover Failures In The Payment Gateway case 1
",159,0,0,0,0,0.0,0.0,8.3,0.0,1.0,Low
"Feature: The System Configured For The Notification Preferences Center

  Scenario: The System Configured For The Notification Preferences Center case 1
    Given the customer is authenticated with role ""qa_verified"" and 119 matching records exist for the notification preferences center
    When the user submits ""The Notification Preferences Center"" with reference number ""9594"" and confirms the action
    Then the system returns status code 200 and ""The Notification Preferences Center"" is updated successfully

  Scenario: The System Configured For The Notification Preferences Center case 2
    Given the customer is authenticated with role ""qa_verified"" and 227 matching records exist for the notification preferences center
    When the user submits ""The Notification Preferences Center"" with reference number ""4861"" and confirms the action
    Then the system returns status code 202 and ""The Notification Preferences Center"" is updated successfully
",959,1,1,1,1,92.9,0.0,91.7,100.0,0.0,High
"Feature: The System To Gracefully Recover Failures In The Notification Preferences Center

  Scenario: The System To Gracefully Recover Failures In The Notification Preferences Center case 1
    Given the API client is in etc sufficient starting state for the notification preferences center
    When acceptable effectively action is performed on the notification preferences center
    Then the system responds in a etc several way

  Scenario: The System To Gracefully Recover Failures In The Notification Preferences Center case 2
    Given the administrator is in normal sufficient starting state for the notification preferences center
    When properly etc action is performed on the notification preferences center
    Then the system responds in a effectively typical way
",780,1,1,1,0,0.0,100.0,91.7,0.0,1.0,Low
"Feature: The System Configured For Load Balancer Failover

  Scenario: The System Configured For Load Balancer Failover case 1
",127,0,0,0,0,0.0,0.0,8.3,0.0,0.0,Low
"Feature: The System To Reliably Handle Role-Based Access Control

  Scenario: The System To Reliably Handle Role-Based Access Control case 1
    Given the customer is authenticated with role ""qa_verified"" and 219 matching records exist for role-based access control
    When the user submits ""Role-Based Access Control"" with reference number ""2928"" and confirms the action
    Then the system returns status code 200 and ""Role-Based Access Control"" is updated successfully

  Scenario: The System To Reliably Handle Role-Based Access Control case 2
    Given the customer is authenticated with role ""qa_verified"" and 113 matching records exist for role-based access control
    When the user submits ""Role-Based Access Control"" with reference number ""9487"" and confirms the action
    Then the system returns status code 200 and ""Role-Based Access Control"" is updated successfully

  Scenario: The System To Reliably Handle Role-Based Access Control case 3
    Given the API client is authenticated with role ""qa_verified"" and 31 matching records exist for role-based access control
    When the user submits ""Role-Based Access Control"" with reference number ""4854"" and confirms the action
    Then the system returns status code 200 and ""Role-Based Access Control"" is updated successfully
",1290,1,1,1,1,93.3,0.0,100.0,100.0,0.0,High
"Feature: The System To Reliably Handle Session Timeout Handling

  Scenario: The System To Reliably Handle Session Timeout Handling case 1
    When etc reasonable action is performed on session timeout handling
    Then the system responds in a correctly acceptable way

  Scenario: The System To Reliably Handle Session Timeout Handling case 2
    When occasionally various action is performed on session timeout handling
    Then the system responds in a normal properly way
",477,1,0,1,1,66.7,100.0,66.7,0.0,0.5,Low
"Feature: The System To Consistently Enforce Windows Server

  Scenario: The System To Consistently Enforce Windows Server case 1
",129,0,0,0,1,33.3,0.0,8.3,0.0,0.0,Low
"Feature: The System To Properly Validate API Rate Limiting

  Scenario: The System To Properly Validate API Rate Limiting case 1
    Given the customer is authenticated with role ""qa_verified"" and 146 matching records exist for api rate limiting
    When the user submits ""API Rate Limiting"" with reference number ""277"" and confirms the action
    Then the system returns status code 202 and ""API Rate Limiting"" is updated successfully

  Scenario: The System To Properly Validate API Rate Limiting case 2
    Given the operator is authenticated with role ""qa_verified"" and 211 matching records exist for api rate limiting
    When the user submits ""API Rate Limiting"" with reference number ""7728"" and confirms the action
    Then the system returns status code 204 and ""API Rate Limiting"" is updated successfully

  Scenario: The System To Properly Validate API Rate Limiting case 3
    Given the API client is authenticated with role ""qa_verified"" and 29 matching records exist for api rate limiting
    When the user submits ""API Rate Limiting"" with reference number ""4968"" and confirms the action
    Then the system returns status code 201 and ""API Rate Limiting"" is updated successfully
",1193,1,1,1,1,93.3,23.3,100.0,100.0,0.0,High
"Feature: The System To Correctly Support Both AWS And Azure Platforms

  Scenario: The System To Correctly Support Both AWS And Azure Platforms case 1
    Given the administrator is authenticated with role ""qa_verified"" and 194 matching records exist for both aws and azure platforms
    When the user submits ""Both AWS And Azure Platforms"" with reference number ""8855"" and confirms the action
    Then the system returns status code 200 and ""Both AWS And Azure Platforms"" is updated successfully
",497,1,1,1,1,77.8,27.4,83.3,100.0,1.0,High
"Feature: The System To Correctly Support Single Sign-On Federation

  Scenario: The System To Correctly Support Single Sign-On Federation case 1
    Given the user is in adequate generally starting state for single sign-on federation
    When properly normal action is performed on single sign-on federation
",308,0,1,1,0,0.0,100.0,58.3,0.0,1.0,Low
"Feature: The System To Correctly Support Inventory Stock Synchronization

  Scenario: The System To Correctly Support Inventory Stock Synchronization case 1
    Given the customer is authenticated with role ""qa_verified"" and 27 matching records exist for inventory stock synchronization
    When the user submits ""Inventory Stock Synchronization"" with reference number ""6265"" and confirms the action
    Then the system returns status code 200 and ""Inventory Stock Synchronization"" is updated successfully

  Scenario: The System To Correctly Support Inventory Stock Synchronization case 2
    Given the customer is authenticated with role ""qa_verified"" and 186 matching records exist for inventory stock synchronization
    When the user submits ""Inventory Stock Synchronization"" with reference number ""156"" and confirms the action
    Then the system returns status code 202 and ""Inventory Stock Synchronization"" is updated successfully

  Scenario: The System To Correctly Support Inventory Stock Synchronization case 3
    Given the user is authenticated with role ""qa_verified"" and 67 matching records exist for inventory stock synchronization
    When the user submits ""Inventory Stock Synchronization"" with reference number ""7048"" and confirms the action
    Then the system returns status code 201 and ""Inventory Stock Synchronization"" is updated successfully
",1368,1,1,1,0,0.0,23.4,100.0,100.0,1.0,Medium
"Feature: The System Configured For Cross-Browser Rendering

  Scenario: The System Configured For Cross-Browser Rendering case 1
    Given the API client is authenticated with role ""qa_verified"" and 232 matching records exist for cross-browser rendering
    When the user submits ""Cross-Browser Rendering"" with reference number ""6111"" and confirms the action
    Then the system returns status code 204 and ""Cross-Browser Rendering"" is updated successfully
",457,1,1,1,0,0.0,0.0,83.3,100.0,1.0,Medium
"Feature: The System To Properly Validate Database Backup And Restore

  Scenario: The System To Properly Validate Database Backup And Restore case 1
    When efficiently appropriate action is performed on database backup and restore
",233,0,0,1,1,33.3,100.0,33.3,0.0,1.0,Low
"Feature: The System To Gracefully Recover Failures In Shipping Address Validation

  Scenario: The System To Gracefully Recover Failures In Shipping Address Validation case 1
    Given the administrator is authenticated with role ""qa_verified"" and 181 matching records exist for shipping address validation
    When the user submits ""Shipping Address Validation"" with reference number ""5177"" and confirms the action
    Then the system returns status code 204 and ""Shipping Address Validation"" is updated successfully

  Scenario: The System To Gracefully Recover Failures In Shipping Address Validation case 2
    Given the administrator is authenticated with role ""qa_verified"" and 69 matching records exist for shipping address validation
    When the user submits ""Shipping Address Validation"" with reference number ""2430"" and confirms the action
    Then the system returns status code 202 and ""Shipping Address Validation"" is updated successfully

  Scenario: The System To Gracefully Recover Failures In Shipping Address Validation case 3
    Given the user is authenticated with role ""qa_verified"" and 172 matching records exist for shipping address validation
    When the user submits ""Shipping Address Validation"" with reference number ""8189"" and confirms the action
    Then the system returns status code 202 and ""Shipping Address Validation"" is updated successfully
",1380,1,1,1,1,93.1,0.0,100.0,100.0,1.0,High
"Feature: The System Configured For Shipping Address Validation

  Scenario: The System Configured For Shipping Address Validation case 1
    When the user submits ""Shipping Address Validation"" with reference number ""8949"" and confirms the action
",246,0,0,1,1,61.5,0.0,33.3,100.0,0.5,Low
"Feature: The System To Gracefully Recover Failures In API Rate Limiting

  Scenario: The System To Gracefully Recover Failures In API Rate Limiting case 1
    Given the administrator is in normal etc starting state for api rate limiting
    When few generally action is performed on api rate limiting
    Then the system responds in a effectively usually way
",359,1,1,1,0,0.0,100.0,83.3,0.0,1.0,Low
"Feature: The System To Be Compatible With The Product Catalog Search

  Scenario: The System To Be Compatible With The Product Catalog Search case 1
    Given the operator is in quickly usual starting state for the product catalog search
    When appropriate various action is performed on the product catalog search
    Then the system responds in a generally properly way

  Scenario: The System To Be Compatible With The Product Catalog Search case 2
    Given the customer is in appropriate sufficient starting state for the product catalog search
    When effectively normal action is performed on the product catalog search
    Then the system responds in a quickly certain way

  Scenario: The System To Be Compatible With The Product Catalog Search case 3
    Given the API client is in sufficient few starting state for the product catalog search
    When correctly properly action is performed on the product catalog search
    Then the system responds in a normal quickly way
",987,1,1,1,1,92.9,100.0,100.0,0.0,1.0,Medium
"Feature: The System To Accurately Track Push Notification Delivery

  Scenario: The System To Accurately Track Push Notification Delivery case 1
    When the user submits ""Push Notification Delivery"" with reference number ""21"" and confirms the action
    Then the system returns status code 204 and ""Push Notification Delivery"" is updated successfully
",352,1,0,1,0,0.0,0.0,58.3,100.0,0.5,Medium
"Feature: The System To Securely Process Customer Refund Workflows

  Scenario: The System To Securely Process Customer Refund Workflows case 1
    When various typical action is performed on customer refund workflows
    Then the system responds in a reasonable sufficient way
",277,1,0,1,1,44.4,100.0,58.3,0.0,0.0,Low
"Feature: The System To Consistently Enforce Password Reset Emails

  Scenario: The System To Consistently Enforce Password Reset Emails case 1
    Given the user is authenticated with role ""qa_verified"" and 180 matching records exist for password reset emails
    When the user submits ""Password Reset Emails"" with reference number ""1396"" and confirms the action
    Then the system returns status code 201 and ""Password Reset Emails"" is updated successfully

  Scenario: The System To Consistently Enforce Password Reset Emails case 2
    Given the customer is authenticated with role ""qa_verified"" and 224 matching records exist for password reset emails
    When the user submits ""Password Reset Emails"" with reference number ""2216"" and confirms the action
    Then the system returns status code 201 and ""Password Reset Emails"" is updated successfully
",856,1,1,1,0,0.0,0.0,91.7,100.0,1.0,Medium
"Feature: The System Configured For Session Timeout Handling

  Scenario: The System Configured For Session Timeout Handling case 1
    Given the API client is in suitable adequate starting state for session timeout handling
    When few occasionally action is performed on session timeout handling
    Then the system responds in a some acceptable way

  Scenario: The System Configured For Session Timeout Handling case 2
    Given the user is in typical correctly starting state for session timeout handling
    When occasionally adequate action is performed on session timeout handling
    Then the system responds in a suitable easily way
",643,1,1,1,1,68.8,100.0,91.7,0.0,0.0,Medium
"Feature: The System To Securely Process Third-Party Payment Providers

  Scenario: The System To Securely Process Third-Party Payment Providers case 1
    Then the system responds in a quickly several way
",205,1,0,0,0,0.0,66.7,33.3,0.0,0.0,Low
"Feature: The System To Be Compatible With The Payment Gateway

  Scenario: The System To Be Compatible With The Payment Gateway case 1
    Given the user is authenticated with role ""qa_verified"" and 216 matching records exist for the payment gateway
    Then the system returns status code 201 and ""The Payment Gateway"" is updated successfully

  Scenario: The System To Be Compatible With The Payment Gateway case 2
    Given the operator is authenticated with role ""qa_verified"" and 100 matching records exist for the payment gateway
    Then the system returns status code 202 and ""The Payment Gateway"" is updated successfully

  Scenario: The System To Be Compatible With The Payment Gateway case 3
    Given the API client is authenticated with role ""qa_verified"" and 115 matching records exist for the payment gateway
    Then the system returns status code 200 and ""The Payment Gateway"" is updated successfully
",918,1,1,0,1,91.3,0.0,75.0,100.0,1.0,High
"Feature: The System To Gracefully Recover Failures In Multi-Factor Authentication

  Scenario: The System To Gracefully Recover Failures In Multi-Factor Authentication case 1
    Given the user is in occasionally easily starting state for multi-factor authentication
    When easily few action is performed on multi-factor authentication
    Then the system responds in a etc various way
",388,1,1,1,1,66.7,100.0,83.3,0.0,0.0,Medium
"Feature: The System To Be Compatible With Role-Based Access Control

  Scenario: The System To Be Compatible With Role-Based Access Control case 1
",147,0,0,0,0,0.0,0.0,8.3,0.0,0.0,Low
"Feature: The System To Accurately Track Password Reset Emails

  Scenario: The System To Accurately Track Password Reset Emails case 1
    Given the user is authenticated with role ""qa_verified"" and 174 matching records exist for password reset emails
    When the user submits ""Password Reset Emails"" with reference number ""6722"" and confirms the action
    Then the system returns status code 202 and ""Password Reset Emails"" is updated successfully

  Scenario: The System To Accurately Track Password Reset Emails case 2
    Given the user is authenticated with role ""qa_verified"" and 229 matching records exist for password reset emails
    When the user submits ""Password Reset Emails"" with reference number ""4325"" and confirms the action
    Then the system returns status code 202 and ""Password Reset Emails"" is updated successfully
",840,1,1,1,1,92.9,0.0,91.7,100.0,1.0,High
"Feature: The System To Consistently Enforce The Search Indexing Pipeline

  Scenario: The System To Consistently Enforce The Search Indexing Pipeline case 1
    When the user submits ""The Search Indexing Pipeline"" with reference number ""50"" and confirms the action
    Then the system returns status code 200 and ""The Search Indexing Pipeline"" is updated successfully

  Scenario: The System To Consistently Enforce The Search Indexing Pipeline case 2
    When the user submits ""The Search Indexing Pipeline"" with reference number ""1830"" and confirms the action
    Then the system returns status code 200 and ""The Search Indexing Pipeline"" is updated successfully
",665,1,0,1,0,0.0,0.0,66.7,100.0,1.0,Medium
"Feature: The System To Correctly Support Role-Based Access Control

  Scenario: The System To Correctly Support Role-Based Access Control case 1
",145,0,0,0,0,0.0,95.2,8.3,0.0,0.5,Low
"Feature: The System To Properly Validate Load Balancer Failover

  Scenario: The System To Properly Validate Load Balancer Failover case 1
    Given the user is authenticated with role ""qa_verified"" and 181 matching records exist for load balancer failover
    When the user submits ""Load Balancer Failover"" with reference number ""1421"" and confirms the action
    Then the system returns status code 201 and ""Load Balancer Failover"" is updated successfully

  Scenario: The System To Properly Validate Load Balancer Failover case 2
    Given the customer is authenticated with role ""qa_verified"" and 129 matching records exist for load balancer failover
    When the user submits ""Load Balancer Failover"" with reference number ""1235"" and confirms the action
    Then the system returns status code 202 and ""Load Balancer Failover"" is updated successfully
",856,1,1,1,1,93.1,25.6,91.7,100.0,1.0,High
"Feature: The System To Be Compatible With The Notification Preferences Center

  Scenario: The System To Be Compatible With The Notification Preferences Center case 1
    When sufficient usual action is performed on the notification preferences center
    Then the system responds in a properly typical way

  Scenario: The System To Be Compatible With The Notification Preferences Center case 2
    When sufficient most action is performed on the notification preferences center
    Then the system responds in a several sufficient way
",537,1,0,1,1,66.7,100.0,66.7,0.0,0.0,Low
"Feature: The System To Correctly Support Subscription Billing Cycles

  Scenario: The System To Correctly Support Subscription Billing Cycles case 1
    When correctly most action is performed on subscription billing cycles
    Then the system responds in a appropriate usual way
",280,1,0,1,1,55.6,100.0,58.3,0.0,1.0,Low
"Feature: The System To Correctly Support Database Backup And Restore

  Scenario: The System To Correctly Support Database Backup And Restore case 1
    Given the customer is authenticated with role ""qa_verified"" and 131 matching records exist for database backup and restore
    When the user submits ""Database Backup And Restore"" with reference number ""3715"" and confirms the action
    Then the system returns status code 201 and ""Database Backup And Restore"" is updated successfully

  Scenario: The System To Correctly Support Database Backup And Restore case 2
    Given the customer is authenticated with role ""qa_verified"" and 209 matching records exist for database backup and restore
    When the user submits ""Database Backup And Restore"" with reference number ""767"" and confirms the action
    Then the system returns status code 204 and ""Database Backup And Restore"" is updated successfully

  Scenario: The System To Correctly Support Database Backup And Restore case 3
    Given the API client is authenticated with role ""qa_verified"" and 38 matching records exist for database backup and restore
    When the user submits ""Database Backup And Restore"" with reference number ""965"" and confirms the action
    Then the system returns status code 201 and ""Database Backup And Restore"" is updated successfully
",1322,1,1,1,1,96.6,21.6,100.0,100.0,0.0,High
"Feature: The System Configured For Data Encryption At Rest

  Scenario: The System Configured For Data Encryption At Rest case 1
    Given the API client is authenticated with role ""qa_verified"" and 24 matching records exist for data encryption at rest
    When the user submits ""Data Encryption At Rest"" with reference number ""7804"" and confirms the action
    Then the system returns status code 201 and ""Data Encryption At Rest"" is updated successfully

  Scenario: The System Configured For Data Encryption At Rest case 2
    Given the administrator is authenticated with role ""qa_verified"" and 195 matching records exist for data encryption at rest
    When the user submits ""Data Encryption At Rest"" with reference number ""2000"" and confirms the action
    Then the system returns status code 202 and ""Data Encryption At Rest"" is updated successfully
",857,1,1,1,1,73.7,0.0,91.7,100.0,1.0,High
"Feature: The System Configured For Password Reset Emails

  Scenario: The System Configured For Password Reset Emails case 1
    Given the API client is in quickly appropriate starting state for password reset emails
",217,0,1,0,0,0.0,64.5,33.3,0.0,0.5,Low
"Feature: The System To Accurately Track The Product Catalog Search

  Scenario: The System To Accurately Track The Product Catalog Search case 1
    Given the operator is authenticated with role ""qa_verified"" and 42 matching records exist for the product catalog search
    When the user submits ""The Product Catalog Search"" with reference number ""6635"" and confirms the action
    Then the system returns status code 202 and ""The Product Catalog Search"" is updated successfully

  Scenario: The System To Accurately Track The Product Catalog Search case 2
    Given the operator is authenticated with role ""qa_verified"" and 123 matching records exist for the product catalog search
    When the user submits ""The Product Catalog Search"" with reference number ""5212"" and confirms the action
    Then the system returns status code 204 and ""The Product Catalog Search"" is updated successfully

  Scenario: The System To Accurately Track The Product Catalog Search case 3
    Given the operator is authenticated with role ""qa_verified"" and 182 matching records exist for the product catalog search
    When the user submits ""The Product Catalog Search"" with reference number ""6980"" and confirms the action
    Then the system returns status code 204 and ""The Product Catalog Search"" is updated successfully
",1305,1,1,1,1,92.9,0.0,100.0,100.0,1.0,High
"Feature: The System To Properly Validate Cross-Browser Rendering

  Scenario: The System To Properly Validate Cross-Browser Rendering case 1
    Given the API client is authenticated with role ""qa_verified"" and 215 matching records exist for cross-browser rendering
    When the user submits ""Cross-Browser Rendering"" with reference number ""6572"" and confirms the action
    Then the system returns status code 200 and ""Cross-Browser Rendering"" is updated successfully

  Scenario: The System To Properly Validate Cross-Browser Rendering case 2
    Given the user is authenticated with role ""qa_verified"" and 86 matching records exist for cross-browser rendering
    When the user submits ""Cross-Browser Rendering"" with reference number ""979"" and confirms the action
    Then the system returns status code 202 and ""Cross-Browser Rendering"" is updated successfully
",865,1,1,1,1,72.2,25.4,91.7,100.0,1.0,High
"Feature: The System To Correctly Support Single Sign-On Federation

  Scenario: The System To Correctly Support Single Sign-On Federation case 1
    When the user submits ""Single Sign-On Federation"" with reference number ""412"" and confirms the action
    Then the system returns status code 201 and ""Single Sign-On Federation"" is updated successfully
",351,1,0,1,1,55.6,40.0,58.3,100.0,0.0,Medium
"Feature: The System Configured For Checkout Tax Calculation

  Scenario: The System Configured For Checkout Tax Calculation case 1
    Given the user is in efficiently certain starting state for checkout tax calculation
    When efficiently adequate action is performed on checkout tax calculation
    Then the system responds in a most quickly way

  Scenario: The System Configured For Checkout Tax Calculation case 2
    Given the API client is in many few starting state for checkout tax calculation
    When etc various action is performed on checkout tax calculation
    Then the system responds in a etc effectively way
",627,1,1,1,1,91.3,100.0,91.7,0.0,0.0,Medium
"Feature: The System To Properly Validate Subscription Billing Cycles

  Scenario: The System To Properly Validate Subscription Billing Cycles case 1
    Given the user is in sufficient correctly starting state for subscription billing cycles
    When usually appropriate action is performed on subscription billing cycles
    Then the system responds in a several quickly way
",376,1,1,1,1,70.6,100.0,83.3,0.0,0.0,Medium
"Feature: The System To Accurately Track The Audit Logging Subsystem

  Scenario: The System To Accurately Track The Audit Logging Subsystem case 1
    Given the API client is in various etc starting state for the audit logging subsystem
",237,0,1,0,0,0.0,55.6,33.3,0.0,1.0,Low
"Feature: The System To Correctly Support Third-Party Payment Providers

  Scenario: The System To Correctly Support Third-Party Payment Providers case 1
    Given the API client is authenticated with role ""qa_verified"" and 136 matching records exist for third-party payment providers
    When the user submits ""Third-Party Payment Providers"" with reference number ""3415"" and confirms the action
    Then the system returns status code 204 and ""Third-Party Payment Providers"" is updated successfully

  Scenario: The System To Correctly Support Third-Party Payment Providers case 2
    Given the customer is authenticated with role ""qa_verified"" and 240 matching records exist for third-party payment providers
    When the user submits ""Third-Party Payment Providers"" with reference number ""7797"" and confirms the action
    Then the system returns status code 201 and ""Third-Party Payment Providers"" is updated successfully
",925,1,1,1,1,96.6,23.6,91.7,100.0,1.0,High
"Feature: The System To Gracefully Recover Failures In Database Backup And Restore

  Scenario: The System To Gracefully Recover Failures In Database Backup And Restore case 1
    Then the system responds in a few properly way
",226,1,0,0,1,58.3,58.8,33.3,0.0,1.0,Low
"Feature: The System To Gracefully Recover Failures In Windows Server

  Scenario: The System To Gracefully Recover Failures In Windows Server case 1
    Then the system responds in a various many way
",200,1,0,0,0,0.0,66.7,33.3,0.0,0.0,Low
"Feature: The System To Reliably Handle Two-Factor SMS Verification

  Scenario: The System To Reliably Handle Two-Factor SMS Verification case 1
    Given the administrator is authenticated with role ""qa_verified"" and 122 matching records exist for two-factor sms verification
    When the user submits ""Two-Factor SMS Verification"" with reference number ""4918"" and confirms the action
    Then the system returns status code 200 and ""Two-Factor SMS Verification"" is updated successfully

  Scenario: The System To Reliably Handle Two-Factor SMS Verification case 2
    Given the operator is authenticated with role ""qa_verified"" and 215 matching records exist for two-factor sms verification
    When the user submits ""Two-Factor SMS Verification"" with reference number ""6010"" and confirms the action
    Then the system returns status code 201 and ""Two-Factor SMS Verification"" is updated successfully

  Scenario: The System To Reliably Handle Two-Factor SMS Verification case 3
    Given the operator is authenticated with role ""qa_verified"" and 69 matching records exist for two-factor sms verification
    When the user submits ""Two-Factor SMS Verification"" with reference number ""3058"" and confirms the action
    Then the system returns status code 204 and ""Two-Factor SMS Verification"" is updated successfully
",1319,1,1,1,1,92.9,0.0,100.0,100.0,1.0,High
"Feature: The System To Gracefully Recover Failures In Both AWS And Azure Platforms

  Scenario: The System To Gracefully Recover Failures In Both AWS And Azure Platforms case 1
    Given the API client is authenticated with role ""qa_verified"" and 90 matching records exist for both aws and azure platforms
    When the user submits ""Both AWS And Azure Platforms"" with reference number ""1642"" and confirms the action
    Then the system returns status code 202 and ""Both AWS And Azure Platforms"" is updated successfully

  Scenario: The System To Gracefully Recover Failures In Both AWS And Azure Platforms case 2
    Given the customer is authenticated with role ""qa_verified"" and 160 matching records exist for both aws and azure platforms
    When the user submits ""Both AWS And Azure Platforms"" with reference number ""8073"" and confirms the action
    Then the system returns status code 204 and ""Both AWS And Azure Platforms"" is updated successfully
",954,1,1,1,1,75.0,0.0,91.7,100.0,0.0,High
"Feature: The System Configured For Data Encryption At Rest

  Scenario: The System Configured For Data Encryption At Rest case 1
    Given the customer is in correctly several starting state for data encryption at rest
",219,0,1,0,0,0.0,60.6,33.3,0.0,0.5,Low
"Feature: The System Configured For Offline Mode Data Sync

  Scenario: The System Configured For Offline Mode Data Sync case 1
    Given the administrator is authenticated with role ""qa_verified"" and 227 matching records exist for offline mode data sync
    When the user submits ""Offline Mode Data Sync"" with reference number ""2190"" and confirms the action
    Then the system returns status code 200 and ""Offline Mode Data Sync"" is updated successfully

  Scenario: The System Configured For Offline Mode Data Sync case 2
    Given the customer is authenticated with role ""qa_verified"" and 138 matching records exist for offline mode data sync
    When the user submits ""Offline Mode Data Sync"" with reference number ""5552"" and confirms the action
    Then the system returns status code 201 and ""Offline Mode Data Sync"" is updated successfully

  Scenario: The System Configured For Offline Mode Data Sync case 3
    Given the API client is authenticated with role ""qa_verified"" and 241 matching records exist for offline mode data sync
    When the user submits ""Offline Mode Data Sync"" with reference number ""7635"" and confirms the action
    Then the system returns status code 204 and ""Offline Mode Data Sync"" is updated successfully
",1241,1,1,1,1,93.1,0.0,100.0,100.0,1.0,High
"Feature: The System To Properly Validate API Rate Limiting

  Scenario: The System To Properly Validate API Rate Limiting case 1
    Given the user is authenticated with role ""qa_verified"" and 214 matching records exist for api rate limiting
    When the user submits ""API Rate Limiting"" with reference number ""4681"" and confirms the action
    Then the system returns status code 200 and ""API Rate Limiting"" is updated successfully
",433,1,1,1,1,73.7,31.7,83.3,100.0,0.0,High
"Feature: The System Configured For Shipping Address Validation

  Scenario: The System Configured For Shipping Address Validation case 1
",137,0,0,0,1,25.0,0.0,8.3,0.0,0.0,Low
"Feature: The System Configured For Session Timeout Handling

  Scenario: The System Configured For Session Timeout Handling case 1
    Given the operator is authenticated with role ""qa_verified"" and 141 matching records exist for session timeout handling
    When the user submits ""Session Timeout Handling"" with reference number ""2160"" and confirms the action
    Then the system returns status code 202 and ""Session Timeout Handling"" is updated successfully

  Scenario: The System Configured For Session Timeout Handling case 2
    Given the customer is authenticated with role ""qa_verified"" and 54 matching records exist for session timeout handling
    When the user submits ""Session Timeout Handling"" with reference number ""2022"" and confirms the action
    Then the system returns status code 202 and ""Session Timeout Handling"" is updated successfully
",859,1,1,1,1,93.1,0.0,91.7,100.0,0.5,High
"Feature: The System To Correctly Support Automated Report Generation

  Scenario: The System To Correctly Support Automated Report Generation case 1
    Given the operator is authenticated with role ""qa_verified"" and 32 matching records exist for automated report generation
    When the user submits ""Automated Report Generation"" with reference number ""8440"" and confirms the action

  Scenario: The System To Correctly Support Automated Report Generation case 2
    Given the administrator is authenticated with role ""qa_verified"" and 210 matching records exist for automated report generation
    When the user submits ""Automated Report Generation"" with reference number ""9634"" and confirms the action
",705,0,1,1,1,75.0,33.0,66.7,100.0,0.0,Medium
"Feature: The System To Securely Process Multi-Factor Authentication

  Scenario: The System To Securely Process Multi-Factor Authentication case 1
    Then the system responds in a usually appropriate way
",205,1,0,0,0,0.0,71.4,33.3,0.0,0.5,Low
"Feature: The System To Properly Validate Checkout Tax Calculation

  Scenario: The System To Properly Validate Checkout Tax Calculation case 1
    Given the user is authenticated with role ""qa_verified"" and 137 matching records exist for checkout tax calculation
    Then the system returns status code 202 and ""Checkout Tax Calculation"" is updated successfully

  Scenario: The System To Properly Validate Checkout Tax Calculation case 2
    Given the API client is authenticated with role ""qa_verified"" and 62 matching records exist for checkout tax calculation
    Then the system returns status code 201 and ""Checkout Tax Calculation"" is updated successfully
",663,1,1,0,1,91.3,33.3,66.7,100.0,1.0,Medium
"Feature: The System To Securely Process Checkout Tax Calculation

  Scenario: The System To Securely Process Checkout Tax Calculation case 1
    Given the user is authenticated with role ""qa_verified"" and 39 matching records exist for checkout tax calculation
    Then the system returns status code 202 and ""Checkout Tax Calculation"" is updated successfully

  Scenario: The System To Securely Process Checkout Tax Calculation case 2
    Given the administrator is authenticated with role ""qa_verified"" and 156 matching records exist for checkout tax calculation
    Then the system returns status code 204 and ""Checkout Tax Calculation"" is updated successfully
",663,1,1,0,0,0.0,0.0,66.7,100.0,1.0,Medium
"Feature: The System To Gracefully Recover Failures In Mobile Responsive Layouts

  Scenario: The System To Gracefully Recover Failures In Mobile Responsive Layouts case 1
",171,0,0,0,0,0.0,0.0,8.3,0.0,1.0,Low
"Feature: The System Configured For Subscription Billing Cycles

  Scenario: The System Configured For Subscription Billing Cycles case 1
    Given the operator is authenticated with role ""qa_verified"" and 130 matching records exist for subscription billing cycles
    When the user submits ""Subscription Billing Cycles"" with reference number ""683"" and confirms the action
    Then the system returns status code 201 and ""Subscription Billing Cycles"" is updated successfully

  Scenario: The System Configured For Subscription Billing Cycles case 2
    Given the API client is authenticated with role ""qa_verified"" and 4 matching records exist for subscription billing cycles
    When the user submits ""Subscription Billing Cycles"" with reference number ""7545"" and confirms the action
    Then the system returns status code 202 and ""Subscription Billing Cycles"" is updated successfully
",886,1,1,1,1,92.9,0.0,91.7,100.0,1.0,High
"Feature: The System To Gracefully Recover Failures In Data Encryption At Rest

  Scenario: The System To Gracefully Recover Failures In Data Encryption At Rest case 1
    Given the operator is in etc several starting state for data encryption at rest
    When appropriate etc action is performed on data encryption at rest
    Then the system responds in a most correctly way

  Scenario: The System To Gracefully Recover Failures In Data Encryption At Rest case 2
    Given the API client is in usual some starting state for data encryption at rest
    When sufficient several action is performed on data encryption at rest
    Then the system responds in a several occasionally way
",684,1,1,1,1,70.6,100.0,91.7,0.0,0.0,Medium
"Feature: The System To Be Compatible With The Search Indexing Pipeline

  Scenario: The System To Be Compatible With The Search Indexing Pipeline case 1
    Then the system responds in a typical most way
",204,1,0,0,0,0.0,62.5,33.3,0.0,1.0,Low
"Feature: The System Configured For Both AWS And Azure Platforms

  Scenario: The System Configured For Both AWS And Azure Platforms case 1
    Given the customer is authenticated with role ""qa_verified"" and 215 matching records exist for both aws and azure platforms
    When the user submits ""Both AWS And Azure Platforms"" with reference number ""8836"" and confirms the action
    Then the system returns status code 202 and ""Both AWS And Azure Platforms"" is updated successfully

  Scenario: The System Configured For Both AWS And Azure Platforms case 2
    Given the operator is authenticated with role ""qa_verified"" and 230 matching records exist for both aws and azure platforms
    When the user submits ""Both AWS And Azure Platforms"" with reference number ""881"" and confirms the action
    Then the system returns status code 202 and ""Both AWS And Azure Platforms"" is updated successfully
",895,1,1,1,1,93.1,0.0,91.7,100.0,0.0,High
"Feature: The System To Reliably Handle The Product Catalog Search

  Scenario: The System To Reliably Handle The Product Catalog Search case 1

  Scenario: The System To Reliably Handle The Product Catalog Search case 2
",220,0,0,0,1,50.0,0.0,16.7,0.0,0.0,Low
"Feature: The System To Be Compatible With Customer Refund Workflows

  Scenario: The System To Be Compatible With Customer Refund Workflows case 1
",147,0,0,0,1,33.3,0.0,8.3,0.0,0.5,Low
"Feature: The System To Securely Process Shipping Address Validation

  Scenario: The System To Securely Process Shipping Address Validation case 1
    When the user submits ""Shipping Address Validation"" with reference number ""1234"" and confirms the action
    Then the system returns status code 200 and ""Shipping Address Validation"" is updated successfully

  Scenario: The System To Securely Process Shipping Address Validation case 2
    When the user submits ""Shipping Address Validation"" with reference number ""2581"" and confirms the action
    Then the system returns status code 201 and ""Shipping Address Validation"" is updated successfully
",648,1,0,1,1,90.5,0.0,66.7,100.0,1.0,High
"Feature: The System To Accurately Track Windows Server

  Scenario: The System To Accurately Track Windows Server case 1
    Then the system responds in a etc various way

  Scenario: The System To Accurately Track Windows Server case 2
    Then the system responds in a sufficient occasionally way
",299,1,0,0,1,58.3,90.9,41.7,0.0,1.0,Low
"Feature: The System To Properly Validate Data Encryption At Rest

  Scenario: The System To Properly Validate Data Encryption At Rest case 1
",141,0,0,0,1,25.0,95.2,8.3,0.0,0.5,Low
"Feature: The System To Reliably Handle API Rate Limiting

  Scenario: The System To Reliably Handle API Rate Limiting case 1
    Given the administrator is authenticated with role ""qa_verified"" and 76 matching records exist for api rate limiting
    When the user submits ""API Rate Limiting"" with reference number ""1850"" and confirms the action
    Then the system returns status code 201 and ""API Rate Limiting"" is updated successfully

  Scenario: The System To Reliably Handle API Rate Limiting case 2
    Given the customer is authenticated with role ""qa_verified"" and 95 matching records exist for api rate limiting
    When the user submits ""API Rate Limiting"" with reference number ""1421"" and confirms the action
    Then the system returns status code 204 and ""API Rate Limiting"" is updated successfully
",812,1,1,1,1,92.9,0.0,91.7,100.0,1.0,High
"Feature: The System To Gracefully Recover Failures In User Profile Photo Uploads

  Scenario: The System To Gracefully Recover Failures In User Profile Photo Uploads case 1
    When the user submits ""User Profile Photo Uploads"" with reference number ""488"" and confirms the action

  Scenario: The System To Gracefully Recover Failures In User Profile Photo Uploads case 2
    When the user submits ""User Profile Photo Uploads"" with reference number ""3213"" and confirms the action
",480,0,0,1,1,61.5,0.0,41.7,100.0,1.0,Low
"Feature: The System To Securely Process Single Sign-On Federation

  Scenario: The System To Securely Process Single Sign-On Federation case 1
    When few quickly action is performed on single sign-on federation
",213,0,0,1,0,0.0,62.5,33.3,0.0,1.0,Low
"Feature: The System Configured For Bulk CSV Data Import

  Scenario: The System Configured For Bulk CSV Data Import case 1
    Given the operator is authenticated with role ""qa_verified"" and 20 matching records exist for bulk csv data import
    When the user submits ""Bulk CSV Data Import"" with reference number ""2763"" and confirms the action
    Then the system returns status code 204 and ""Bulk CSV Data Import"" is updated successfully

  Scenario: The System Configured For Bulk CSV Data Import case 2
    Given the API client is authenticated with role ""qa_verified"" and 45 matching records exist for bulk csv data import
    When the user submits ""Bulk CSV Data Import"" with reference number ""4137"" and confirms the action
    Then the system returns status code 201 and ""Bulk CSV Data Import"" is updated successfully
",824,1,1,1,1,93.1,0.0,91.7,100.0,1.0,High
"Feature: The System To Consistently Enforce Customer Refund Workflows

  Scenario: The System To Consistently Enforce Customer Refund Workflows case 1
    Given the user is in etc certain starting state for customer refund workflows
    When typical sufficient action is performed on customer refund workflows
    Then the system responds in a most efficiently way
",365,1,1,1,1,66.7,100.0,83.3,0.0,1.0,Medium
"Feature: The System To Securely Process Shipping Address Validation

  Scenario: The System To Securely Process Shipping Address Validation case 1
    When typical easily action is performed on shipping address validation
",222,0,0,1,0,0.0,69.0,33.3,0.0,1.0,Low
"Feature: The System Configured For Third-Party Payment Providers

  Scenario: The System Configured For Third-Party Payment Providers case 1
    When the user submits ""Third-Party Payment Providers"" with reference number ""7052"" and confirms the action
    Then the system returns status code 202 and ""Third-Party Payment Providers"" is updated successfully

  Scenario: The System Configured For Third-Party Payment Providers case 2
    When the user submits ""Third-Party Payment Providers"" with reference number ""1578"" and confirms the action
    Then the system returns status code 202 and ""Third-Party Payment Providers"" is updated successfully

  Scenario: The System Configured For Third-Party Payment Providers case 3
    When the user submits ""Third-Party Payment Providers"" with reference number ""3653"" and confirms the action
    Then the system returns status code 204 and ""Third-Party Payment Providers"" is updated successfully
",938,1,0,1,1,90.5,0.0,75.0,100.0,1.0,High
"Feature: The System To Reliably Handle Mobile Responsive Layouts

  Scenario: The System To Reliably Handle Mobile Responsive Layouts case 1
    Given the customer is authenticated with role ""qa_verified"" and 30 matching records exist for mobile responsive layouts
    When the user submits ""Mobile Responsive Layouts"" with reference number ""1377"" and confirms the action
    Then the system returns status code 204 and ""Mobile Responsive Layouts"" is updated successfully
",472,1,1,1,1,73.7,0.0,83.3,100.0,0.0,High
"Feature: The System To Properly Validate Role-Based Access Control

  Scenario: The System To Properly Validate Role-Based Access Control case 1
    Then the system responds in a correctly certain way
",201,1,0,0,1,33.3,100.0,33.3,0.0,0.0,Low
"Feature: The System To Properly Validate Shipping Address Validation

  Scenario: The System To Properly Validate Shipping Address Validation case 1
    Given the operator is authenticated with role ""qa_verified"" and 15 matching records exist for shipping address validation
    When the user submits ""Shipping Address Validation"" with reference number ""1518"" and confirms the action
    Then the system returns status code 204 and ""Shipping Address Validation"" is updated successfully

  Scenario: The System To Properly Validate Shipping Address Validation case 2
    Given the administrator is authenticated with role ""qa_verified"" and 145 matching records exist for shipping address validation
    When the user submits ""Shipping Address Validation"" with reference number ""567"" and confirms the action
    Then the system returns status code 200 and ""Shipping Address Validation"" is updated successfully

  Scenario: The System To Properly Validate Shipping Address Validation case 3
    Given the API client is authenticated with role ""qa_verified"" and 179 matching records exist for shipping address validation
    When the user submits ""Shipping Address Validation"" with reference number ""7722"" and confirms the action
    Then the system returns status code 204 and ""Shipping Address Validation"" is updated successfully
",1328,1,1,1,1,93.1,23.3,100.0,100.0,0.0,High
"Feature: The System To Correctly Support Cross-Browser Rendering

  Scenario: The System To Correctly Support Cross-Browser Rendering case 1
    Given the operator is in generally etc starting state for cross-browser rendering
    When adequate usual action is performed on cross-browser rendering

  Scenario: The System To Correctly Support Cross-Browser Rendering case 2
    Given the administrator is in few normal starting state for cross-browser rendering
    When efficiently appropriate action is performed on cross-browser rendering
",542,0,1,1,0,0.0,100.0,66.7,0.0,0.0,Low
"Feature: The System To Securely Process Mobile Responsive Layouts

  Scenario: The System To Securely Process Mobile Responsive Layouts case 1
    Given the administrator is in appropriate most starting state for mobile responsive layouts
    When efficiently certain action is performed on mobile responsive layouts
    Then the system responds in a some appropriate way
",372,1,1,1,0,0.0,100.0,83.3,0.0,1.0,Low
"Feature: The System To Securely Process Database Backup And Restore

  Scenario: The System To Securely Process Database Backup And Restore case 1
    Given the customer is authenticated with role ""qa_verified"" and 87 matching records exist for database backup and restore
    When the user submits ""Database Backup And Restore"" with reference number ""6281"" and confirms the action
    Then the system returns status code 201 and ""Database Backup And Restore"" is updated successfully

  Scenario: The System To Securely Process Database Backup And Restore case 2
    Given the operator is authenticated with role ""qa_verified"" and 69 matching records exist for database backup and restore
    When the user submits ""Database Backup And Restore"" with reference number ""5197"" and confirms the action
    Then the system returns status code 200 and ""Database Backup And Restore"" is updated successfully
",900,1,1,1,1,93.1,0.0,91.7,100.0,1.0,High
"Feature: The System To Gracefully Recover Failures In Automated Report Generation

  Scenario: The System To Gracefully Recover Failures In Automated Report Generation case 1
    Given the user is in adequate quickly starting state for automated report generation
    When typical sufficient action is performed on automated report generation

  Scenario: The System To Gracefully Recover Failures In Automated Report Generation case 2
    Given the administrator is in several reasonable starting state for automated report generation
    When various usual action is performed on automated report generation
",610,0,1,1,1,68.8,98.8,66.7,0.0,0.0,Low
"Feature: The System To Gracefully Recover Failures In Third-Party Payment Providers

  Scenario: The System To Gracefully Recover Failures In Third-Party Payment Providers case 1
    When appropriate suitable action is performed on third-party payment providers
",262,0,0,1,1,44.4,55.6,33.3,0.0,0.0,Low
"Feature: The System To Consistently Enforce Data Encryption At Rest

  Scenario: The System To Consistently Enforce Data Encryption At Rest case 1
    Given the API client is authenticated with role ""qa_verified"" and 70 matching records exist for data encryption at rest

  Scenario: The System To Consistently Enforce Data Encryption At Rest case 2
    Given the customer is authenticated with role ""qa_verified"" and 157 matching records exist for data encryption at rest

  Scenario: The System To Consistently Enforce Data Encryption At Rest case 3
    Given the user is authenticated with role ""qa_verified"" and 52 matching records exist for data encryption at rest
",670,0,1,0,1,89.5,0.0,50.0,100.0,1.0,Medium
"Feature: The System To Reliably Handle Database Backup And Restore

  Scenario: The System To Reliably Handle Database Backup And Restore case 1
    When the user submits ""Database Backup And Restore"" with reference number ""3765"" and confirms the action
    Then the system returns status code 204 and ""Database Backup And Restore"" is updated successfully
",356,1,0,1,0,0.0,0.0,58.3,100.0,0.0,Medium
"Feature: The System To Correctly Support Inventory Stock Synchronization

  Scenario: The System To Correctly Support Inventory Stock Synchronization case 1
    When etc occasionally action is performed on inventory stock synchronization
",238,0,0,1,0,0.0,100.0,33.3,0.0,0.5,Low
"Feature: The System To Gracefully Recover Failures In Customer Refund Workflows

  Scenario: The System To Gracefully Recover Failures In Customer Refund Workflows case 1
    Given the user is authenticated with role ""qa_verified"" and 189 matching records exist for customer refund workflows
    When the user submits ""Customer Refund Workflows"" with reference number ""3625"" and confirms the action
    Then the system returns status code 204 and ""Customer Refund Workflows"" is updated successfully

  Scenario: The System To Gracefully Recover Failures In Customer Refund Workflows case 2
    Given the administrator is authenticated with role ""qa_verified"" and 249 matching records exist for customer refund workflows
    When the user submits ""Customer Refund Workflows"" with reference number ""1806"" and confirms the action
    Then the system returns status code 200 and ""Customer Refund Workflows"" is updated successfully
",927,1,1,1,1,93.1,0.0,91.7,100.0,1.0,High
"Feature: The System To Accurately Track Cross-Browser Rendering

  Scenario: The System To Accurately Track Cross-Browser Rendering case 1
    Given the user is in easily usual starting state for cross-browser rendering
    When various efficiently action is performed on cross-browser rendering
",296,0,1,1,1,64.3,95.2,58.3,0.0,1.0,Low
"Feature: The System Configured For Multi-Factor Authentication

  Scenario: The System Configured For Multi-Factor Authentication case 1
    When generally acceptable action is performed on multi-factor authentication
",218,0,0,1,0,0.0,74.1,33.3,0.0,0.0,Low
"Feature: The System To Gracefully Recover Failures In Automated Report Generation

  Scenario: The System To Gracefully Recover Failures In Automated Report Generation case 1
    Given the API client is authenticated with role ""qa_verified"" and 90 matching records exist for automated report generation
    When the user submits ""Automated Report Generation"" with reference number ""3533"" and confirms the action
    Then the system returns status code 202 and ""Automated Report Generation"" is updated successfully

  Scenario: The System To Gracefully Recover Failures In Automated Report Generation case 2
    Given the administrator is authenticated with role ""qa_verified"" and 191 matching records exist for automated report generation
    When the user submits ""Automated Report Generation"" with reference number ""1852"" and confirms the action
    Then the system returns status code 200 and ""Automated Report Generation"" is updated successfully
",950,1,1,1,1,93.3,0.0,91.7,100.0,1.0,High
"Feature: The System To Correctly Support Offline Mode Data Sync

  Scenario: The System To Correctly Support Offline Mode Data Sync case 1
    Given the administrator is authenticated with role ""qa_verified"" and 222 matching records exist for offline mode data sync
    When the user submits ""Offline Mode Data Sync"" with reference number ""2978"" and confirms the action
    Then the system returns status code 204 and ""Offline Mode Data Sync"" is updated successfully
",467,1,1,1,1,78.9,29.4,83.3,100.0,1.0,High
"Feature: The System To Accurately Track Third-Party Payment Providers

  Scenario: The System To Accurately Track Third-Party Payment Providers case 1
",151,0,0,0,0,0.0,0.0,8.3,0.0,1.0,Low
"Feature: The System To Correctly Support Single Sign-On Federation

  Scenario: The System To Correctly Support Single Sign-On Federation case 1
    Given the operator is authenticated with role ""qa_verified"" and 33 matching records exist for single sign-on federation
    When the user submits ""Single Sign-On Federation"" with reference number ""8689"" and confirms the action
    Then the system returns status code 200 and ""Single Sign-On Federation"" is updated successfully

  Scenario: The System To Correctly Support Single Sign-On Federation case 2
    Given the customer is authenticated with role ""qa_verified"" and 211 matching records exist for single sign-on federation
    When the user submits ""Single Sign-On Federation"" with reference number ""6192"" and confirms the action
    Then the system returns status code 204 and ""Single Sign-On Federation"" is updated successfully
",886,1,1,1,1,96.4,23.8,91.7,100.0,1.0,High
"Feature: The System To Consistently Enforce Push Notification Delivery

  Scenario: The System To Consistently Enforce Push Notification Delivery case 1
    When the user submits ""Push Notification Delivery"" with reference number ""4555"" and confirms the action
",261,0,0,1,1,61.5,0.0,33.3,100.0,1.0,Low
"Feature: The System To Be Compatible With Load Balancer Failover

  Scenario: The System To Be Compatible With Load Balancer Failover case 1
",141,0,0,0,0,0.0,0.0,8.3,0.0,1.0,Low
"Feature: The System To Correctly Support Password Reset Emails

  Scenario: The System To Correctly Support Password Reset Emails case 1
    Given the administrator is authenticated with role ""qa_verified"" and 167 matching records exist for password reset emails
    When the user submits ""Password Reset Emails"" with reference number ""23"" and confirms the action
    Then the system returns status code 200 and ""Password Reset Emails"" is updated successfully

  Scenario: The System To Correctly Support Password Reset Emails case 2
    Given the user is authenticated with role ""qa_verified"" and 179 matching records exist for password reset emails
    When the user submits ""Password Reset Emails"" with reference number ""4413"" and confirms the action
    Then the system returns status code 200 and ""Password Reset Emails"" is updated successfully
",850,1,1,1,1,96.3,25.6,91.7,100.0,1.0,High
"Feature: The System To Be Compatible With Session Timeout Handling

  Scenario: The System To Be Compatible With Session Timeout Handling case 1
    Given the user is in efficiently various starting state for session timeout handling
    Then the system responds in a most properly way

  Scenario: The System To Be Compatible With Session Timeout Handling case 2
    Given the API client is in most effectively starting state for session timeout handling
    Then the system responds in a some typical way
",507,1,1,0,1,68.8,100.0,66.7,0.0,1.0,Low
"Feature: The System To Correctly Support Offline Mode Data Sync

  Scenario: The System To Correctly Support Offline Mode Data Sync case 1
",139,0,0,0,0,0.0,95.2,8.3,0.0,1.0,Low
"Feature: The System Configured For Third-Party Payment Providers

  Scenario: The System Configured For Third-Party Payment Providers case 1
    Given the administrator is authenticated with role ""qa_verified"" and 196 matching records exist for third-party payment providers
    When the user submits ""Third-Party Payment Providers"" with reference number ""8009"" and confirms the action
    Then the system returns status code 201 and ""Third-Party Payment Providers"" is updated successfully

  Scenario: The System Configured For Third-Party Payment Providers case 2
    Given the operator is authenticated with role ""qa_verified"" and 158 matching records exist for third-party payment providers
    When the user submits ""Third-Party Payment Providers"" with reference number ""7510"" and confirms the action
    Then the system returns status code 202 and ""Third-Party Payment Providers"" is updated successfully
",910,1,1,1,0,0.0,0.0,91.7,100.0,1.0,Medium
"Feature: The System To Securely Process Inventory Stock Synchronization

  Scenario: The System To Securely Process Inventory Stock Synchronization case 1
    Given the user is authenticated with role ""qa_verified"" and 3 matching records exist for inventory stock synchronization

  Scenario: The System To Securely Process Inventory Stock Synchronization case 2
    Given the administrator is authenticated with role ""qa_verified"" and 232 matching records exist for inventory stock synchronization
",499,0,1,0,1,66.7,0.0,41.7,100.0,0.0,Low
"Feature: The System To Gracefully Recover Failures In Role-Based Access Control

  Scenario: The System To Gracefully Recover Failures In Role-Based Access Control case 1
    When usual certain action is performed on role-based access control
    Then the system responds in a reasonable etc way
",296,1,0,1,0,0.0,88.9,58.3,0.0,0.0,Low
"Feature: The System To Gracefully Recover Failures In Password Reset Emails

  Scenario: The System To Gracefully Recover Failures In Password Reset Emails case 1
    Given the user is authenticated with role ""qa_verified"" and 123 matching records exist for password reset emails
    When the user submits ""Password Reset Emails"" with reference number ""6447"" and confirms the action
    Then the system returns status code 202 and ""Password Reset Emails"" is updated successfully

  Scenario: The System To Gracefully Recover Failures In Password Reset Emails case 2
    Given the API client is authenticated with role ""qa_verified"" and 130 matching records exist for password reset emails
    When the user submits ""Password Reset Emails"" with reference number ""5520"" and confirms the action
    Then the system returns status code 201 and ""Password Reset Emails"" is updated successfully
",888,1,1,1,1,93.1,0.0,91.7,100.0,0.0,High
"Feature: The System Configured For The Shopping Cart Checkout Flow

  Scenario: The System Configured For The Shopping Cart Checkout Flow case 1
    Given the operator is authenticated with role ""qa_verified"" and 198 matching records exist for the shopping cart checkout flow
    When the user submits ""The Shopping Cart Checkout Flow"" with reference number ""2740"" and confirms the action
    Then the system returns status code 202 and ""The Shopping Cart Checkout Flow"" is updated successfully
",495,1,1,1,1,72.2,0.0,83.3,100.0,0.0,High
"Feature: The System To Properly Validate Shipping Address Validation

  Scenario: The System To Properly Validate Shipping Address Validation case 1
",149,0,0,0,0,0.0,100.0,8.3,0.0,0.0,Low
"Feature: The System To Properly Validate Session Timeout Handling

  Scenario: The System To Properly Validate Session Timeout Handling case 1
    Given the administrator is authenticated with role ""qa_verified"" and 49 matching records exist for session timeout handling
    When the user submits ""Session Timeout Handling"" with reference number ""6631"" and confirms the action
    Then the system returns status code 201 and ""Session Timeout Handling"" is updated successfully

  Scenario: The System To Properly Validate Session Timeout Handling case 2
    Given the administrator is authenticated with role ""qa_verified"" and 218 matching records exist for session timeout handling
    When the user submits ""Session Timeout Handling"" with reference number ""6564"" and confirms the action
    Then the system returns status code 201 and ""Session Timeout Handling"" is updated successfully
",887,1,1,1,1,92.9,25.6,91.7,100.0,0.5,High
"Feature: The System To Accurately Track The Audit Logging Subsystem

  Scenario: The System To Accurately Track The Audit Logging Subsystem case 1
    Given the operator is in various correctly starting state for the audit logging subsystem
    When properly various action is performed on the audit logging subsystem
",318,0,1,1,1,66.7,87.0,58.3,0.0,1.0,Low
"Feature: The System To Reliably Handle Session Timeout Handling

  Scenario: The System To Reliably Handle Session Timeout Handling case 1
",139,0,0,0,0,0.0,0.0,8.3,0.0,0.0,Low
"Feature: The System To Securely Process Database Backup And Restore

  Scenario: The System To Securely Process Database Backup And Restore case 1
    Given the API client is authenticated with role ""qa_verified"" and 36 matching records exist for database backup and restore
    When the user submits ""Database Backup And Restore"" with reference number ""2696"" and confirms the action
    Then the system returns status code 200 and ""Database Backup And Restore"" is updated successfully

  Scenario: The System To Securely Process Database Backup And Restore case 2
    Given the customer is authenticated with role ""qa_verified"" and 63 matching records exist for database backup and restore
    When the user submits ""Database Backup And Restore"" with reference number ""283"" and confirms the action
    Then the system returns status code 201 and ""Database Backup And Restore"" is updated successfully

  Scenario: The System To Securely Process Database Backup And Restore case 3
    Given the API client is authenticated with role ""qa_verified"" and 192 matching records exist for database backup and restore
    When the user submits ""Database Backup And Restore"" with reference number ""523"" and confirms the action
    Then the system returns status code 204 and ""Database Backup And Restore"" is updated successfully
",1319,1,1,1,1,93.1,0.0,100.0,100.0,0.0,High
"Feature: The System To Securely Process Windows Server

  Scenario: The System To Securely Process Windows Server case 1
    Given the API client is in properly appropriate starting state for windows server
    Then the system responds in a quickly normal way
",260,1,1,0,0,0.0,100.0,58.3,0.0,0.5,Low
"Feature: The System Configured For Customer Refund Workflows

  Scenario: The System Configured For Customer Refund Workflows case 1
    Then the system responds in a typical usual way
",185,1,0,0,0,0.0,76.9,33.3,0.0,1.0,Low
"Feature: The System To Consistently Enforce Single Sign-On Federation

  Scenario: The System To Consistently Enforce Single Sign-On Federation case 1
    Given the administrator is authenticated with role ""qa_verified"" and 163 matching records exist for single sign-on federation
    When the user submits ""Single Sign-On Federation"" with reference number ""650"" and confirms the action
    Then the system returns status code 202 and ""Single Sign-On Federation"" is updated successfully

  Scenario: The System To Consistently Enforce Single Sign-On Federation case 2
    Given the customer is authenticated with role ""qa_verified"" and 132 matching records exist for single sign-on federation
    When the user submits ""Single Sign-On Federation"" with reference number ""6568"" and confirms the action
    Then the system returns status code 204 and ""Single Sign-On Federation"" is updated successfully

  Scenario: The System To Consistently Enforce Single Sign-On Federation case 3
    Given the operator is authenticated with role ""qa_verified"" and 111 matching records exist for single sign-on federation
    When the user submits ""Single Sign-On Federation"" with reference number ""8714"" and confirms the action
    Then the system returns status code 204 and ""Single Sign-On Federation"" is updated successfully
",1313,1,1,1,1,93.1,0.0,100.0,100.0,0.0,High
"Feature: The System To Securely Process Cross-Browser Rendering

  Scenario: The System To Securely Process Cross-Browser Rendering case 1
    Given the administrator is authenticated with role ""qa_verified"" and 11 matching records exist for cross-browser rendering
    Then the system returns status code 200 and ""Cross-Browser Rendering"" is updated successfully

  Scenario: The System To Securely Process Cross-Browser Rendering case 2
    Given the user is authenticated with role ""qa_verified"" and 212 matching records exist for cross-browser rendering
    Then the system returns status code 204 and ""Cross-Browser Rendering"" is updated successfully
",656,1,1,0,1,70.6,0.0,66.7,100.0,0.0,Medium
"Feature: The System To Gracefully Recover Failures In The Search Indexing Pipeline

  Scenario: The System To Gracefully Recover Failures In The Search Indexing Pipeline case 1
",177,0,0,0,0,0.0,0.0,8.3,0.0,0.5,Low
"Feature: The System To Be Compatible With The Search Indexing Pipeline

  Scenario: The System To Be Compatible With The Search Indexing Pipeline case 1
    Given the operator is authenticated with role ""qa_verified"" and 49 matching records exist for the search indexing pipeline
    When the user submits ""The Search Indexing Pipeline"" with reference number ""2777"" and confirms the action
    Then the system returns status code 200 and ""The Search Indexing Pipeline"" is updated successfully

  Scenario: The System To Be Compatible With The Search Indexing Pipeline case 2
    Given the user is authenticated with role ""qa_verified"" and 51 matching records exist for the search indexing pipeline
    When the user submits ""The Search Indexing Pipeline"" with reference number ""6248"" and confirms the action
    Then the system returns status code 204 and ""The Search Indexing Pipeline"" is updated successfully
",911,1,1,1,1,92.6,0.0,91.7,100.0,0.5,High
"Feature: The System To Be Compatible With Automated Report Generation

  Scenario: The System To Be Compatible With Automated Report Generation case 1
    Given the operator is in correctly most starting state for automated report generation
    When easily several action is performed on automated report generation
    Then the system responds in a many appropriate way
",372,1,1,1,1,68.8,100.0,83.3,0.0,0.0,Medium
"Feature: The System To Correctly Support Automated Report Generation

  Scenario: The System To Correctly Support Automated Report Generation case 1
    Then the system responds in a generally suitable way
",206,1,0,0,1,44.4,100.0,33.3,0.0,0.0,Low
"Feature: The System To Correctly Support The Product Catalog Search

  Scenario: The System To Correctly Support The Product Catalog Search case 1
    Given the administrator is authenticated with role ""qa_verified"" and 90 matching records exist for the product catalog search
    When the user submits ""The Product Catalog Search"" with reference number ""561"" and confirms the action
    Then the system returns status code 202 and ""The Product Catalog Search"" is updated successfully

  Scenario: The System To Correctly Support The Product Catalog Search case 2
    Given the administrator is authenticated with role ""qa_verified"" and 178 matching records exist for the product catalog search
    When the user submits ""The Product Catalog Search"" with reference number ""620"" and confirms the action
    Then the system returns status code 201 and ""The Product Catalog Search"" is updated successfully
",903,1,1,1,1,96.3,23.8,91.7,100.0,1.0,High
"Feature: The System To Gracefully Recover Failures In Third-Party Payment Providers

  Scenario: The System To Gracefully Recover Failures In Third-Party Payment Providers case 1
    Given the operator is authenticated with role ""qa_verified"" and 60 matching records exist for third-party payment providers
    Then the system returns status code 201 and ""Third-Party Payment Providers"" is updated successfully

  Scenario: The System To Gracefully Recover Failures In Third-Party Payment Providers case 2
    Given the API client is authenticated with role ""qa_verified"" and 210 matching records exist for third-party payment providers
    Then the system returns status code 202 and ""Third-Party Payment Providers"" is updated successfully
",741,1,1,0,1,70.6,0.0,66.7,100.0,0.0,Medium
"Feature: The System Configured For Automated Report Generation

  Scenario: The System Configured For Automated Report Generation case 1
    Given the API client is in sufficient properly starting state for automated report generation
",235,0,1,0,1,33.3,64.5,33.3,0.0,1.0,Low
"Feature: The System Configured For Checkout Tax Calculation

  Scenario: The System Configured For Checkout Tax Calculation case 1
    Given the administrator is in normal usually starting state for checkout tax calculation
    When efficiently appropriate action is performed on checkout tax calculation

  Scenario: The System Configured For Checkout Tax Calculation case 2
    Given the customer is in usually generally starting state for checkout tax calculation
    When some many action is performed on checkout tax calculation

  Scenario: The System Configured For Checkout Tax Calculation case 3
    Given the user is in properly reasonable starting state for checkout tax calculation
    When adequate etc action is performed on checkout tax calculation
",764,0,1,1,1,91.7,100.0,75.0,0.0,0.0,Low
"Feature: The System To Consistently Enforce Database Backup And Restore

  Scenario: The System To Consistently Enforce Database Backup And Restore case 1
    Given the API client is in several sufficient starting state for database backup and restore
    When several usual action is performed on database backup and restore
",326,0,1,1,1,64.3,85.1,58.3,0.0,0.0,Low
"Feature: The System To Properly Validate Database Backup And Restore

  Scenario: The System To Properly Validate Database Backup And Restore case 1
    Then the system responds in a some adequate way
",201,1,0,0,0,0.0,100.0,33.3,0.0,0.0,Low
"Feature: The System Configured For API Rate Limiting

  Scenario: The System Configured For API Rate Limiting case 1
    Given the user is authenticated with role ""qa_verified"" and 188 matching records exist for api rate limiting
    When the user submits ""API Rate Limiting"" with reference number ""4153"" and confirms the action
    Then the system returns status code 201 and ""API Rate Limiting"" is updated successfully

  Scenario: The System Configured For API Rate Limiting case 2
    Given the user is authenticated with role ""qa_verified"" and 249 matching records exist for api rate limiting
    When the user submits ""API Rate Limiting"" with reference number ""526"" and confirms the action
    Then the system returns status code 204 and ""API Rate Limiting"" is updated successfully

  Scenario: The System Configured For API Rate Limiting case 3
    Given the user is authenticated with role ""qa_verified"" and 127 matching records exist for api rate limiting
    When the user submits ""API Rate Limiting"" with reference number ""1048"" and confirms the action
    Then the system returns status code 201 and ""API Rate Limiting"" is updated successfully
",1156,1,1,1,1,92.3,0.0,100.0,100.0,1.0,High
"Feature: The System To Properly Validate The Shopping Cart Checkout Flow

  Scenario: The System To Properly Validate The Shopping Cart Checkout Flow case 1
    When the user submits ""The Shopping Cart Checkout Flow"" with reference number ""1836"" and confirms the action
    Then the system returns status code 202 and ""The Shopping Cart Checkout Flow"" is updated successfully

  Scenario: The System To Properly Validate The Shopping Cart Checkout Flow case 2
    When the user submits ""The Shopping Cart Checkout Flow"" with reference number ""7501"" and confirms the action
    Then the system returns status code 204 and ""The Shopping Cart Checkout Flow"" is updated successfully
",679,1,0,1,1,70.6,30.9,66.7,100.0,1.0,Medium
"Feature: The System To Be Compatible With Session Timeout Handling

  Scenario: The System To Be Compatible With Session Timeout Handling case 1
    Then the system responds in a normal sufficient way
",201,1,0,0,0,0.0,66.7,33.3,0.0,1.0,Low
"Feature: The System To Accurately Track Offline Mode Data Sync

  Scenario: The System To Accurately Track Offline Mode Data Sync case 1
    Given the user is authenticated with role ""qa_verified"" and 15 matching records exist for offline mode data sync
    When the user submits ""Offline Mode Data Sync"" with reference number ""5002"" and confirms the action
    Then the system returns status code 204 and ""Offline Mode Data Sync"" is updated successfully

  Scenario: The System To Accurately Track Offline Mode Data Sync case 2
    Given the administrator is authenticated with role ""qa_verified"" and 65 matching records exist for offline mode data sync
    When the user submits ""Offline Mode Data Sync"" with reference number ""2346"" and confirms the action
    Then the system returns status code 204 and ""Offline Mode Data Sync"" is updated successfully
",856,1,1,1,1,93.1,0.0,91.7,100.0,0.0,High
"Feature: The System To Reliably Handle Windows Server

  Scenario: The System To Reliably Handle Windows Server case 1
    When the user submits ""Windows Server"" with reference number ""2595"" and confirms the action
    Then the system returns status code 204 and ""Windows Server"" is updated successfully

  Scenario: The System To Reliably Handle Windows Server case 2
    When the user submits ""Windows Server"" with reference number ""4127"" and confirms the action
    Then the system returns status code 201 and ""Windows Server"" is updated successfully
",554,1,0,1,1,66.7,0.0,66.7,100.0,1.0,Medium
"Feature: The System To Securely Process Checkout Tax Calculation

  Scenario: The System To Securely Process Checkout Tax Calculation case 1
    Then the system responds in a occasionally appropriate way
",204,1,0,0,0,0.0,71.4,33.3,0.0,0.0,Low
"Feature: The System To Gracefully Recover Failures In The Audit Logging Subsystem

  Scenario: The System To Gracefully Recover Failures In The Audit Logging Subsystem case 1
    Given the customer is authenticated with role ""qa_verified"" and 70 matching records exist for the audit logging subsystem
    When the user submits ""The Audit Logging Subsystem"" with reference number ""2360"" and confirms the action
    Then the system returns status code 201 and ""The Audit Logging Subsystem"" is updated successfully

  Scenario: The System To Gracefully Recover Failures In The Audit Logging Subsystem case 2
    Given the user is authenticated with role ""qa_verified"" and 157 matching records exist for the audit logging subsystem
    When the user submits ""The Audit Logging Subsystem"" with reference number ""1313"" and confirms the action
    Then the system returns status code 201 and ""The Audit Logging Subsystem"" is updated successfully
",939,1,1,1,0,0.0,0.0,91.7,100.0,1.0,Medium
"Feature: The System To Correctly Support Order Fulfillment Tracking

  Scenario: The System To Correctly Support Order Fulfillment Tracking case 1
    When certain normal action is performed on order fulfillment tracking
",221,0,0,1,1,66.7,100.0,33.3,0.0,1.0,Low
"Feature: The System To Accurately Track Password Reset Emails

  Scenario: The System To Accurately Track Password Reset Emails case 1
    Given the customer is in certain generally starting state for password reset emails
",223,0,1,0,0,0.0,62.5,33.3,0.0,1.0,Low
"Feature: The System To Securely Process Mobile Responsive Layouts

  Scenario: The System To Securely Process Mobile Responsive Layouts case 1
    Given the API client is authenticated with role ""qa_verified"" and 204 matching records exist for mobile responsive layouts
    When the user submits ""Mobile Responsive Layouts"" with reference number ""9768"" and confirms the action
    Then the system returns status code 200 and ""Mobile Responsive Layouts"" is updated successfully

  Scenario: The System To Securely Process Mobile Responsive Layouts case 2
    Given the administrator is authenticated with role ""qa_verified"" and 84 matching records exist for mobile responsive layouts
    When the user submits ""Mobile Responsive Layouts"" with reference number ""5642"" and confirms the action
    Then the system returns status code 201 and ""Mobile Responsive Layouts"" is updated successfully

  Scenario: The System To Securely Process Mobile Responsive Layouts case 3
    Given the administrator is authenticated with role ""qa_verified"" and 8 matching records exist for mobile responsive layouts
    When the user submits ""Mobile Responsive Layouts"" with reference number ""38"" and confirms the action
    Then the system returns status code 201 and ""Mobile Responsive Layouts"" is updated successfully
",1300,1,1,1,1,93.1,0.0,100.0,100.0,0.5,High
"Feature: The System Configured For The Notification Preferences Center

  Scenario: The System Configured For The Notification Preferences Center case 1
    Given the API client is authenticated with role ""qa_verified"" and 5 matching records exist for the notification preferences center
    When the user submits ""The Notification Preferences Center"" with reference number ""5959"" and confirms the action
    Then the system returns status code 204 and ""The Notification Preferences Center"" is updated successfully
",515,1,1,1,1,73.7,0.0,83.3,100.0,1.0,High
"Feature: The System Configured For Load Balancer Failover

  Scenario: The System Configured For Load Balancer Failover case 1
    Given the administrator is in typical adequate starting state for load balancer failover
",220,0,1,0,1,33.3,66.7,33.3,0.0,0.0,Low
"Feature: The System To Gracefully Recover Failures In The Notification Preferences Center

  Scenario: The System To Gracefully Recover Failures In The Notification Preferences Center case 1
    Given the administrator is authenticated with role ""qa_verified"" and 54 matching records exist for the notification preferences center
    When the user submits ""The Notification Preferences Center"" with reference number ""2819"" and confirms the action
    Then the system returns status code 200 and ""The Notification Preferences Center"" is updated successfully

  Scenario: The System To Gracefully Recover Failures In The Notification Preferences Center case 2
    Given the API client is authenticated with role ""qa_verified"" and 105 matching records exist for the notification preferences center
    When the user submits ""The Notification Preferences Center"" with reference number ""4034"" and confirms the action
    Then the system returns status code 200 and ""The Notification Preferences Center"" is updated successfully

  Scenario: The System To Gracefully Recover Failures In The Notification Preferences Center case 3
    Given the customer is authenticated with role ""qa_verified"" and 43 matching records exist for the notification preferences center
    When the user submits ""The Notification Preferences Center"" with reference number ""8558"" and confirms the action
    Then the system returns status code 200 and ""The Notification Preferences Center"" is updated successfully
",1484,1,1,1,1,93.3,0.0,100.0,100.0,1.0,High
"Feature: The System To Properly Validate Single Sign-On Federation

  Scenario: The System To Properly Validate Single Sign-On Federation case 1
    When the user submits ""Single Sign-On Federation"" with reference number ""5281"" and confirms the action

  Scenario: The System To Properly Validate Single Sign-On Federation case 2
    When the user submits ""Single Sign-On Federation"" with reference number ""7732"" and confirms the action
",437,0,0,1,1,61.5,48.4,41.7,100.0,1.0,Low
"Feature: The System To Reliably Handle The Search Indexing Pipeline

  Scenario: The System To Reliably Handle The Search Indexing Pipeline case 1
    Given the customer is in certain some starting state for the search indexing pipeline
    Then the system responds in a quickly effectively way
",295,1,1,0,0,0.0,90.9,58.3,0.0,0.5,Low
"Feature: The System To Consistently Enforce Session Timeout Handling

  Scenario: The System To Consistently Enforce Session Timeout Handling case 1
    Given the operator is authenticated with role ""qa_verified"" and 41 matching records exist for session timeout handling
    When the user submits ""Session Timeout Handling"" with reference number ""5265"" and confirms the action
    Then the system returns status code 201 and ""Session Timeout Handling"" is updated successfully

  Scenario: The System To Consistently Enforce Session Timeout Handling case 2
    Given the API client is authenticated with role ""qa_verified"" and 33 matching records exist for session timeout handling
    When the user submits ""Session Timeout Handling"" with reference number ""3430"" and confirms the action
    Then the system returns status code 200 and ""Session Timeout Handling"" is updated successfully
",887,1,1,1,1,93.3,0.0,91.7,100.0,1.0,High
"Feature: The System To Accurately Track Database Backup And Restore

  Scenario: The System To Accurately Track Database Backup And Restore case 1
    Given the operator is in most occasionally starting state for database backup and restore
    When adequate sufficient action is performed on database backup and restore
    Then the system responds in a adequate occasionally way
",381,1,1,1,1,66.7,100.0,83.3,0.0,0.0,Medium
"Feature: The System To Be Compatible With Data Encryption At Rest

  Scenario: The System To Be Compatible With Data Encryption At Rest case 1
",143,0,0,0,1,33.3,0.0,8.3,0.0,1.0,Low
"Feature: The System To Consistently Enforce Database Backup And Restore

  Scenario: The System To Consistently Enforce Database Backup And Restore case 1
    When the user submits ""Database Backup And Restore"" with reference number ""8232"" and confirms the action
    Then the system returns status code 204 and ""Database Backup And Restore"" is updated successfully

  Scenario: The System To Consistently Enforce Database Backup And Restore case 2
    When the user submits ""Database Backup And Restore"" with reference number ""4013"" and confirms the action
    Then the system returns status code 201 and ""Database Backup And Restore"" is updated successfully

  Scenario: The System To Consistently Enforce Database Backup And Restore case 3
    When the user submits ""Database Backup And Restore"" with reference number ""6195"" and confirms the action
    Then the system returns status code 202 and ""Database Backup And Restore"" is updated successfully
",954,1,0,1,1,90.5,0.0,75.0,100.0,1.0,High
"Feature: The System To Gracefully Recover Failures In API Rate Limiting

  Scenario: The System To Gracefully Recover Failures In API Rate Limiting case 1
    Given the administrator is in appropriate occasionally starting state for api rate limiting
    When generally various action is performed on api rate limiting
",319,0,1,1,1,66.7,87.0,58.3,0.0,0.5,Low
"Feature: The System To Be Compatible With Subscription Billing Cycles

  Scenario: The System To Be Compatible With Subscription Billing Cycles case 1
    Then the system responds in a usual typical way
",203,1,0,0,0,0.0,66.7,33.3,0.0,1.0,Low
"Feature: The System To Be Compatible With Database Backup And Restore

  Scenario: The System To Be Compatible With Database Backup And Restore case 1
    Given the user is authenticated with role ""qa_verified"" and 82 matching records exist for database backup and restore
    Then the system returns status code 201 and ""Database Backup And Restore"" is updated successfully

  Scenario: The System To Be Compatible With Database Backup And Restore case 2
    Given the administrator is authenticated with role ""qa_verified"" and 231 matching records exist for database backup and restore
    Then the system returns status code 200 and ""Database Backup And Restore"" is updated successfully
",690,1,1,0,1,90.9,0.0,66.7,100.0,1.0,High
"Feature: The System To Correctly Support API Rate Limiting

  Scenario: The System To Correctly Support API Rate Limiting case 1
    Given the user is in usually various starting state for api rate limiting
    Then the system responds in a efficiently many way

  Scenario: The System To Correctly Support API Rate Limiting case 2
    Given the administrator is in etc efficiently starting state for api rate limiting
    Then the system responds in a quickly easily way
",472,1,1,0,1,73.3,100.0,66.7,0.0,1.0,Low
"Feature: The System To Accurately Track Customer Refund Workflows

  Scenario: The System To Accurately Track Customer Refund Workflows case 1
    Given the customer is in appropriate easily starting state for customer refund workflows
    Then the system responds in a properly quickly way
",291,1,1,0,0,0.0,97.6,58.3,0.0,1.0,Low
"Feature: The System To Securely Process Role-Based Access Control

  Scenario: The System To Securely Process Role-Based Access Control case 1
    Given the operator is in correctly certain starting state for role-based access control
    When appropriate generally action is performed on role-based access control
    Then the system responds in a many acceptable way

  Scenario: The System To Securely Process Role-Based Access Control case 2
    Given the customer is in etc properly starting state for role-based access control
    When normal usually action is performed on role-based access control
    Then the system responds in a effectively various way

  Scenario: The System To Securely Process Role-Based Access Control case 3
    Given the user is in efficiently properly starting state for role-based access control
    When occasionally reasonable action is performed on role-based access control
    Then the system responds in a appropriate usual way
",970,1,1,1,1,93.8,100.0,100.0,0.0,1.0,Medium
"Feature: The System To Properly Validate Mobile Responsive Layouts

  Scenario: The System To Properly Validate Mobile Responsive Layouts case 1
    Given the operator is in properly adequate starting state for mobile responsive layouts
    When various usually action is performed on mobile responsive layouts
    Then the system responds in a generally various way
",367,1,1,1,1,66.7,100.0,83.3,0.0,0.0,Medium
"Feature: The System Configured For The Search Indexing Pipeline

  Scenario: The System Configured For The Search Indexing Pipeline case 1
",139,0,0,0,0,0.0,0.0,8.3,0.0,1.0,Low
"Feature: The System To Securely Process Two-Factor SMS Verification

  Scenario: The System To Securely Process Two-Factor SMS Verification case 1
    Given the user is authenticated with role ""qa_verified"" and 166 matching records exist for two-factor sms verification
    When the user submits ""Two-Factor SMS Verification"" with reference number ""3469"" and confirms the action
    Then the system returns status code 202 and ""Two-Factor SMS Verification"" is updated successfully

  Scenario: The System To Securely Process Two-Factor SMS Verification case 2
    Given the administrator is authenticated with role ""qa_verified"" and 25 matching records exist for two-factor sms verification
    When the user submits ""Two-Factor SMS Verification"" with reference number ""613"" and confirms the action
    Then the system returns status code 200 and ""Two-Factor SMS Verification"" is updated successfully
",901,1,1,1,1,92.6,0.0,91.7,100.0,1.0,High
"Feature: The System To Be Compatible With Windows Server

  Scenario: The System To Be Compatible With Windows Server case 1
    Given the operator is in many sufficient starting state for windows server
",204,0,1,0,1,58.3,64.5,33.3,0.0,0.0,Low
"Feature: The System To Consistently Enforce Offline Mode Data Sync

  Scenario: The System To Consistently Enforce Offline Mode Data Sync case 1
",145,0,0,0,0,0.0,0.0,8.3,0.0,0.5,Low
"Feature: The System To Reliably Handle The Audit Logging Subsystem

  Scenario: The System To Reliably Handle The Audit Logging Subsystem case 1
    Given the API client is authenticated with role ""qa_verified"" and 222 matching records exist for the audit logging subsystem
    When the user submits ""The Audit Logging Subsystem"" with reference number ""7851"" and confirms the action
    Then the system returns status code 200 and ""The Audit Logging Subsystem"" is updated successfully

  Scenario: The System To Reliably Handle The Audit Logging Subsystem case 2
    Given the API client is authenticated with role ""qa_verified"" and 73 matching records exist for the audit logging subsystem
    When the user submits ""The Audit Logging Subsystem"" with reference number ""1645"" and confirms the action
    Then the system returns status code 204 and ""The Audit Logging Subsystem"" is updated successfully
",902,1,1,1,1,92.9,0.0,91.7,100.0,1.0,High
"Feature: The System To Accurately Track The Search Indexing Pipeline

  Scenario: The System To Accurately Track The Search Indexing Pipeline case 1
    When the user submits ""The Search Indexing Pipeline"" with reference number ""2639"" and confirms the action
    Then the system returns status code 204 and ""The Search Indexing Pipeline"" is updated successfully

  Scenario: The System To Accurately Track The Search Indexing Pipeline case 2
    When the user submits ""The Search Indexing Pipeline"" with reference number ""5112"" and confirms the action
    Then the system returns status code 202 and ""The Search Indexing Pipeline"" is updated successfully
",655,1,0,1,1,68.8,0.0,66.7,100.0,0.0,Medium
"Feature: The System To Properly Validate The Payment Gateway

  Scenario: The System To Properly Validate The Payment Gateway case 1
    When etc many action is performed on the payment gateway
    Then the system responds in a properly few way
",245,1,0,1,1,33.3,100.0,58.3,0.0,0.5,Low
"Feature: The System To Be Compatible With Bulk CSV Data Import

  Scenario: The System To Be Compatible With Bulk CSV Data Import case 1
    Given the administrator is authenticated with role ""qa_verified"" and 167 matching records exist for bulk csv data import
    When the user submits ""Bulk CSV Data Import"" with reference number ""6586"" and confirms the action
    Then the system returns status code 201 and ""Bulk CSV Data Import"" is updated successfully

  Scenario: The System To Be Compatible With Bulk CSV Data Import case 2
    Given the API client is authenticated with role ""qa_verified"" and 21 matching records exist for bulk csv data import
    When the user submits ""Bulk CSV Data Import"" with reference number ""91"" and confirms the action
    Then the system returns status code 204 and ""Bulk CSV Data Import"" is updated successfully
",849,1,1,1,1,92.9,0.0,91.7,100.0,1.0,High
"Feature: The System To Properly Validate Windows Server

  Scenario: The System To Properly Validate Windows Server case 1
    Given the user is in many correctly starting state for windows server
    When certain many action is performed on windows server

  Scenario: The System To Properly Validate Windows Server case 2
    Given the API client is in correctly various starting state for windows server
    When certain few action is performed on windows server
",466,0,1,1,0,0.0,100.0,66.7,0.0,1.0,Low
"Feature: The System To Accurately Track Bulk CSV Data Import

  Scenario: The System To Accurately Track Bulk CSV Data Import case 1
",133,0,0,0,0,0.0,0.0,8.3,0.0,1.0,Low
"Feature: The System To Securely Process Cross-Browser Rendering

  Scenario: The System To Securely Process Cross-Browser Rendering case 1
    Given the user is authenticated with role ""qa_verified"" and 105 matching records exist for cross-browser rendering
    When the user submits ""Cross-Browser Rendering"" with reference number ""4785"" and confirms the action
    Then the system returns status code 202 and ""Cross-Browser Rendering"" is updated successfully

  Scenario: The System To Securely Process Cross-Browser Rendering case 2
    Given the administrator is authenticated with role ""qa_verified"" and 131 matching records exist for cross-browser rendering
    When the user submits ""Cross-Browser Rendering"" with reference number ""5036"" and confirms the action
    Then the system returns status code 200 and ""Cross-Browser Rendering"" is updated successfully

  Scenario: The System To Securely Process Cross-Browser Rendering case 3
    Given the API client is authenticated with role ""qa_verified"" and 142 matching records exist for cross-browser rendering
    When the user submits ""Cross-Browser Rendering"" with reference number ""9908"" and confirms the action
    Then the system returns status code 202 and ""Cross-Browser Rendering"" is updated successfully
",1270,1,1,1,1,93.3,0.0,100.0,100.0,0.0,High
"Feature: The System To Be Compatible With API Rate Limiting

  Scenario: The System To Be Compatible With API Rate Limiting case 1
    Given the API client is in etc acceptable starting state for api rate limiting
    When some properly action is performed on api rate limiting
    Then the system responds in a many most way
",326,1,1,1,0,0.0,100.0,83.3,0.0,0.0,Low
"Feature: The System To Be Compatible With Automated Report Generation

  Scenario: The System To Be Compatible With Automated Report Generation case 1
",151,0,0,0,0,0.0,0.0,8.3,0.0,0.0,Low
"Feature: The System To Be Compatible With Subscription Billing Cycles

  Scenario: The System To Be Compatible With Subscription Billing Cycles case 1
    Given the administrator is authenticated with role ""qa_verified"" and 149 matching records exist for subscription billing cycles
    When the user submits ""Subscription Billing Cycles"" with reference number ""6925"" and confirms the action
    Then the system returns status code 204 and ""Subscription Billing Cycles"" is updated successfully

  Scenario: The System To Be Compatible With Subscription Billing Cycles case 2
    Given the operator is authenticated with role ""qa_verified"" and 196 matching records exist for subscription billing cycles
    When the user submits ""Subscription Billing Cycles"" with reference number ""7690"" and confirms the action
    Then the system returns status code 201 and ""Subscription Billing Cycles"" is updated successfully
",913,1,1,1,1,92.9,0.0,91.7,100.0,1.0,High
"Feature: The System To Securely Process The Notification Preferences Center

  Scenario: The System To Securely Process The Notification Preferences Center case 1
    Then the system returns status code 202 and ""The Notification Preferences Center"" is updated successfully
",273,1,0,0,1,61.5,0.0,33.3,100.0,0.5,Low
"Feature: The System To Accurately Track Offline Mode Data Sync

  Scenario: The System To Accurately Track Offline Mode Data Sync case 1
    When several efficiently action is performed on offline mode data sync
",212,0,0,1,0,0.0,62.5,33.3,0.0,1.0,Low
"Feature: The System To Consistently Enforce Database Backup And Restore

  Scenario: The System To Consistently Enforce Database Backup And Restore case 1
    Given the user is authenticated with role ""qa_verified"" and 140 matching records exist for database backup and restore
    When the user submits ""Database Backup And Restore"" with reference number ""8400"" and confirms the action
    Then the system returns status code 201 and ""Database Backup And Restore"" is updated successfully

  Scenario: The System To Consistently Enforce Database Backup And Restore case 2
    Given the operator is authenticated with role ""qa_verified"" and 96 matching records exist for database backup and restore
    When the user submits ""Database Backup And Restore"" with reference number ""7332"" and confirms the action
    Then the system returns status code 200 and ""Database Backup And Restore"" is updated successfully

  Scenario: The System To Consistently Enforce Database Backup And Restore case 3
    Given the customer is authenticated with role ""qa_verified"" and 70 matching records exist for database backup and restore
    When the user submits ""Database Backup And Restore"" with reference number ""7781"" and confirms the action
    Then the system returns status code 201 and ""Database Backup And Restore"" is updated successfully
",1329,1,1,1,1,93.1,0.0,100.0,100.0,0.0,High
"Feature: The System To Be Compatible With Password Reset Emails

  Scenario: The System To Be Compatible With Password Reset Emails case 1
    Given the API client is in typical several starting state for password reset emails
    When several acceptable action is performed on password reset emails
    Then the system responds in a generally appropriate way
",360,1,1,1,1,68.8,100.0,83.3,0.0,1.0,Medium
"Feature: The System Configured For Both AWS And Azure Platforms

  Scenario: The System Configured For Both AWS And Azure Platforms case 1
",139,0,0,0,0,0.0,0.0,8.3,0.0,1.0,Low
"Feature: The System To Consistently Enforce Automated Report Generation

  Scenario: The System To Consistently Enforce Automated Report Generation case 1
    Given the administrator is authenticated with role ""qa_verified"" and 99 matching records exist for automated report generation
    When the user submits ""Automated Report Generation"" with reference number ""7537"" and confirms the action
    Then the system returns status code 202 and ""Automated Report Generation"" is updated successfully

  Scenario: The System To Consistently Enforce Automated Report Generation case 2
    Given the administrator is authenticated with role ""qa_verified"" and 141 matching records exist for automated report generation
    When the user submits ""Automated Report Generation"" with reference number ""4369"" and confirms the action
    Then the system returns status code 201 and ""Automated Report Generation"" is updated successfully

  Scenario: The System To Consistently Enforce Automated Report Generation case 3
    Given the API client is authenticated with role ""qa_verified"" and 92 matching records exist for automated report generation
    When the user submits ""Automated Report Generation"" with reference number ""9600"" and confirms the action
    Then the system returns status code 201 and ""Automated Report Generation"" is updated successfully
",1345,1,1,1,1,93.1,0.0,100.0,100.0,1.0,High
"Feature: The System To Correctly Support Load Balancer Failover

  Scenario: The System To Correctly Support Load Balancer Failover case 1
    When few efficiently action is performed on load balancer failover
    Then the system responds in a adequate effectively way

  Scenario: The System To Correctly Support Load Balancer Failover case 2
    When usual normal action is performed on load balancer failover
    Then the system responds in a appropriate usually way
",470,1,0,1,0,0.0,100.0,66.7,0.0,0.5,Low
"Feature: The System To Correctly Support Automated Report Generation

  Scenario: The System To Correctly Support Automated Report Generation case 1
    When suitable certain action is performed on automated report generation
",226,0,0,1,0,0.0,100.0,33.3,0.0,0.0,Low
"Feature: The System To Reliably Handle Load Balancer Failover

  Scenario: The System To Reliably Handle Load Balancer Failover case 1
    Given the user is authenticated with role ""qa_verified"" and 210 matching records exist for load balancer failover
    When the user submits ""Load Balancer Failover"" with reference number ""6834"" and confirms the action
    Then the system returns status code 201 and ""Load Balancer Failover"" is updated successfully

  Scenario: The System To Reliably Handle Load Balancer Failover case 2
    Given the administrator is authenticated with role ""qa_verified"" and 225 matching records exist for load balancer failover
    When the user submits ""Load Balancer Failover"" with reference number ""4761"" and confirms the action
    Then the system returns status code 200 and ""Load Balancer Failover"" is updated successfully

  Scenario: The System To Reliably Handle Load Balancer Failover case 3
    Given the administrator is authenticated with role ""qa_verified"" and 67 matching records exist for load balancer failover
    When the user submits ""Load Balancer Failover"" with reference number ""4000"" and confirms the action
    Then the system returns status code 201 and ""Load Balancer Failover"" is updated successfully
",1255,1,1,1,1,92.9,0.0,100.0,100.0,1.0,High
"Feature: The System To Correctly Support Bulk CSV Data Import

  Scenario: The System To Correctly Support Bulk CSV Data Import case 1
    When usual typical action is performed on bulk csv data import
    Then the system responds in a usual generally way
",256,1,0,1,1,71.4,100.0,58.3,0.0,0.0,Low
"Feature: The System Configured For Push Notification Delivery

  Scenario: The System Configured For Push Notification Delivery case 1
    When suitable occasionally action is performed on push notification delivery
",216,0,0,1,0,0.0,74.1,33.3,0.0,1.0,Low
"Feature: The System To Accurately Track Multi-Factor Authentication

  Scenario: The System To Accurately Track Multi-Factor Authentication case 1
    Given the API client is authenticated with role ""qa_verified"" and 40 matching records exist for multi-factor authentication
    When the user submits ""Multi-Factor Authentication"" with reference number ""2520"" and confirms the action
    Then the system returns status code 201 and ""Multi-Factor Authentication"" is updated successfully

  Scenario: The System To Accurately Track Multi-Factor Authentication case 2
    Given the administrator is authenticated with role ""qa_verified"" and 110 matching records exist for multi-factor authentication
    When the user submits ""Multi-Factor Authentication"" with reference number ""8127"" and confirms the action
    Then the system returns status code 202 and ""Multi-Factor Authentication"" is updated successfully
",908,1,1,1,1,93.1,0.0,91.7,100.0,1.0,High
"Feature: The System To Reliably Handle Bulk CSV Data Import

  Scenario: The System To Reliably Handle Bulk CSV Data Import case 1
    Given the operator is authenticated with role ""qa_verified"" and 184 matching records exist for bulk csv data import
    Then the system returns status code 204 and ""Bulk CSV Data Import"" is updated successfully
",346,1,1,0,1,70.6,0.0,58.3,100.0,0.5,Medium
"Feature: The System To Securely Process Subscription Billing Cycles

  Scenario: The System To Securely Process Subscription Billing Cycles case 1
    Given the API client is in usually sufficient starting state for subscription billing cycles
    When etc reasonable action is performed on subscription billing cycles
    Then the system responds in a properly reasonable way
",377,1,1,1,0,0.0,100.0,83.3,0.0,1.0,Low
"Feature: The System To Be Compatible With Data Encryption At Rest

  Scenario: The System To Be Compatible With Data Encryption At Rest case 1
    Given the operator is authenticated with role ""qa_verified"" and 200 matching records exist for data encryption at rest
    When the user submits ""Data Encryption At Rest"" with reference number ""9499"" and confirms the action
    Then the system returns status code 204 and ""Data Encryption At Rest"" is updated successfully

  Scenario: The System To Be Compatible With Data Encryption At Rest case 2
    Given the user is authenticated with role ""qa_verified"" and 201 matching records exist for data encryption at rest
    When the user submits ""Data Encryption At Rest"" with reference number ""4578"" and confirms the action
    Then the system returns status code 202 and ""Data Encryption At Rest"" is updated successfully
",868,1,1,1,1,92.6,0.0,91.7,100.0,1.0,High
"Feature: The System To Properly Validate The Shopping Cart Checkout Flow

  Scenario: The System To Properly Validate The Shopping Cart Checkout Flow case 1
    Given the API client is in few normal starting state for the shopping cart checkout flow
    When etc many action is performed on the shopping cart checkout flow
    Then the system responds in a few generally way
",375,1,1,1,1,68.8,100.0,83.3,0.0,1.0,Medium
"Feature: The System To Accurately Track Push Notification Delivery

  Scenario: The System To Accurately Track Push Notification Delivery case 1
    Then the system responds in a correctly reasonable way
",204,1,0,0,0,0.0,71.4,33.3,0.0,0.5,Low
"Feature: The System To Accurately Track Data Encryption At Rest

  Scenario: The System To Accurately Track Data Encryption At Rest case 1
    Given the user is authenticated with role ""qa_verified"" and 145 matching records exist for data encryption at rest
    When the user submits ""Data Encryption At Rest"" with reference number ""9318"" and confirms the action
    Then the system returns status code 202 and ""Data Encryption At Rest"" is updated successfully

  Scenario: The System To Accurately Track Data Encryption At Rest case 2
    Given the customer is authenticated with role ""qa_verified"" and 216 matching records exist for data encryption at rest
    When the user submits ""Data Encryption At Rest"" with reference number ""3875"" and confirms the action
    Then the system returns status code 201 and ""Data Encryption At Rest"" is updated successfully
",862,1,1,1,1,92.9,0.0,91.7,100.0,1.0,High
"Feature: The System To Properly Validate Inventory Stock Synchronization

  Scenario: The System To Properly Validate Inventory Stock Synchronization case 1
    Then the system responds in a appropriate some way
",212,1,0,0,1,54.5,100.0,33.3,0.0,1.0,Low
"Feature: The System To Reliably Handle Bulk CSV Data Import

  Scenario: The System To Reliably Handle Bulk CSV Data Import case 1
    When certain acceptable action is performed on bulk csv data import
",203,0,0,1,0,0.0,62.5,33.3,0.0,0.5,Low
"Feature: The System To Securely Process The Notification Preferences Center

  Scenario: The System To Securely Process The Notification Preferences Center case 1
    Given the user is authenticated with role ""qa_verified"" and 134 matching records exist for the notification preferences center
    When the user submits ""The Notification Preferences Center"" with reference number ""4338"" and confirms the action
    Then the system returns status code 204 and ""The Notification Preferences Center"" is updated successfully

  Scenario: The System To Securely Process The Notification Preferences Center case 2
    Given the administrator is authenticated with role ""qa_verified"" and 43 matching records exist for the notification preferences center
    When the user submits ""The Notification Preferences Center"" with reference number ""6157"" and confirms the action
    Then the system returns status code 200 and ""The Notification Preferences Center"" is updated successfully
",974,1,1,1,1,92.9,0.0,91.7,100.0,1.0,High
"Feature: The System Configured For Third-Party Payment Providers

  Scenario: The System Configured For Third-Party Payment Providers case 1
    Given the administrator is authenticated with role ""qa_verified"" and 232 matching records exist for third-party payment providers
    Then the system returns status code 200 and ""Third-Party Payment Providers"" is updated successfully

  Scenario: The System Configured For Third-Party Payment Providers case 2
    Given the operator is authenticated with role ""qa_verified"" and 197 matching records exist for third-party payment providers
    Then the system returns status code 201 and ""Third-Party Payment Providers"" is updated successfully
",688,1,1,0,1,70.6,0.0,66.7,100.0,0.5,Medium
"Feature: The System To Properly Validate Offline Mode Data Sync

  Scenario: The System To Properly Validate Offline Mode Data Sync case 1
    Given the administrator is in effectively several starting state for offline mode data sync
    When etc several action is performed on offline mode data sync
",302,0,1,1,0,0.0,100.0,58.3,0.0,0.5,Low
"Feature: The System To Properly Validate Both AWS And Azure Platforms

  Scenario: The System To Properly Validate Both AWS And Azure Platforms case 1
    Given the customer is authenticated with role ""qa_verified"" and 64 matching records exist for both aws and azure platforms
    When the user submits ""Both AWS And Azure Platforms"" with reference number ""2138"" and confirms the action
    Then the system returns status code 204 and ""Both AWS And Azure Platforms"" is updated successfully

  Scenario: The System To Properly Validate Both AWS And Azure Platforms case 2
    Given the customer is authenticated with role ""qa_verified"" and 31 matching records exist for both aws and azure platforms
    When the user submits ""Both AWS And Azure Platforms"" with reference number ""1255"" and confirms the action
    Then the system returns status code 204 and ""Both AWS And Azure Platforms"" is updated successfully

  Scenario: The System To Properly Validate Both AWS And Azure Platforms case 3
    Given the user is authenticated with role ""qa_verified"" and 56 matching records exist for both aws and azure platforms
    When the user submits ""Both AWS And Azure Platforms"" with reference number ""6144"" and confirms the action
    Then the system returns status code 204 and ""Both AWS And Azure Platforms"" is updated successfully
",1329,1,1,1,1,93.1,20.3,100.0,100.0,1.0,High
"Feature: The System To Securely Process The Shopping Cart Checkout Flow

  Scenario: The System To Securely Process The Shopping Cart Checkout Flow case 1
    When the user submits ""The Shopping Cart Checkout Flow"" with reference number ""1416"" and confirms the action
    Then the system returns status code 201 and ""The Shopping Cart Checkout Flow"" is updated successfully

  Scenario: The System To Securely Process The Shopping Cart Checkout Flow case 2
    When the user submits ""The Shopping Cart Checkout Flow"" with reference number ""322"" and confirms the action
    Then the system returns status code 200 and ""The Shopping Cart Checkout Flow"" is updated successfully
",675,1,0,1,0,0.0,0.0,66.7,100.0,1.0,Medium
"Feature: The System To Properly Validate Load Balancer Failover

  Scenario: The System To Properly Validate Load Balancer Failover case 1
",139,0,0,0,0,0.0,100.0,8.3,0.0,1.0,Low
"Feature: The System To Accurately Track Password Reset Emails

  Scenario: The System To Accurately Track Password Reset Emails case 1
    Given the customer is authenticated with role ""qa_verified"" and 25 matching records exist for password reset emails
    When the user submits ""Password Reset Emails"" with reference number ""9839"" and confirms the action
    Then the system returns status code 204 and ""Password Reset Emails"" is updated successfully

  Scenario: The System To Accurately Track Password Reset Emails case 2
    Given the user is authenticated with role ""qa_verified"" and 176 matching records exist for password reset emails
    When the user submits ""Password Reset Emails"" with reference number ""4940"" and confirms the action
    Then the system returns status code 204 and ""Password Reset Emails"" is updated successfully

  Scenario: The System To Accurately Track Password Reset Emails case 3
    Given the administrator is authenticated with role ""qa_verified"" and 223 matching records exist for password reset emails
    When the user submits ""Password Reset Emails"" with reference number ""8705"" and confirms the action
    Then the system returns status code 201 and ""Password Reset Emails"" is updated successfully
",1241,1,1,1,1,93.3,0.0,100.0,100.0,1.0,High
"Feature: The System To Securely Process Inventory Stock Synchronization

  Scenario: The System To Securely Process Inventory Stock Synchronization case 1
    Given the API client is in sufficient appropriate starting state for inventory stock synchronization
    When normal quickly action is performed on inventory stock synchronization
    Then the system responds in a usual reasonable way
",394,1,1,1,1,70.6,100.0,83.3,0.0,0.0,Medium
"Feature: The System To Reliably Handle Both AWS And Azure Platforms

  Scenario: The System To Reliably Handle Both AWS And Azure Platforms case 1
    Given the user is authenticated with role ""qa_verified"" and 106 matching records exist for both aws and azure platforms
    When the user submits ""Both AWS And Azure Platforms"" with reference number ""7879"" and confirms the action
    Then the system returns status code 204 and ""Both AWS And Azure Platforms"" is updated successfully
",484,1,1,1,0,0.0,0.0,83.3,100.0,0.0,Medium
"Feature: The System To Gracefully Recover Failures In Both AWS And Azure Platforms

  Scenario: The System To Gracefully Recover Failures In Both AWS And Azure Platforms case 1
    Given the operator is authenticated with role ""qa_verified"" and 174 matching records exist for both aws and azure platforms
    When the user submits ""Both AWS And Azure Platforms"" with reference number ""9980"" and confirms the action
    Then the system returns status code 200 and ""Both AWS And Azure Platforms"" is updated successfully

  Scenario: The System To Gracefully Recover Failures In Both AWS And Azure Platforms case 2
    Given the customer is authenticated with role ""qa_verified"" and 105 matching records exist for both aws and azure platforms
    When the user submits ""Both AWS And Azure Platforms"" with reference number ""7292"" and confirms the action
    Then the system returns status code 200 and ""Both AWS And Azure Platforms"" is updated successfully

  Scenario: The System To Gracefully Recover Failures In Both AWS And Azure Platforms case 3
    Given the API client is authenticated with role ""qa_verified"" and 9 matching records exist for both aws and azure platforms
    When the user submits ""Both AWS And Azure Platforms"" with reference number ""6655"" and confirms the action
    Then the system returns status code 200 and ""Both AWS And Azure Platforms"" is updated successfully
",1388,1,1,1,1,93.5,0.0,100.0,100.0,1.0,High
"Feature: The System To Securely Process The Audit Logging Subsystem

  Scenario: The System To Securely Process The Audit Logging Subsystem case 1
    Then the system responds in a adequate reasonable way

  Scenario: The System To Securely Process The Audit Logging Subsystem case 2
    Then the system responds in a typical correctly way
",340,1,0,0,1,61.5,80.0,41.7,0.0,0.5,Low
"Feature: The System To Gracefully Recover Failures In The Product Catalog Search

  Scenario: The System To Gracefully Recover Failures In The Product Catalog Search case 1
    When few acceptable action is performed on the product catalog search
",247,0,0,1,0,0.0,55.6,33.3,0.0,0.0,Low
"Feature: The System To Reliably Handle Third-Party Payment Providers

  Scenario: The System To Reliably Handle Third-Party Payment Providers case 1
    Given the customer is authenticated with role ""qa_verified"" and 224 matching records exist for third-party payment providers
    When the user submits ""Third-Party Payment Providers"" with reference number ""9860"" and confirms the action

  Scenario: The System To Reliably Handle Third-Party Payment Providers case 2
    Given the user is authenticated with role ""qa_verified"" and 48 matching records exist for third-party payment providers
    When the user submits ""Third-Party Payment Providers"" with reference number ""6453"" and confirms the action
",704,0,1,1,1,91.7,0.0,66.7,100.0,1.0,Medium
"Feature: The System To Gracefully Recover Failures In Password Reset Emails

  Scenario: The System To Gracefully Recover Failures In Password Reset Emails case 1
    Then the system returns status code 201 and ""Password Reset Emails"" is updated successfully

  Scenario: The System To Gracefully Recover Failures In Password Reset Emails case 2
    Then the system returns status code 202 and ""Password Reset Emails"" is updated successfully
",442,1,0,0,1,61.5,0.0,41.7,100.0,1.0,Medium
"Feature: The System To Securely Process The Product Catalog Search

  Scenario: The System To Securely Process The Product Catalog Search case 1
    Given the operator is in usually sufficient starting state for the product catalog search
    Then the system responds in a easily acceptable way
",295,1,1,0,1,44.4,90.9,58.3,0.0,1.0,Low
"Feature: The System To Consistently Enforce User Profile Photo Uploads

  Scenario: The System To Consistently Enforce User Profile Photo Uploads case 1
    Given the customer is authenticated with role ""qa_verified"" and 182 matching records exist for user profile photo uploads
    When the user submits ""User Profile Photo Uploads"" with reference number ""3023"" and confirms the action
    Then the system returns status code 200 and ""User Profile Photo Uploads"" is updated successfully

  Scenario: The System To Consistently Enforce User Profile Photo Uploads case 2
    Given the operator is authenticated with role ""qa_verified"" and 195 matching records exist for user profile photo uploads
    When the user submits ""User Profile Photo Uploads"" with reference number ""2978"" and confirms the action
    Then the system returns status code 202 and ""User Profile Photo Uploads"" is updated successfully

  Scenario: The System To Consistently Enforce User Profile Photo Uploads case 3
    Given the administrator is authenticated with role ""qa_verified"" and 46 matching records exist for user profile photo uploads
    When the user submits ""User Profile Photo Uploads"" with reference number ""6638"" and confirms the action
    Then the system returns status code 204 and ""User Profile Photo Uploads"" is updated successfully
",1326,1,1,1,1,93.1,0.0,100.0,100.0,0.0,High
"Feature: The System To Gracefully Recover Failures In Both AWS And Azure Platforms

  Scenario: The System To Gracefully Recover Failures In Both AWS And Azure Platforms case 1
    Given the user is in most few starting state for both aws and azure platforms
    When some easily action is performed on both aws and azure platforms
",332,0,1,1,1,66.7,74.1,58.3,0.0,0.0,Low
"Feature: The System To Gracefully Recover Failures In API Rate Limiting

  Scenario: The System To Gracefully Recover Failures In API Rate Limiting case 1
    Then the system responds in a certain efficiently way
",213,1,0,0,0,0.0,62.5,33.3,0.0,0.5,Low
"Feature: The System To Properly Validate Automated Report Generation

  Scenario: The System To Properly Validate Automated Report Generation case 1
    Given the operator is authenticated with role ""qa_verified"" and 95 matching records exist for automated report generation
    When the user submits ""Automated Report Generation"" with reference number ""8839"" and confirms the action
    Then the system returns status code 202 and ""Automated Report Generation"" is updated successfully

  Scenario: The System To Properly Validate Automated Report Generation case 2
    Given the user is authenticated with role ""qa_verified"" and 141 matching records exist for automated report generation
    When the user submits ""Automated Report Generation"" with reference number ""3643"" and confirms the action
    Then the system returns status code 200 and ""Automated Report Generation"" is updated successfully

  Scenario: The System To Properly Validate Automated Report Generation case 3
    Given the customer is authenticated with role ""qa_verified"" and 52 matching records exist for automated report generation
    When the user submits ""Automated Report Generation"" with reference number ""9054"" and confirms the action
    Then the system returns status code 204 and ""Automated Report Generation"" is updated successfully
",1317,1,1,1,1,93.1,23.4,100.0,100.0,1.0,High
"Feature: The System To Accurately Track Third-Party Payment Providers

  Scenario: The System To Accurately Track Third-Party Payment Providers case 1

  Scenario: The System To Accurately Track Third-Party Payment Providers case 2
",232,0,0,0,1,54.5,0.0,16.7,0.0,1.0,Low
"Feature: The System To Be Compatible With The Audit Logging Subsystem

  Scenario: The System To Be Compatible With The Audit Logging Subsystem case 1
    Given the operator is in effectively most starting state for the audit logging subsystem
",244,0,1,0,0,0.0,54.1,33.3,0.0,1.0,Low
"Feature: The System To Accurately Track Bulk CSV Data Import

  Scenario: The System To Accurately Track Bulk CSV Data Import case 1
    Given the API client is authenticated with role ""qa_verified"" and 134 matching records exist for bulk csv data import
    When the user submits ""Bulk CSV Data Import"" with reference number ""7585"" and confirms the action
    Then the system returns status code 200 and ""Bulk CSV Data Import"" is updated successfully

  Scenario: The System To Accurately Track Bulk CSV Data Import case 2
    Given the operator is authenticated with role ""qa_verified"" and 67 matching records exist for bulk csv data import
    When the user submits ""Bulk CSV Data Import"" with reference number ""5210"" and confirms the action
    Then the system returns status code 200 and ""Bulk CSV Data Import"" is updated successfully
",840,1,1,1,1,93.1,0.0,91.7,100.0,1.0,High
"Feature: The System To Accurately Track The Search Indexing Pipeline

  Scenario: The System To Accurately Track The Search Indexing Pipeline case 1
    Given the API client is in effectively usual starting state for the search indexing pipeline
    When certain suitable action is performed on the search indexing pipeline
    Then the system responds in a adequate some way

  Scenario: The System To Accurately Track The Search Indexing Pipeline case 2
    Given the customer is in efficiently sufficient starting state for the search indexing pipeline
    When suitable properly action is performed on the search indexing pipeline
    Then the system responds in a properly some way
",687,1,1,1,1,70.6,100.0,91.7,0.0,1.0,Medium
"Feature: The System To Consistently Enforce Cross-Browser Rendering

  Scenario: The System To Consistently Enforce Cross-Browser Rendering case 1
    Given the user is in appropriate various starting state for cross-browser rendering
    Then the system responds in a some generally way
",288,1,1,0,0,0.0,97.6,58.3,0.0,0.5,Low
"Feature: The System To Reliably Handle User Profile Photo Uploads

  Scenario: The System To Reliably Handle User Profile Photo Uploads case 1
    When the user submits ""User Profile Photo Uploads"" with reference number ""8459"" and confirms the action
    Then the system returns status code 204 and ""User Profile Photo Uploads"" is updated successfully

  Scenario: The System To Reliably Handle User Profile Photo Uploads case 2
    When the user submits ""User Profile Photo Uploads"" with reference number ""4155"" and confirms the action
    Then the system returns status code 201 and ""User Profile Photo Uploads"" is updated successfully
",638,1,0,1,1,90.5,0.0,66.7,100.0,1.0,High
"Feature: The System Configured For Mobile Responsive Layouts

  Scenario: The System Configured For Mobile Responsive Layouts case 1
    Given the administrator is authenticated with role ""qa_verified"" and 104 matching records exist for mobile responsive layouts
    When the user submits ""Mobile Responsive Layouts"" with reference number ""8176"" and confirms the action
    Then the system returns status code 202 and ""Mobile Responsive Layouts"" is updated successfully
",470,1,1,1,1,73.7,0.0,83.3,100.0,0.5,High
"Feature: The System To Be Compatible With Inventory Stock Synchronization

  Scenario: The System To Be Compatible With Inventory Stock Synchronization case 1
    Then the system responds in a most many way
",207,1,0,0,0,0.0,66.7,33.3,0.0,0.0,Low
"Feature: The System To Accurately Track Customer Refund Workflows

  Scenario: The System To Accurately Track Customer Refund Workflows case 1
    Given the operator is authenticated with role ""qa_verified"" and 44 matching records exist for customer refund workflows
    When the user submits ""Customer Refund Workflows"" with reference number ""7570"" and confirms the action
    Then the system returns status code 201 and ""Customer Refund Workflows"" is updated successfully

  Scenario: The System To Accurately Track Customer Refund Workflows case 2
    Given the API client is authenticated with role ""qa_verified"" and 219 matching records exist for customer refund workflows
    When the user submits ""Customer Refund Workflows"" with reference number ""6725"" and confirms the action
    Then the system returns status code 201 and ""Customer Refund Workflows"" is updated successfully

  Scenario: The System To Accurately Track Customer Refund Workflows case 3
    Given the user is authenticated with role ""qa_verified"" and 60 matching records exist for customer refund workflows
    When the user submits ""Customer Refund Workflows"" with reference number ""4177"" and confirms the action
    Then the system returns status code 200 and ""Customer Refund Workflows"" is updated successfully
",1289,1,1,1,1,93.3,0.0,100.0,100.0,0.0,High
"Feature: The System To Gracefully Recover Failures In Inventory Stock Synchronization

  Scenario: The System To Gracefully Recover Failures In Inventory Stock Synchronization case 1
    Then the system responds in a many acceptable way

  Scenario: The System To Gracefully Recover Failures In Inventory Stock Synchronization case 2
    Then the system responds in a usual quickly way
",386,1,0,0,1,61.5,75.5,41.7,0.0,1.0,Low
"Feature: The System To Accurately Track Cross-Browser Rendering

  Scenario: The System To Accurately Track Cross-Browser Rendering case 1
",139,0,0,0,1,33.3,0.0,8.3,0.0,1.0,Low
"Feature: The System To Correctly Support User Profile Photo Uploads

  Scenario: The System To Correctly Support User Profile Photo Uploads case 1
    Given the customer is authenticated with role ""qa_verified"" and 70 matching records exist for user profile photo uploads
    When the user submits ""User Profile Photo Uploads"" with reference number ""6698"" and confirms the action
    Then the system returns status code 204 and ""User Profile Photo Uploads"" is updated successfully

  Scenario: The System To Correctly Support User Profile Photo Uploads case 2
    Given the operator is authenticated with role ""qa_verified"" and 108 matching records exist for user profile photo uploads
    When the user submits ""User Profile Photo Uploads"" with reference number ""7075"" and confirms the action
    Then the system returns status code 201 and ""User Profile Photo Uploads"" is updated successfully

  Scenario: The System To Correctly Support User Profile Photo Uploads case 3
    Given the administrator is authenticated with role ""qa_verified"" and 168 matching records exist for user profile photo uploads
    When the user submits ""User Profile Photo Uploads"" with reference number ""4662"" and confirms the action
    Then the system returns status code 200 and ""User Profile Photo Uploads"" is updated successfully
",1314,1,1,1,1,96.4,21.7,100.0,100.0,0.0,High
"Feature: The System Configured For User Profile Photo Uploads

  Scenario: The System Configured For User Profile Photo Uploads case 1
    Given the operator is in few suitable starting state for user profile photo uploads
",223,0,1,0,1,61.5,60.6,33.3,0.0,0.0,Low
"Feature: The System To Accurately Track The Product Catalog Search

  Scenario: The System To Accurately Track The Product Catalog Search case 1
    When the user submits ""The Product Catalog Search"" with reference number ""9281"" and confirms the action
",253,0,0,1,0,0.0,0.0,33.3,100.0,0.0,Low
"Feature: The System Configured For Load Balancer Failover

  Scenario: The System Configured For Load Balancer Failover case 1
    Given the customer is authenticated with role ""qa_verified"" and 92 matching records exist for load balancer failover
    When the user submits ""Load Balancer Failover"" with reference number ""5475"" and confirms the action
    Then the system returns status code 202 and ""Load Balancer Failover"" is updated successfully

  Scenario: The System Configured For Load Balancer Failover case 2
    Given the operator is authenticated with role ""qa_verified"" and 82 matching records exist for load balancer failover
    When the user submits ""Load Balancer Failover"" with reference number ""3843"" and confirms the action
    Then the system returns status code 204 and ""Load Balancer Failover"" is updated successfully

  Scenario: The System Configured For Load Balancer Failover case 3
    Given the customer is authenticated with role ""qa_verified"" and 80 matching records exist for load balancer failover
    When the user submits ""Load Balancer Failover"" with reference number ""3443"" and confirms the action
    Then the system returns status code 204 and ""Load Balancer Failover"" is updated successfully
",1231,1,1,1,1,92.9,0.0,100.0,100.0,1.0,High
"Feature: The System To Correctly Support Bulk CSV Data Import

  Scenario: The System To Correctly Support Bulk CSV Data Import case 1
    Given the API client is authenticated with role ""qa_verified"" and 10 matching records exist for bulk csv data import

  Scenario: The System To Correctly Support Bulk CSV Data Import case 2
    Given the operator is authenticated with role ""qa_verified"" and 133 matching records exist for bulk csv data import
",449,0,1,0,1,73.3,43.5,41.7,100.0,1.0,Low
"Feature: The System To Reliably Handle The Product Catalog Search

  Scenario: The System To Reliably Handle The Product Catalog Search case 1
    Then the system responds in a effectively reasonable way
",204,1,0,0,0,0.0,66.7,33.3,0.0,0.0,Low
"Feature: The System To Gracefully Recover Failures In Mobile Responsive Layouts

  Scenario: The System To Gracefully Recover Failures In Mobile Responsive Layouts case 1
    Given the user is authenticated with role ""qa_verified"" and 237 matching records exist for mobile responsive layouts
    When the user submits ""Mobile Responsive Layouts"" with reference number ""3955"" and confirms the action
    Then the system returns status code 204 and ""Mobile Responsive Layouts"" is updated successfully

  Scenario: The System To Gracefully Recover Failures In Mobile Responsive Layouts case 2
    Given the administrator is authenticated with role ""qa_verified"" and 79 matching records exist for mobile responsive layouts
    When the user submits ""Mobile Responsive Layouts"" with reference number ""4895"" and confirms the action
    Then the system returns status code 204 and ""Mobile Responsive Layouts"" is updated successfully

  Scenario: The System To Gracefully Recover Failures In Mobile Responsive Layouts case 3
    Given the API client is authenticated with role ""qa_verified"" and 10 matching records exist for mobile responsive layouts
    When the user submits ""Mobile Responsive Layouts"" with reference number ""2715"" and confirms the action
    Then the system returns status code 204 and ""Mobile Responsive Layouts"" is updated successfully
",1350,1,1,1,1,93.3,0.0,100.0,100.0,1.0,High
"Feature: The System To Securely Process Role-Based Access Control

  Scenario: The System To Securely Process Role-Based Access Control case 1
    When most occasionally action is performed on role-based access control
",219,0,0,1,0,0.0,62.5,33.3,0.0,1.0,Low
"Feature: The System To Be Compatible With Bulk CSV Data Import

  Scenario: The System To Be Compatible With Bulk CSV Data Import case 1
",137,0,0,0,0,0.0,0.0,8.3,0.0,0.0,Low
"Feature: The System Configured For User Profile Photo Uploads

  Scenario: The System Configured For User Profile Photo Uploads case 1
    Given the operator is authenticated with role ""qa_verified"" and 93 matching records exist for user profile photo uploads
    When the user submits ""User Profile Photo Uploads"" with reference number ""8390"" and confirms the action
    Then the system returns status code 202 and ""User Profile Photo Uploads"" is updated successfully

  Scenario: The System Configured For User Profile Photo Uploads case 2
    Given the customer is authenticated with role ""qa_verified"" and 195 matching records exist for user profile photo uploads
    When the user submits ""User Profile Photo Uploads"" with reference number ""2651"" and confirms the action
    Then the system returns status code 200 and ""User Profile Photo Uploads"" is updated successfully

  Scenario: The System Configured For User Profile Photo Uploads case 3
    Given the operator is authenticated with role ""qa_verified"" and 167 matching records exist for user profile photo uploads
    When the user submits ""User Profile Photo Uploads"" with reference number ""2922"" and confirms the action
    Then the system returns status code 202 and ""User Profile Photo Uploads"" is updated successfully
",1285,1,1,1,1,92.9,0.0,100.0,100.0,0.0,High
"Feature: The System To Properly Validate Inventory Stock Synchronization

  Scenario: The System To Properly Validate Inventory Stock Synchronization case 1
    Given the operator is in reasonable properly starting state for inventory stock synchronization
    When properly few action is performed on inventory stock synchronization
    Then the system responds in a appropriate efficiently way
",396,1,1,1,0,0.0,100.0,83.3,0.0,1.0,Low
"Feature: The System To Securely Process API Rate Limiting

  Scenario: The System To Securely Process API Rate Limiting case 1
    Then the system responds in a usual efficiently way
",183,1,0,0,1,33.3,71.4,33.3,0.0,1.0,Low
"Feature: The System Configured For Checkout Tax Calculation

  Scenario: The System Configured For Checkout Tax Calculation case 1
    When the user submits ""Checkout Tax Calculation"" with reference number ""4712"" and confirms the action
    Then the system returns status code 200 and ""Checkout Tax Calculation"" is updated successfully

  Scenario: The System Configured For Checkout Tax Calculation case 2
    When the user submits ""Checkout Tax Calculation"" with reference number ""4828"" and confirms the action
    Then the system returns status code 200 and ""Checkout Tax Calculation"" is updated successfully
",612,1,0,1,1,90.0,0.0,66.7,100.0,0.5,High
"Feature: The System Configured For Role-Based Access Control

  Scenario: The System Configured For Role-Based Access Control case 1
    Given the operator is authenticated with role ""qa_verified"" and 194 matching records exist for role-based access control
    Then the system returns status code 201 and ""Role-Based Access Control"" is updated successfully

  Scenario: The System Configured For Role-Based Access Control case 2
    Given the API client is authenticated with role ""qa_verified"" and 241 matching records exist for role-based access control
    Then the system returns status code 202 and ""Role-Based Access Control"" is updated successfully
",657,1,1,0,1,68.8,0.0,66.7,100.0,1.0,Medium
"Feature: The System To Correctly Support Mobile Responsive Layouts

  Scenario: The System To Correctly Support Mobile Responsive Layouts case 1
",145,0,0,0,0,0.0,100.0,8.3,0.0,0.0,Low
"Feature: The System To Correctly Support Both AWS And Azure Platforms

  Scenario: The System To Correctly Support Both AWS And Azure Platforms case 1
    Given the administrator is authenticated with role ""qa_verified"" and 79 matching records exist for both aws and azure platforms
    When the user submits ""Both AWS And Azure Platforms"" with reference number ""763"" and confirms the action
    Then the system returns status code 204 and ""Both AWS And Azure Platforms"" is updated successfully

  Scenario: The System To Correctly Support Both AWS And Azure Platforms case 2
    Given the operator is authenticated with role ""qa_verified"" and 217 matching records exist for both aws and azure platforms
    When the user submits ""Both AWS And Azure Platforms"" with reference number ""3150"" and confirms the action
    Then the system returns status code 204 and ""Both AWS And Azure Platforms"" is updated successfully
",917,1,1,1,1,96.4,22.2,91.7,100.0,1.0,High
"Feature: The System To Gracefully Recover Failures In Push Notification Delivery

  Scenario: The System To Gracefully Recover Failures In Push Notification Delivery case 1
    Given the user is authenticated with role ""qa_verified"" and 198 matching records exist for push notification delivery
    Then the system returns status code 201 and ""Push Notification Delivery"" is updated successfully
",396,1,1,0,1,70.6,0.0,58.3,100.0,0.5,Medium
"Feature: The System To Securely Process The Search Indexing Pipeline

  Scenario: The System To Securely Process The Search Indexing Pipeline case 1
    Then the system responds in a easily few way
",198,1,0,0,0,0.0,66.7,33.3,0.0,1.0,Low
"Feature: The System To Accurately Track Password Reset Emails

  Scenario: The System To Accurately Track Password Reset Emails case 1
    Given the administrator is authenticated with role ""qa_verified"" and 55 matching records exist for password reset emails
    When the user submits ""Password Reset Emails"" with reference number ""5787"" and confirms the action
    Then the system returns status code 202 and ""Password Reset Emails"" is updated successfully

  Scenario: The System To Accurately Track Password Reset Emails case 2
    Given the user is authenticated with role ""qa_verified"" and 32 matching records exist for password reset emails
    When the user submits ""Password Reset Emails"" with reference number ""6553"" and confirms the action
    Then the system returns status code 201 and ""Password Reset Emails"" is updated successfully

  Scenario: The System To Accurately Track Password Reset Emails case 3
    Given the administrator is authenticated with role ""qa_verified"" and 65 matching records exist for password reset emails
    When the user submits ""Password Reset Emails"" with reference number ""392"" and confirms the action
    Then the system returns status code 204 and ""Password Reset Emails"" is updated successfully
",1243,1,1,1,1,92.9,0.0,100.0,100.0,1.0,High
"Feature: The System To Correctly Support Database Backup And Restore

  Scenario: The System To Correctly Support Database Backup And Restore case 1
    When the user submits ""Database Backup And Restore"" with reference number ""6600"" and confirms the action
    Then the system returns status code 201 and ""Database Backup And Restore"" is updated successfully

  Scenario: The System To Correctly Support Database Backup And Restore case 2
    When the user submits ""Database Backup And Restore"" with reference number ""2001"" and confirms the action
    Then the system returns status code 202 and ""Database Backup And Restore"" is updated successfully
",651,1,0,1,1,73.3,33.3,66.7,100.0,0.0,Medium
"Feature: The System To Accurately Track The Search Indexing Pipeline

  Scenario: The System To Accurately Track The Search Indexing Pipeline case 1
    When etc usual action is performed on the search indexing pipeline
",220,0,0,1,0,0.0,62.5,33.3,0.0,0.5,Low
"Feature: The System To Reliably Handle API Rate Limiting

  Scenario: The System To Reliably Handle API Rate Limiting case 1
    Given the customer is authenticated with role ""qa_verified"" and 54 matching records exist for api rate limiting
    When the user submits ""API Rate Limiting"" with reference number ""7500"" and confirms the action
    Then the system returns status code 204 and ""API Rate Limiting"" is updated successfully

  Scenario: The System To Reliably Handle API Rate Limiting case 2
    Given the customer is authenticated with role ""qa_verified"" and 194 matching records exist for api rate limiting
    When the user submits ""API Rate Limiting"" with reference number ""4947"" and confirms the action
    Then the system returns status code 201 and ""API Rate Limiting"" is updated successfully
",808,1,1,1,1,92.6,0.0,91.7,100.0,1.0,High
"Feature: The System To Consistently Enforce The Product Catalog Search

  Scenario: The System To Consistently Enforce The Product Catalog Search case 1
    Given the API client is authenticated with role ""qa_verified"" and 242 matching records exist for the product catalog search
    When the user submits ""The Product Catalog Search"" with reference number ""1260"" and confirms the action
    Then the system returns status code 200 and ""The Product Catalog Search"" is updated successfully
",490,1,1,1,0,0.0,0.0,83.3,100.0,1.0,Medium
"Feature: The System To Be Compatible With The Payment Gateway

  Scenario: The System To Be Compatible With The Payment Gateway case 1
    Then the system responds in a properly effectively way
",194,1,0,0,0,0.0,66.7,33.3,0.0,1.0,Low
"Feature: The System To Consistently Enforce The Audit Logging Subsystem

  Scenario: The System To Consistently Enforce The Audit Logging Subsystem case 1
    Given the API client is authenticated with role ""qa_verified"" and 77 matching records exist for the audit logging subsystem
    When the user submits ""The Audit Logging Subsystem"" with reference number ""9568"" and confirms the action
    Then the system returns status code 201 and ""The Audit Logging Subsystem"" is updated successfully

  Scenario: The System To Consistently Enforce The Audit Logging Subsystem case 2
    Given the API client is authenticated with role ""qa_verified"" and 7 matching records exist for the audit logging subsystem
    When the user submits ""The Audit Logging Subsystem"" with reference number ""9961"" and confirms the action
    Then the system returns status code 204 and ""The Audit Logging Subsystem"" is updated successfully

  Scenario: The System To Consistently Enforce The Audit Logging Subsystem case 3
    Given the user is authenticated with role ""qa_verified"" and 237 matching records exist for the audit logging subsystem
    When the user submits ""The Audit Logging Subsystem"" with reference number ""7960"" and confirms the action
    Then the system returns status code 201 and ""The Audit Logging Subsystem"" is updated successfully
",1332,1,1,1,1,92.9,0.0,100.0,100.0,0.0,High
"Feature: The System To Properly Validate Automated Report Generation

  Scenario: The System To Properly Validate Automated Report Generation case 1
    Then the system returns status code 204 and ""Automated Report Generation"" is updated successfully

  Scenario: The System To Properly Validate Automated Report Generation case 2
    Then the system returns status code 204 and ""Automated Report Generation"" is updated successfully
",433,1,0,0,1,58.3,54.5,41.7,100.0,0.0,Low
"Feature: The System To Reliably Handle Shipping Address Validation

  Scenario: The System To Reliably Handle Shipping Address Validation case 1
",145,0,0,0,0,0.0,0.0,8.3,0.0,1.0,Low
"Feature: The System Configured For Third-Party Payment Providers

  Scenario: The System Configured For Third-Party Payment Providers case 1
    Given the administrator is authenticated with role ""qa_verified"" and 63 matching records exist for third-party payment providers
    When the user submits ""Third-Party Payment Providers"" with reference number ""2019"" and confirms the action
    Then the system returns status code 200 and ""Third-Party Payment Providers"" is updated successfully

  Scenario: The System Configured For Third-Party Payment Providers case 2
    Given the customer is authenticated with role ""qa_verified"" and 240 matching records exist for third-party payment providers
    When the user submits ""Third-Party Payment Providers"" with reference number ""6136"" and confirms the action
    Then the system returns status code 200 and ""Third-Party Payment Providers"" is updated successfully

  Scenario: The System Configured For Third-Party Payment Providers case 3
    Given the administrator is authenticated with role ""qa_verified"" and 225 matching records exist for third-party payment providers
    When the user submits ""Third-Party Payment Providers"" with reference number ""519"" and confirms the action
    Then the system returns status code 202 and ""Third-Party Payment Providers"" is updated successfully
",1333,1,1,1,1,93.1,0.0,100.0,100.0,0.0,High
"Feature: The System Configured For Cross-Browser Rendering

  Scenario: The System Configured For Cross-Browser Rendering case 1
    Given the API client is in certain reasonable starting state for cross-browser rendering
    When acceptable normal action is performed on cross-browser rendering
    Then the system responds in a acceptable several way
",353,1,1,1,1,68.8,100.0,83.3,0.0,0.0,Medium
"Feature: The System To Reliably Handle Database Backup And Restore

  Scenario: The System To Reliably Handle Database Backup And Restore case 1
    When effectively some action is performed on database backup and restore
",222,0,0,1,0,0.0,62.5,33.3,0.0,1.0,Low
"Feature: The System To Consistently Enforce The Notification Preferences Center

  Scenario: The System To Consistently Enforce The Notification Preferences Center case 1
    Given the administrator is authenticated with role ""qa_verified"" and 11 matching records exist for the notification preferences center
    When the user submits ""The Notification Preferences Center"" with reference number ""6393"" and confirms the action
    Then the system returns status code 202 and ""The Notification Preferences Center"" is updated successfully

  Scenario: The System To Consistently Enforce The Notification Preferences Center case 2
    Given the customer is authenticated with role ""qa_verified"" and 113 matching records exist for the notification preferences center
    When the user submits ""The Notification Preferences Center"" with reference number ""7767"" and confirms the action
    Then the system returns status code 202 and ""The Notification Preferences Center"" is updated successfully
",990,1,1,1,1,93.3,0.0,91.7,100.0,1.0,High
"Feature: The System To Gracefully Recover Failures In Mobile Responsive Layouts

  Scenario: The System To Gracefully Recover Failures In Mobile Responsive Layouts case 1
    When normal properly action is performed on mobile responsive layouts
    Then the system responds in a correctly sufficient way
",304,1,0,1,0,0.0,95.2,58.3,0.0,0.5,Low
"Feature: The System To Gracefully Recover Failures In The Payment Gateway

  Scenario: The System To Gracefully Recover Failures In The Payment Gateway case 1
    When occasionally efficiently action is performed on the payment gateway
",236,0,0,1,0,0.0,60.6,33.3,0.0,1.0,Low
"Feature: The System To Consistently Enforce The Search Indexing Pipeline

  Scenario: The System To Consistently Enforce The Search Indexing Pipeline case 1
    Given the user is authenticated with role ""qa_verified"" and 34 matching records exist for the search indexing pipeline
    When the user submits ""The Search Indexing Pipeline"" with reference number ""1651"" and confirms the action
    Then the system returns status code 202 and ""The Search Indexing Pipeline"" is updated successfully

  Scenario: The System To Consistently Enforce The Search Indexing Pipeline case 2
    Given the operator is authenticated with role ""qa_verified"" and 122 matching records exist for the search indexing pipeline
    When the user submits ""The Search Indexing Pipeline"" with reference number ""155"" and confirms the action
    Then the system returns status code 201 and ""The Search Indexing Pipeline"" is updated successfully
",917,1,1,1,1,92.9,0.0,91.7,100.0,1.0,High
"Feature: The System To Properly Validate Bulk CSV Data Import

  Scenario: The System To Properly Validate Bulk CSV Data Import case 1
    Given the user is in properly few starting state for bulk csv data import
    Then the system responds in a occasionally usually way

  Scenario: The System To Properly Validate Bulk CSV Data Import case 2
    Given the administrator is in acceptable properly starting state for bulk csv data import
    Then the system responds in a acceptable generally way
",498,1,1,0,1,66.7,100.0,66.7,0.0,0.0,Low
"Feature: The System Configured For Bulk CSV Data Import

  Scenario: The System Configured For Bulk CSV Data Import case 1
    Then the system responds in a most several way
",174,1,0,0,0,0.0,71.4,33.3,0.0,1.0,Low
"Feature: The System To Accurately Track The Notification Preferences Center

  Scenario: The System To Accurately Track The Notification Preferences Center case 1
    Given the customer is authenticated with role ""qa_verified"" and 189 matching records exist for the notification preferences center
    When the user submits ""The Notification Preferences Center"" with reference number ""8947"" and confirms the action
    Then the system returns status code 202 and ""The Notification Preferences Center"" is updated successfully

  Scenario: The System To Accurately Track The Notification Preferences Center case 2
    Given the API client is authenticated with role ""qa_verified"" and 21 matching records exist for the notification preferences center
    When the user submits ""The Notification Preferences Center"" with reference number ""6423"" and confirms the action
    Then the system returns status code 200 and ""The Notification Preferences Center"" is updated successfully

  Scenario: The System To Accurately Track The Notification Preferences Center case 3
    Given the administrator is authenticated with role ""qa_verified"" and 133 matching records exist for the notification preferences center
    When the user submits ""The Notification Preferences Center"" with reference number ""827"" and confirms the action
    Then the system returns status code 202 and ""The Notification Preferences Center"" is updated successfully
",1428,1,1,1,1,93.3,0.0,100.0,100.0,0.0,High
"Feature: The System To Consistently Enforce Load Balancer Failover

  Scenario: The System To Consistently Enforce Load Balancer Failover case 1
    When many appropriate action is performed on load balancer failover
    Then the system responds in a typical effectively way

  Scenario: The System To Consistently Enforce Load Balancer Failover case 2
    When adequate effectively action is performed on load balancer failover
    Then the system responds in a properly appropriate way
",488,1,0,1,1,66.7,100.0,66.7,0.0,1.0,Low
"Feature: The System To Consistently Enforce Session Timeout Handling

  Scenario: The System To Consistently Enforce Session Timeout Handling case 1
    Given the administrator is in typical quickly starting state for session timeout handling
    Then the system responds in a occasionally quickly way
",302,1,1,0,0,0.0,97.6,58.3,0.0,0.0,Low
"Feature: The System To Properly Validate Checkout Tax Calculation

  Scenario: The System To Properly Validate Checkout Tax Calculation case 1
    Given the operator is authenticated with role ""qa_verified"" and 164 matching records exist for checkout tax calculation
    When the user submits ""Checkout Tax Calculation"" with reference number ""420"" and confirms the action
    Then the system returns status code 202 and ""Checkout Tax Calculation"" is updated successfully

  Scenario: The System To Properly Validate Checkout Tax Calculation case 2
    Given the customer is authenticated with role ""qa_verified"" and 82 matching records exist for checkout tax calculation
    When the user submits ""Checkout Tax Calculation"" with reference number ""8826"" and confirms the action
    Then the system returns status code 204 and ""Checkout Tax Calculation"" is updated successfully

  Scenario: The System To Properly Validate Checkout Tax Calculation case 3
    Given the operator is authenticated with role ""qa_verified"" and 25 matching records exist for checkout tax calculation
    When the user submits ""Checkout Tax Calculation"" with reference number ""4490"" and confirms the action
    Then the system returns status code 204 and ""Checkout Tax Calculation"" is updated successfully
",1281,1,1,1,1,93.1,23.4,100.0,100.0,1.0,High
"Feature: The System Configured For The Notification Preferences Center

  Scenario: The System Configured For The Notification Preferences Center case 1
    Given the API client is in effectively appropriate starting state for the notification preferences center
    When adequate usual action is performed on the notification preferences center
    Then the system responds in a etc quickly way
",396,1,1,1,0,0.0,100.0,83.3,0.0,0.5,Low
"Feature: The System Configured For The Audit Logging Subsystem

  Scenario: The System Configured For The Audit Logging Subsystem case 1
",137,0,0,0,0,0.0,0.0,8.3,0.0,0.0,Low
"Feature: The System To Properly Validate Cross-Browser Rendering

  Scenario: The System To Properly Validate Cross-Browser Rendering case 1
    When the user submits ""Cross-Browser Rendering"" with reference number ""1212"" and confirms the action
    Then the system returns status code 201 and ""Cross-Browser Rendering"" is updated successfully

  Scenario: The System To Properly Validate Cross-Browser Rendering case 2
    When the user submits ""Cross-Browser Rendering"" with reference number ""8666"" and confirms the action
    Then the system returns status code 204 and ""Cross-Browser Rendering"" is updated successfully
",623,1,0,1,1,90.5,36.1,66.7,100.0,1.0,Medium
"Feature: The System To Properly Validate API Rate Limiting

  Scenario: The System To Properly Validate API Rate Limiting case 1
    Given the customer is in typical usual starting state for api rate limiting
    Then the system responds in a usually few way

  Scenario: The System To Properly Validate API Rate Limiting case 2
    Given the customer is in usually etc starting state for api rate limiting
    Then the system responds in a reasonable correctly way
",466,1,1,0,0,0.0,100.0,66.7,0.0,1.0,Low
"Feature: The System To Reliably Handle Cross-Browser Rendering

  Scenario: The System To Reliably Handle Cross-Browser Rendering case 1
    When the user submits ""Cross-Browser Rendering"" with reference number ""7577"" and confirms the action
",242,0,0,1,0,0.0,0.0,33.3,100.0,0.5,Low
"Feature: The System To Accurately Track Load Balancer Failover

  Scenario: The System To Accurately Track Load Balancer Failover case 1
    Given the operator is authenticated with role ""qa_verified"" and 235 matching records exist for load balancer failover
    When the user submits ""Load Balancer Failover"" with reference number ""6787"" and confirms the action
    Then the system returns status code 202 and ""Load Balancer Failover"" is updated successfully

  Scenario: The System To Accurately Track Load Balancer Failover case 2
    Given the operator is authenticated with role ""qa_verified"" and 68 matching records exist for load balancer failover
    When the user submits ""Load Balancer Failover"" with reference number ""5581"" and confirms the action
    Then the system returns status code 202 and ""Load Balancer Failover"" is updated successfully
",856,1,1,1,0,0.0,0.0,91.7,100.0,1.0,Medium
"Feature: The System To Correctly Support Checkout Tax Calculation

  Scenario: The System To Correctly Support Checkout Tax Calculation case 1
    Given the customer is authenticated with role ""qa_verified"" and 189 matching records exist for checkout tax calculation
    Then the system returns status code 200 and ""Checkout Tax Calculation"" is updated successfully
",366,1,1,0,1,71.4,40.8,58.3,100.0,1.0,Medium
"Feature: The System Configured For Single Sign-On Federation

  Scenario: The System Configured For Single Sign-On Federation case 1
    When several quickly action is performed on single sign-on federation
    Then the system responds in a efficiently sufficient way
",268,1,0,1,0,0.0,100.0,58.3,0.0,0.0,Low
"Feature: The System To Correctly Support Both AWS And Azure Platforms

  Scenario: The System To Correctly Support Both AWS And Azure Platforms case 1
    Given the administrator is authenticated with role ""qa_verified"" and 180 matching records exist for both aws and azure platforms
    When the user submits ""Both AWS And Azure Platforms"" with reference number ""1568"" and confirms the action
    Then the system returns status code 202 and ""Both AWS And Azure Platforms"" is updated successfully

  Scenario: The System To Correctly Support Both AWS And Azure Platforms case 2
    Given the administrator is authenticated with role ""qa_verified"" and 71 matching records exist for both aws and azure platforms
    When the user submits ""Both AWS And Azure Platforms"" with reference number ""4120"" and confirms the action
    Then the system returns status code 200 and ""Both AWS And Azure Platforms"" is updated successfully
",923,1,1,1,1,96.3,22.2,91.7,100.0,1.0,High
"Feature: The System To Gracefully Recover Failures In The Audit Logging Subsystem

  Scenario: The System To Gracefully Recover Failures In The Audit Logging Subsystem case 1
    Given the operator is authenticated with role ""qa_verified"" and 116 matching records exist for the audit logging subsystem
    When the user submits ""The Audit Logging Subsystem"" with reference number ""9490"" and confirms the action
    Then the system returns status code 200 and ""The Audit Logging Subsystem"" is updated successfully
",513,1,1,1,0,0.0,0.0,83.3,100.0,1.0,Medium
"Feature: The System To Properly Validate Mobile Responsive Layouts

  Scenario: The System To Properly Validate Mobile Responsive Layouts case 1
",145,0,0,0,0,0.0,100.0,8.3,0.0,0.0,Low
"Feature: The System To Gracefully Recover Failures In The Audit Logging Subsystem

  Scenario: The System To Gracefully Recover Failures In The Audit Logging Subsystem case 1
    Given the operator is authenticated with role ""qa_verified"" and 204 matching records exist for the audit logging subsystem
    When the user submits ""The Audit Logging Subsystem"" with reference number ""7883"" and confirms the action
    Then the system returns status code 201 and ""The Audit Logging Subsystem"" is updated successfully

  Scenario: The System To Gracefully Recover Failures In The Audit Logging Subsystem case 2
    Given the administrator is authenticated with role ""qa_verified"" and 246 matching records exist for the audit logging subsystem
    When the user submits ""The Audit Logging Subsystem"" with reference number ""5291"" and confirms the action
    Then the system returns status code 204 and ""The Audit Logging Subsystem"" is updated successfully

  Scenario: The System To Gracefully Recover Failures In The Audit Logging Subsystem case 3
    Given the customer is authenticated with role ""qa_verified"" and 175 matching records exist for the audit logging subsystem
    When the user submits ""The Audit Logging Subsystem"" with reference number ""3525"" and confirms the action
    Then the system returns status code 201 and ""The Audit Logging Subsystem"" is updated successfully
",1380,1,1,1,1,93.3,0.0,100.0,100.0,1.0,High
"Feature: The System To Correctly Support Windows Server

  Scenario: The System To Correctly Support Windows Server case 1
    Given the administrator is in some suitable starting state for windows server
    When most typical action is performed on windows server
    Then the system responds in a etc certain way
",315,1,1,1,0,0.0,100.0,83.3,0.0,0.0,Low
"Feature: The System To Correctly Support Data Encryption At Rest

  Scenario: The System To Correctly Support Data Encryption At Rest case 1
",141,0,0,0,0,0.0,95.2,8.3,0.0,0.0,Low
"Feature: The System To Reliably Handle Shipping Address Validation

  Scenario: The System To Reliably Handle Shipping Address Validation case 1
    Given the administrator is authenticated with role ""qa_verified"" and 176 matching records exist for shipping address validation
    When the user submits ""Shipping Address Validation"" with reference number ""3474"" and confirms the action
    Then the system returns status code 200 and ""Shipping Address Validation"" is updated successfully

  Scenario: The System To Reliably Handle Shipping Address Validation case 2
    Given the operator is authenticated with role ""qa_verified"" and 113 matching records exist for shipping address validation
    When the user submits ""Shipping Address Validation"" with reference number ""1648"" and confirms the action
    Then the system returns status code 200 and ""Shipping Address Validation"" is updated successfully
",904,1,1,1,1,93.3,0.0,91.7,100.0,1.0,High
"Feature: The System To Consistently Enforce Offline Mode Data Sync

  Scenario: The System To Consistently Enforce Offline Mode Data Sync case 1
    Given the administrator is authenticated with role ""qa_verified"" and 136 matching records exist for offline mode data sync
    Then the system returns status code 200 and ""Offline Mode Data Sync"" is updated successfully
",369,1,1,0,1,68.8,0.0,58.3,100.0,1.0,Medium
"Feature: The System To Be Compatible With The Shopping Cart Checkout Flow

  Scenario: The System To Be Compatible With The Shopping Cart Checkout Flow case 1
    Then the system responds in a usually quickly way
",213,1,0,0,1,33.3,58.8,33.3,0.0,1.0,Low
"Feature: The System To Accurately Track The Audit Logging Subsystem

  Scenario: The System To Accurately Track The Audit Logging Subsystem case 1
    Given the administrator is authenticated with role ""qa_verified"" and 44 matching records exist for the audit logging subsystem
    When the user submits ""The Audit Logging Subsystem"" with reference number ""3102"" and confirms the action
    Then the system returns status code 204 and ""The Audit Logging Subsystem"" is updated successfully

  Scenario: The System To Accurately Track The Audit Logging Subsystem case 2
    Given the operator is authenticated with role ""qa_verified"" and 138 matching records exist for the audit logging subsystem
    When the user submits ""The Audit Logging Subsystem"" with reference number ""3622"" and confirms the action
    Then the system returns status code 201 and ""The Audit Logging Subsystem"" is updated successfully
",906,1,1,1,1,93.1,0.0,91.7,100.0,1.0,High
"Feature: The System To Properly Validate Mobile Responsive Layouts

  Scenario: The System To Properly Validate Mobile Responsive Layouts case 1
    Given the operator is authenticated with role ""qa_verified"" and 132 matching records exist for mobile responsive layouts
    When the user submits ""Mobile Responsive Layouts"" with reference number ""2589"" and confirms the action
    Then the system returns status code 204 and ""Mobile Responsive Layouts"" is updated successfully

  Scenario: The System To Properly Validate Mobile Responsive Layouts case 2
    Given the operator is authenticated with role ""qa_verified"" and 241 matching records exist for mobile responsive layouts
    When the user submits ""Mobile Responsive Layouts"" with reference number ""7918"" and confirms the action
    Then the system returns status code 204 and ""Mobile Responsive Layouts"" is updated successfully
",887,1,1,1,1,73.7,25.6,91.7,100.0,0.5,High
"Feature: The System To Be Compatible With Cross-Browser Rendering

  Scenario: The System To Be Compatible With Cross-Browser Rendering case 1
    Then the system responds in a various some way
",194,1,0,0,0,0.0,66.7,33.3,0.0,1.0,Low
"Feature: The System To Securely Process Customer Refund Workflows

  Scenario: The System To Securely Process Customer Refund Workflows case 1
    Given the operator is authenticated with role ""qa_verified"" and 95 matching records exist for customer refund workflows
    When the user submits ""Customer Refund Workflows"" with reference number ""3224"" and confirms the action
    Then the system returns status code 202 and ""Customer Refund Workflows"" is updated successfully

  Scenario: The System To Securely Process Customer Refund Workflows case 2
    Given the customer is authenticated with role ""qa_verified"" and 107 matching records exist for customer refund workflows
    When the user submits ""Customer Refund Workflows"" with reference number ""1"" and confirms the action
    Then the system returns status code 202 and ""Customer Refund Workflows"" is updated successfully

  Scenario: The System To Securely Process Customer Refund Workflows case 3
    Given the customer is authenticated with role ""qa_verified"" and 232 matching records exist for customer refund workflows
    When the user submits ""Customer Refund Workflows"" with reference number ""5025"" and confirms the action
    Then the system returns status code 202 and ""Customer Refund Workflows"" is updated successfully
",1289,1,1,1,1,92.9,0.0,100.0,100.0,1.0,High
"Feature: The System Configured For Offline Mode Data Sync

  Scenario: The System Configured For Offline Mode Data Sync case 1
    When the user submits ""Offline Mode Data Sync"" with reference number ""9524"" and confirms the action
    Then the system returns status code 200 and ""Offline Mode Data Sync"" is updated successfully

  Scenario: The System Configured For Offline Mode Data Sync case 2
    When the user submits ""Offline Mode Data Sync"" with reference number ""5492"" and confirms the action
    Then the system returns status code 202 and ""Offline Mode Data Sync"" is updated successfully
",598,1,0,1,0,0.0,0.0,66.7,100.0,1.0,Medium
"Feature: The System To Accurately Track Data Encryption At Rest

  Scenario: The System To Accurately Track Data Encryption At Rest case 1
    When effectively acceptable action is performed on data encryption at rest
",218,0,0,1,1,33.3,62.5,33.3,0.0,0.5,Low
"Feature: The System To Correctly Support Multi-Factor Authentication

  Scenario: The System To Correctly Support Multi-Factor Authentication case 1
    When the user submits ""Multi-Factor Authentication"" with reference number ""2795"" and confirms the action

  Scenario: The System To Correctly Support Multi-Factor Authentication case 2
    When the user submits ""Multi-Factor Authentication"" with reference number ""3752"" and confirms the action

  Scenario: The System To Correctly Support Multi-Factor Authentication case 3
    When the user submits ""Multi-Factor Authentication"" with reference number ""6647"" and confirms the action
",636,0,0,1,1,94.4,49.4,50.0,100.0,0.5,Low
"Feature: The System To Securely Process The Audit Logging Subsystem

  Scenario: The System To Securely Process The Audit Logging Subsystem case 1
    Then the system returns status code 201 and ""The Audit Logging Subsystem"" is updated successfully

  Scenario: The System To Securely Process The Audit Logging Subsystem case 2
    Then the system returns status code 202 and ""The Audit Logging Subsystem"" is updated successfully
",430,1,0,0,1,61.5,0.0,41.7,100.0,0.0,Medium
"Feature: The System To Securely Process Third-Party Payment Providers

  Scenario: The System To Securely Process Third-Party Payment Providers case 1
    Given the operator is in several generally starting state for third-party payment providers
    Then the system responds in a generally several way
",303,1,1,0,0,0.0,90.9,58.3,0.0,0.5,Low
"Feature: The System To Properly Validate Checkout Tax Calculation

  Scenario: The System To Properly Validate Checkout Tax Calculation case 1
    Given the operator is authenticated with role ""qa_verified"" and 176 matching records exist for checkout tax calculation

  Scenario: The System To Properly Validate Checkout Tax Calculation case 2
    Given the administrator is authenticated with role ""qa_verified"" and 190 matching records exist for checkout tax calculation

  Scenario: The System To Properly Validate Checkout Tax Calculation case 3
    Given the API client is authenticated with role ""qa_verified"" and 224 matching records exist for checkout tax calculation
",676,0,1,0,0,0.0,44.0,50.0,100.0,1.0,Low
"Feature: The System To Reliably Handle Offline Mode Data Sync

  Scenario: The System To Reliably Handle Offline Mode Data Sync case 1
    Given the operator is in reasonable easily starting state for offline mode data sync
    When easily usually action is performed on offline mode data sync
    Then the system responds in a certain correctly way

  Scenario: The System To Reliably Handle Offline Mode Data Sync case 2
    Given the API client is in properly appropriate starting state for offline mode data sync
    When easily properly action is performed on offline mode data sync
    Then the system responds in a various appropriate way
",646,1,1,1,1,70.6,100.0,91.7,0.0,1.0,Medium
"Feature: The System To Securely Process Push Notification Delivery

  Scenario: The System To Securely Process Push Notification Delivery case 1
",145,0,0,0,0,0.0,0.0,8.3,0.0,0.0,Low
"Feature: The System To Consistently Enforce Bulk CSV Data Import

  Scenario: The System To Consistently Enforce Bulk CSV Data Import case 1
    Given the administrator is authenticated with role ""qa_verified"" and 156 matching records exist for bulk csv data import
    When the user submits ""Bulk CSV Data Import"" with reference number ""373"" and confirms the action
    Then the system returns status code 204 and ""Bulk CSV Data Import"" is updated successfully

  Scenario: The System To Consistently Enforce Bulk CSV Data Import case 2
    Given the API client is authenticated with role ""qa_verified"" and 168 matching records exist for bulk csv data import
    When the user submits ""Bulk CSV Data Import"" with reference number ""5006"" and confirms the action
    Then the system returns status code 201 and ""Bulk CSV Data Import"" is updated successfully

  Scenario: The System To Consistently Enforce Bulk CSV Data Import case 3
    Given the API client is authenticated with role ""qa_verified"" and 6 matching records exist for bulk csv data import
    When the user submits ""Bulk CSV Data Import"" with reference number ""2775"" and confirms the action
    Then the system returns status code 201 and ""Bulk CSV Data Import"" is updated successfully
",1250,1,1,1,1,93.3,0.0,100.0,100.0,1.0,High
"Feature: The System To Consistently Enforce The Notification Preferences Center

  Scenario: The System To Consistently Enforce The Notification Preferences Center case 1
    Given the operator is authenticated with role ""qa_verified"" and 137 matching records exist for the notification preferences center
    When the user submits ""The Notification Preferences Center"" with reference number ""3319"" and confirms the action
    Then the system returns status code 202 and ""The Notification Preferences Center"" is updated successfully

  Scenario: The System To Consistently Enforce The Notification Preferences Center case 2
    Given the customer is authenticated with role ""qa_verified"" and 224 matching records exist for the notification preferences center
    When the user submits ""The Notification Preferences Center"" with reference number ""9473"" and confirms the action
    Then the system returns status code 201 and ""The Notification Preferences Center"" is updated successfully
",986,1,1,1,0,0.0,0.0,91.7,100.0,0.0,Medium
"Feature: The System Configured For Load Balancer Failover

  Scenario: The System Configured For Load Balancer Failover case 1
",127,0,0,0,0,0.0,0.0,8.3,0.0,1.0,Low
"Feature: The System Configured For Shipping Address Validation

  Scenario: The System Configured For Shipping Address Validation case 1
    When the user submits ""Shipping Address Validation"" with reference number ""4793"" and confirms the action
    Then the system returns status code 201 and ""Shipping Address Validation"" is updated successfully

  Scenario: The System Configured For Shipping Address Validation case 2
    When the user submits ""Shipping Address Validation"" with reference number ""6807"" and confirms the action
    Then the system returns status code 202 and ""Shipping Address Validation"" is updated successfully
",633,1,0,1,1,90.5,0.0,66.7,100.0,0.0,High
"Feature: The System To Properly Validate Cross-Browser Rendering

  Scenario: The System To Properly Validate Cross-Browser Rendering case 1
    Given the administrator is in some efficiently starting state for cross-browser rendering
    Then the system responds in a correctly typical way

  Scenario: The System To Properly Validate Cross-Browser Rendering case 2
    Given the administrator is in quickly sufficient starting state for cross-browser rendering
    Then the system responds in a few quickly way
",513,1,1,0,1,66.7,100.0,66.7,0.0,1.0,Low
"Feature: The System To Properly Validate Load Balancer Failover

  Scenario: The System To Properly Validate Load Balancer Failover case 1
    Given the operator is in correctly several starting state for load balancer failover
",228,0,1,0,0,0.0,100.0,33.3,0.0,1.0,Low
"Feature: The System To Consistently Enforce The Product Catalog Search

  Scenario: The System To Consistently Enforce The Product Catalog Search case 1
    Given the operator is authenticated with role ""qa_verified"" and 196 matching records exist for the product catalog search
    When the user submits ""The Product Catalog Search"" with reference number ""3877"" and confirms the action
    Then the system returns status code 204 and ""The Product Catalog Search"" is updated successfully

  Scenario: The System To Consistently Enforce The Product Catalog Search case 2
    Given the customer is authenticated with role ""qa_verified"" and 120 matching records exist for the product catalog search
    When the user submits ""The Product Catalog Search"" with reference number ""195"" and confirms the action
    Then the system returns status code 202 and ""The Product Catalog Search"" is updated successfully
",904,1,1,1,1,93.1,0.0,91.7,100.0,1.0,High
"Feature: The System To Correctly Support Order Fulfillment Tracking

  Scenario: The System To Correctly Support Order Fulfillment Tracking case 1
    When the user submits ""Order Fulfillment Tracking"" with reference number ""5487"" and confirms the action
    Then the system returns status code 202 and ""Order Fulfillment Tracking"" is updated successfully

  Scenario: The System To Correctly Support Order Fulfillment Tracking case 2
    When the user submits ""Order Fulfillment Tracking"" with reference number ""1153"" and confirms the action
    Then the system returns status code 204 and ""Order Fulfillment Tracking"" is updated successfully
",644,1,0,1,1,75.0,36.1,66.7,100.0,1.0,Medium
"Feature: The System Configured For Order Fulfillment Tracking

  Scenario: The System Configured For Order Fulfillment Tracking case 1
    When the user submits ""Order Fulfillment Tracking"" with reference number ""749"" and confirms the action
",242,0,0,1,0,0.0,0.0,33.3,100.0,1.0,Low
"Feature: The System To Be Compatible With Cross-Browser Rendering

  Scenario: The System To Be Compatible With Cross-Browser Rendering case 1
    Given the operator is authenticated with role ""qa_verified"" and 126 matching records exist for cross-browser rendering
    When the user submits ""Cross-Browser Rendering"" with reference number ""4996"" and confirms the action
    Then the system returns status code 204 and ""Cross-Browser Rendering"" is updated successfully

  Scenario: The System To Be Compatible With Cross-Browser Rendering case 2
    Given the administrator is authenticated with role ""qa_verified"" and 102 matching records exist for cross-browser rendering
    When the user submits ""Cross-Browser Rendering"" with reference number ""8935"" and confirms the action
    Then the system returns status code 201 and ""Cross-Browser Rendering"" is updated successfully

  Scenario: The System To Be Compatible With Cross-Browser Rendering case 3
    Given the operator is authenticated with role ""qa_verified"" and 42 matching records exist for cross-browser rendering
    When the user submits ""Cross-Browser Rendering"" with reference number ""4968"" and confirms the action
    Then the system returns status code 201 and ""Cross-Browser Rendering"" is updated successfully
",1279,1,1,1,1,92.9,0.0,100.0,100.0,1.0,High
"Feature: The System To Accurately Track The Notification Preferences Center

  Scenario: The System To Accurately Track The Notification Preferences Center case 1
    Given the user is authenticated with role ""qa_verified"" and 21 matching records exist for the notification preferences center
    When the user submits ""The Notification Preferences Center"" with reference number ""9071"" and confirms the action
    Then the system returns status code 201 and ""The Notification Preferences Center"" is updated successfully
",520,1,1,1,1,73.7,0.0,83.3,100.0,1.0,High
"Feature: The System To Correctly Support Session Timeout Handling

  Scenario: The System To Correctly Support Session Timeout Handling case 1
    When several suitable action is performed on session timeout handling
    Then the system responds in a quickly suitable way
",272,1,0,1,0,0.0,100.0,58.3,0.0,1.0,Low
"Feature: The System To Be Compatible With Push Notification Delivery

  Scenario: The System To Be Compatible With Push Notification Delivery case 1
    Given the customer is authenticated with role ""qa_verified"" and 165 matching records exist for push notification delivery
    When the user submits ""Push Notification Delivery"" with reference number ""9980"" and confirms the action
    Then the system returns status code 201 and ""Push Notification Delivery"" is updated successfully

  Scenario: The System To Be Compatible With Push Notification Delivery case 2
    Given the administrator is authenticated with role ""qa_verified"" and 206 matching records exist for push notification delivery
    When the user submits ""Push Notification Delivery"" with reference number ""3504"" and confirms the action
    Then the system returns status code 202 and ""Push Notification Delivery"" is updated successfully
",904,1,1,1,1,93.1,0.0,91.7,100.0,1.0,High
"Feature: The System Configured For Shipping Address Validation

  Scenario: The System Configured For Shipping Address Validation case 1
    Given the administrator is authenticated with role ""qa_verified"" and 90 matching records exist for shipping address validation
    When the user submits ""Shipping Address Validation"" with reference number ""6108"" and confirms the action
    Then the system returns status code 202 and ""Shipping Address Validation"" is updated successfully
",479,1,1,1,1,73.7,0.0,83.3,100.0,0.5,High
"Feature: The System To Reliably Handle Multi-Factor Authentication

  Scenario: The System To Reliably Handle Multi-Factor Authentication case 1
",145,0,0,0,0,0.0,0.0,8.3,0.0,1.0,Low
"Feature: The System To Consistently Enforce Both AWS And Azure Platforms

  Scenario: The System To Consistently Enforce Both AWS And Azure Platforms case 1
    Given the customer is authenticated with role ""qa_verified"" and 156 matching records exist for both aws and azure platforms
    When the user submits ""Both AWS And Azure Platforms"" with reference number ""113"" and confirms the action
    Then the system returns status code 201 and ""Both AWS And Azure Platforms"" is updated successfully

  Scenario: The System To Consistently Enforce Both AWS And Azure Platforms case 2
    Given the operator is authenticated with role ""qa_verified"" and 199 matching records exist for both aws and azure platforms
    When the user submits ""Both AWS And Azure Platforms"" with reference number ""8548"" and confirms the action
    Then the system returns status code 204 and ""Both AWS And Azure Platforms"" is updated successfully

  Scenario: The System To Consistently Enforce Both AWS And Azure Platforms case 3
    Given the user is authenticated with role ""qa_verified"" and 69 matching records exist for both aws and azure platforms
    When the user submits ""Both AWS And Azure Platforms"" with reference number ""4594"" and confirms the action
    Then the system returns status code 202 and ""Both AWS And Azure Platforms"" is updated successfully
",1342,1,1,1,1,93.3,0.0,100.0,100.0,1.0,High
"Feature: The System To Reliably Handle Mobile Responsive Layouts

  Scenario: The System To Reliably Handle Mobile Responsive Layouts case 1
    Given the user is authenticated with role ""qa_verified"" and 157 matching records exist for mobile responsive layouts
    When the user submits ""Mobile Responsive Layouts"" with reference number ""1458"" and confirms the action
    Then the system returns status code 201 and ""Mobile Responsive Layouts"" is updated successfully

  Scenario: The System To Reliably Handle Mobile Responsive Layouts case 2
    Given the administrator is authenticated with role ""qa_verified"" and 56 matching records exist for mobile responsive layouts
    When the user submits ""Mobile Responsive Layouts"" with reference number ""1307"" and confirms the action
    Then the system returns status code 202 and ""Mobile Responsive Layouts"" is updated successfully
",881,1,1,1,1,73.7,0.0,91.7,100.0,0.0,High
"Feature: The System To Gracefully Recover Failures In Multi-Factor Authentication

  Scenario: The System To Gracefully Recover Failures In Multi-Factor Authentication case 1
    Given the API client is in occasionally normal starting state for multi-factor authentication
",273,0,1,0,0,0.0,54.1,33.3,0.0,1.0,Low
"Feature: The System To Gracefully Recover Failures In The Audit Logging Subsystem

  Scenario: The System To Gracefully Recover Failures In The Audit Logging Subsystem case 1
    Given the API client is authenticated with role ""qa_verified"" and 225 matching records exist for the audit logging subsystem
    When the user submits ""The Audit Logging Subsystem"" with reference number ""8511"" and confirms the action
    Then the system returns status code 202 and ""The Audit Logging Subsystem"" is updated successfully

  Scenario: The System To Gracefully Recover Failures In The Audit Logging Subsystem case 2
    Given the operator is authenticated with role ""qa_verified"" and 103 matching records exist for the audit logging subsystem
    When the user submits ""The Audit Logging Subsystem"" with reference number ""7591"" and confirms the action
    Then the system returns status code 200 and ""The Audit Logging Subsystem"" is updated successfully

  Scenario: The System To Gracefully Recover Failures In The Audit Logging Subsystem case 3
    Given the administrator is authenticated with role ""qa_verified"" and 142 matching records exist for the audit logging subsystem
    When the user submits ""The Audit Logging Subsystem"" with reference number ""381"" and confirms the action
    Then the system returns status code 204 and ""The Audit Logging Subsystem"" is updated successfully
",1381,1,1,1,0,0.0,0.0,100.0,100.0,1.0,High
"Feature: The System To Consistently Enforce Shipping Address Validation

  Scenario: The System To Consistently Enforce Shipping Address Validation case 1
    Given the administrator is authenticated with role ""qa_verified"" and 245 matching records exist for shipping address validation

  Scenario: The System To Consistently Enforce Shipping Address Validation case 2
    Given the API client is authenticated with role ""qa_verified"" and 37 matching records exist for shipping address validation
",498,0,1,0,1,66.7,0.0,41.7,100.0,0.0,Low
"Feature: The System To Be Compatible With Password Reset Emails

  Scenario: The System To Be Compatible With Password Reset Emails case 1
",139,0,0,0,0,0.0,0.0,8.3,0.0,0.0,Low
"Feature: The System To Correctly Support Subscription Billing Cycles

  Scenario: The System To Correctly Support Subscription Billing Cycles case 1
    Given the customer is authenticated with role ""qa_verified"" and 110 matching records exist for subscription billing cycles
    When the user submits ""Subscription Billing Cycles"" with reference number ""9058"" and confirms the action
    Then the system returns status code 200 and ""Subscription Billing Cycles"" is updated successfully

  Scenario: The System To Correctly Support Subscription Billing Cycles case 2
    Given the operator is authenticated with role ""qa_verified"" and 181 matching records exist for subscription billing cycles
    When the user submits ""Subscription Billing Cycles"" with reference number ""8887"" and confirms the action
    Then the system returns status code 200 and ""Subscription Billing Cycles"" is updated successfully

  Scenario: The System To Correctly Support Subscription Billing Cycles case 3
    Given the operator is authenticated with role ""qa_verified"" and 227 matching records exist for subscription billing cycles
    When the user submits ""Subscription Billing Cycles"" with reference number ""2959"" and confirms the action
    Then the system returns status code 202 and ""Subscription Billing Cycles"" is updated successfully
",1323,1,1,1,1,96.4,23.4,100.0,100.0,1.0,High
"Feature: The System Configured For Shipping Address Validation

  Scenario: The System Configured For Shipping Address Validation case 1
    Given the operator is in occasionally typical starting state for shipping address validation
    When most usually action is performed on shipping address validation
    Then the system responds in a certain generally way
",363,1,1,1,0,0.0,100.0,83.3,0.0,1.0,Low
"Feature: The System To Properly Validate The Payment Gateway

  Scenario: The System To Properly Validate The Payment Gateway case 1
    Then the system responds in a reasonable generally way
",192,1,0,0,1,33.3,100.0,33.3,0.0,1.0,Low
"Feature: The System To Accurately Track Shipping Address Validation

  Scenario: The System To Accurately Track Shipping Address Validation case 1
    Given the user is authenticated with role ""qa_verified"" and 162 matching records exist for shipping address validation
    When the user submits ""Shipping Address Validation"" with reference number ""1078"" and confirms the action
    Then the system returns status code 201 and ""Shipping Address Validation"" is updated successfully

  Scenario: The System To Accurately Track Shipping Address Validation case 2
    Given the operator is authenticated with role ""qa_verified"" and 242 matching records exist for shipping address validation
    When the user submits ""Shipping Address Validation"" with reference number ""4752"" and confirms the action
    Then the system returns status code 201 and ""Shipping Address Validation"" is updated successfully

  Scenario: The System To Accurately Track Shipping Address Validation case 3
    Given the administrator is authenticated with role ""qa_verified"" and 62 matching records exist for shipping address validation
    When the user submits ""Shipping Address Validation"" with reference number ""5732"" and confirms the action
    Then the system returns status code 201 and ""Shipping Address Validation"" is updated successfully
",1319,1,1,1,1,93.1,0.0,100.0,100.0,1.0,High
"Feature: The System To Properly Validate Customer Refund Workflows

  Scenario: The System To Properly Validate Customer Refund Workflows case 1
",145,0,0,0,1,54.5,100.0,8.3,0.0,0.5,Low
"Feature: The System To Properly Validate Bulk CSV Data Import

  Scenario: The System To Properly Validate Bulk CSV Data Import case 1
",135,0,0,0,0,0.0,95.2,8.3,0.0,0.0,Low
"Feature: The System To Reliably Handle Bulk CSV Data Import

  Scenario: The System To Reliably Handle Bulk CSV Data Import case 1
    Given the user is authenticated with role ""qa_verified"" and 42 matching records exist for bulk csv data import
    When the user submits ""Bulk CSV Data Import"" with reference number ""5382"" and confirms the action
    Then the system returns status code 202 and ""Bulk CSV Data Import"" is updated successfully

  Scenario: The System To Reliably Handle Bulk CSV Data Import case 2
    Given the administrator is authenticated with role ""qa_verified"" and 204 matching records exist for bulk csv data import
    When the user submits ""Bulk CSV Data Import"" with reference number ""3919"" and confirms the action
    Then the system returns status code 202 and ""Bulk CSV Data Import"" is updated successfully
",836,1,1,1,1,92.9,0.0,91.7,100.0,0.0,High
"Feature: The System To Accurately Track The Search Indexing Pipeline

  Scenario: The System To Accurately Track The Search Indexing Pipeline case 1
    Given the operator is authenticated with role ""qa_verified"" and 245 matching records exist for the search indexing pipeline
",277,0,1,0,0,0.0,0.0,33.3,100.0,0.0,Low
"Feature: The System To Accurately Track Database Backup And Restore

  Scenario: The System To Accurately Track Database Backup And Restore case 1
    Then the system responds in a many usual way
",196,1,0,0,0,0.0,66.7,33.3,0.0,0.5,Low
"Feature: The System To Gracefully Recover Failures In Order Fulfillment Tracking

  Scenario: The System To Gracefully Recover Failures In Order Fulfillment Tracking case 1
    Given the user is authenticated with role ""qa_verified"" and 135 matching records exist for order fulfillment tracking
    When the user submits ""Order Fulfillment Tracking"" with reference number ""9576"" and confirms the action
    Then the system returns status code 204 and ""Order Fulfillment Tracking"" is updated successfully

  Scenario: The System To Gracefully Recover Failures In Order Fulfillment Tracking case 2
    Given the API client is authenticated with role ""qa_verified"" and 242 matching records exist for order fulfillment tracking
    When the user submits ""Order Fulfillment Tracking"" with reference number ""2754"" and confirms the action
    Then the system returns status code 204 and ""Order Fulfillment Tracking"" is updated successfully

  Scenario: The System To Gracefully Recover Failures In Order Fulfillment Tracking case 3
    Given the API client is authenticated with role ""qa_verified"" and 23 matching records exist for order fulfillment tracking
    When the user submits ""Order Fulfillment Tracking"" with reference number ""25"" and confirms the action
    Then the system returns status code 204 and ""Order Fulfillment Tracking"" is updated successfully
",1359,1,1,1,1,93.1,0.0,100.0,100.0,1.0,High
"Feature: The System Configured For Single Sign-On Federation

  Scenario: The System Configured For Single Sign-On Federation case 1
    Given the user is in various correctly starting state for single sign-on federation
    When usual sufficient action is performed on single sign-on federation
    Then the system responds in a few correctly way
",348,1,1,1,1,64.3,100.0,83.3,0.0,1.0,Medium
"Feature: The System To Properly Validate The Product Catalog Search

  Scenario: The System To Properly Validate The Product Catalog Search case 1
    Given the user is in occasionally normal starting state for the product catalog search
    Then the system responds in a some usually way
",289,1,1,0,0,0.0,100.0,58.3,0.0,0.0,Low
"Feature: The System To Be Compatible With Session Timeout Handling

  Scenario: The System To Be Compatible With Session Timeout Handling case 1
    When the user submits ""Session Timeout Handling"" with reference number ""7775"" and confirms the action
    Then the system returns status code 202 and ""Session Timeout Handling"" is updated successfully

  Scenario: The System To Be Compatible With Session Timeout Handling case 2
    When the user submits ""Session Timeout Handling"" with reference number ""4299"" and confirms the action
    Then the system returns status code 201 and ""Session Timeout Handling"" is updated successfully
",633,1,0,1,1,90.5,0.0,66.7,100.0,1.0,High
"Feature: The System To Consistently Enforce Two-Factor SMS Verification

  Scenario: The System To Consistently Enforce Two-Factor SMS Verification case 1
    Given the administrator is in many typical starting state for two-factor sms verification
    Then the system responds in a efficiently few way
",303,1,1,0,1,64.3,90.9,58.3,0.0,0.0,Low
"Feature: The System Configured For API Rate Limiting

  Scenario: The System Configured For API Rate Limiting case 1
",117,0,0,0,0,0.0,0.0,8.3,0.0,1.0,Low
"Feature: The System To Properly Validate User Profile Photo Uploads

  Scenario: The System To Properly Validate User Profile Photo Uploads case 1
    Given the operator is authenticated with role ""qa_verified"" and 25 matching records exist for user profile photo uploads
    When the user submits ""User Profile Photo Uploads"" with reference number ""1332"" and confirms the action
    Then the system returns status code 204 and ""User Profile Photo Uploads"" is updated successfully

  Scenario: The System To Properly Validate User Profile Photo Uploads case 2
    Given the user is authenticated with role ""qa_verified"" and 186 matching records exist for user profile photo uploads
    When the user submits ""User Profile Photo Uploads"" with reference number ""7971"" and confirms the action
    Then the system returns status code 201 and ""User Profile Photo Uploads"" is updated successfully

  Scenario: The System To Properly Validate User Profile Photo Uploads case 3
    Given the administrator is authenticated with role ""qa_verified"" and 131 matching records exist for user profile photo uploads
    When the user submits ""User Profile Photo Uploads"" with reference number ""5065"" and confirms the action
    Then the system returns status code 204 and ""User Profile Photo Uploads"" is updated successfully
",1310,1,1,1,0,0.0,21.7,100.0,100.0,1.0,Medium
"Feature: The System To Correctly Support Inventory Stock Synchronization

  Scenario: The System To Correctly Support Inventory Stock Synchronization case 1
    When properly suitable action is performed on inventory stock synchronization
    Then the system responds in a many suitable way

  Scenario: The System To Correctly Support Inventory Stock Synchronization case 2
    When occasionally usual action is performed on inventory stock synchronization
    Then the system responds in a easily some way
",508,1,0,1,0,0.0,100.0,66.7,0.0,1.0,Low
"Feature: The System To Be Compatible With Automated Report Generation

  Scenario: The System To Be Compatible With Automated Report Generation case 1
    Given the operator is in quickly few starting state for automated report generation
",239,0,1,0,0,0.0,58.8,33.3,0.0,0.5,Low
"Feature: The System To Correctly Support Password Reset Emails

  Scenario: The System To Correctly Support Password Reset Emails case 1
    Given the API client is in appropriate correctly starting state for password reset emails
    When easily correctly action is performed on password reset emails
    Then the system responds in a suitable usual way

  Scenario: The System To Correctly Support Password Reset Emails case 2
    Given the operator is in effectively acceptable starting state for password reset emails
    When reasonable effectively action is performed on password reset emails
    Then the system responds in a correctly typical way
",655,1,1,1,1,95.8,100.0,91.7,0.0,0.5,Medium
"Feature: The System Configured For Subscription Billing Cycles

  Scenario: The System Configured For Subscription Billing Cycles case 1
    Given the customer is in typical several starting state for subscription billing cycles
    When some appropriate action is performed on subscription billing cycles
    Then the system responds in a appropriate some way

  Scenario: The System Configured For Subscription Billing Cycles case 2
    Given the user is in reasonable normal starting state for subscription billing cycles
    When normal reasonable action is performed on subscription billing cycles
    Then the system responds in a easily effectively way
",660,1,1,1,1,68.8,100.0,91.7,0.0,0.5,Medium
"Feature: The System Configured For Subscription Billing Cycles

  Scenario: The System Configured For Subscription Billing Cycles case 1
",137,0,0,0,1,33.3,0.0,8.3,0.0,0.5,Low
"Feature: The System To Accurately Track Third-Party Payment Providers

  Scenario: The System To Accurately Track Third-Party Payment Providers case 1
    Given the API client is authenticated with role ""qa_verified"" and 127 matching records exist for third-party payment providers
    When the user submits ""Third-Party Payment Providers"" with reference number ""9666"" and confirms the action
    Then the system returns status code 204 and ""Third-Party Payment Providers"" is updated successfully

  Scenario: The System To Accurately Track Third-Party Payment Providers case 2
    Given the API client is authenticated with role ""qa_verified"" and 51 matching records exist for third-party payment providers
    When the user submits ""Third-Party Payment Providers"" with reference number ""4089"" and confirms the action
    Then the system returns status code 202 and ""Third-Party Payment Providers"" is updated successfully
",923,1,1,1,1,93.1,0.0,91.7,100.0,1.0,High
"Feature: The System To Reliably Handle Multi-Factor Authentication

  Scenario: The System To Reliably Handle Multi-Factor Authentication case 1
    Given the operator is authenticated with role ""qa_verified"" and 205 matching records exist for multi-factor authentication
    When the user submits ""Multi-Factor Authentication"" with reference number ""7576"" and confirms the action
    Then the system returns status code 201 and ""Multi-Factor Authentication"" is updated successfully
",483,1,1,1,1,73.7,0.0,83.3,100.0,0.0,High
"Feature: The System To Be Compatible With Windows Server

  Scenario: The System To Be Compatible With Windows Server case 1
    Then the system responds in a most certain way
",176,1,0,0,0,0.0,71.4,33.3,0.0,1.0,Low
"Feature: The System To Properly Validate Data Encryption At Rest

  Scenario: The System To Properly Validate Data Encryption At Rest case 1
    Given the user is in adequate generally starting state for data encryption at rest
    When adequate various action is performed on data encryption at rest
    Then the system responds in a acceptable various way

  Scenario: The System To Properly Validate Data Encryption At Rest case 2
    Given the API client is in correctly usually starting state for data encryption at rest
    When reasonable properly action is performed on data encryption at rest
    Then the system responds in a etc certain way

  Scenario: The System To Properly Validate Data Encryption At Rest case 3
    Given the operator is in reasonable properly starting state for data encryption at rest
    When various normal action is performed on data encryption at rest
    Then the system responds in a several easily way
",944,1,1,1,1,92.9,100.0,100.0,0.0,1.0,Medium
"Feature: The System Configured For Shipping Address Validation

  Scenario: The System Configured For Shipping Address Validation case 1
    Given the customer is authenticated with role ""qa_verified"" and 69 matching records exist for shipping address validation
    Then the system returns status code 204 and ""Shipping Address Validation"" is updated successfully

  Scenario: The System Configured For Shipping Address Validation case 2
    Given the API client is authenticated with role ""qa_verified"" and 47 matching records exist for shipping address validation
    Then the system returns status code 204 and ""Shipping Address Validation"" is updated successfully
",669,1,1,0,1,68.8,0.0,66.7,100.0,0.0,Medium
"Feature: The System To Correctly Support The Payment Gateway

  Scenario: The System To Correctly Support The Payment Gateway case 1
    Then the system responds in a typical acceptable way
",190,1,0,0,0,0.0,100.0,33.3,0.0,0.0,Low
"Feature: The System To Properly Validate Customer Refund Workflows

  Scenario: The System To Properly Validate Customer Refund Workflows case 1
    Given the API client is authenticated with role ""qa_verified"" and 60 matching records exist for customer refund workflows
    Then the system returns status code 202 and ""Customer Refund Workflows"" is updated successfully

  Scenario: The System To Properly Validate Customer Refund Workflows case 2
    Given the operator is authenticated with role ""qa_verified"" and 220 matching records exist for customer refund workflows
    Then the system returns status code 202 and ""Customer Refund Workflows"" is updated successfully

  Scenario: The System To Properly Validate Customer Refund Workflows case 3
    Given the operator is authenticated with role ""qa_verified"" and 50 matching records exist for customer refund workflows
    Then the system returns status code 200 and ""Customer Refund Workflows"" is updated successfully
",976,1,1,0,1,91.3,30.8,75.0,100.0,1.0,High
"Feature: The System To Consistently Enforce User Profile Photo Uploads

  Scenario: The System To Consistently Enforce User Profile Photo Uploads case 1
    Given the administrator is in reasonable appropriate starting state for user profile photo uploads
    When various several action is performed on user profile photo uploads
    Then the system responds in a most normal way

  Scenario: The System To Consistently Enforce User Profile Photo Uploads case 2
    Given the customer is in suitable occasionally starting state for user profile photo uploads
    When easily properly action is performed on user profile photo uploads
    Then the system responds in a reasonable typical way
",692,1,1,1,0,0.0,100.0,91.7,0.0,0.0,Low
"Feature: The System To Reliably Handle The Payment Gateway

  Scenario: The System To Reliably Handle The Payment Gateway case 1
    Then the system responds in a efficiently acceptable way
",190,1,0,0,0,0.0,71.4,33.3,0.0,1.0,Low
"Feature: The System To Securely Process Inventory Stock Synchronization

  Scenario: The System To Securely Process Inventory Stock Synchronization case 1
    Given the customer is authenticated with role ""qa_verified"" and 62 matching records exist for inventory stock synchronization
    Then the system returns status code 202 and ""Inventory Stock Synchronization"" is updated successfully

  Scenario: The System To Securely Process Inventory Stock Synchronization case 2
    Given the customer is authenticated with role ""qa_verified"" and 8 matching records exist for inventory stock synchronization
    Then the system returns status code 201 and ""Inventory Stock Synchronization"" is updated successfully

  Scenario: The System To Securely Process Inventory Stock Synchronization case 3
    Given the user is authenticated with role ""qa_verified"" and 29 matching records exist for inventory stock synchronization
    Then the system returns status code 200 and ""Inventory Stock Synchronization"" is updated successfully
",1024,1,1,0,1,91.3,0.0,75.0,100.0,1.0,High
"Feature: The System To Reliably Handle Data Encryption At Rest

  Scenario: The System To Reliably Handle Data Encryption At Rest case 1
    Given the operator is in reasonable suitable starting state for data encryption at rest
    When generally quickly action is performed on data encryption at rest
    Then the system responds in a few etc way
",349,1,1,1,1,68.8,100.0,83.3,0.0,0.0,Medium
"Feature: The System To Correctly Support The Notification Preferences Center

  Scenario: The System To Correctly Support The Notification Preferences Center case 1
    Then the system responds in a normal usually way
",218,1,0,0,0,0.0,100.0,33.3,0.0,0.0,Low
"Feature: The System To Securely Process Mobile Responsive Layouts

  Scenario: The System To Securely Process Mobile Responsive Layouts case 1
    Given the API client is authenticated with role ""qa_verified"" and 133 matching records exist for mobile responsive layouts
    When the user submits ""Mobile Responsive Layouts"" with reference number ""6066"" and confirms the action
    Then the system returns status code 202 and ""Mobile Responsive Layouts"" is updated successfully

  Scenario: The System To Securely Process Mobile Responsive Layouts case 2
    Given the API client is authenticated with role ""qa_verified"" and 248 matching records exist for mobile responsive layouts
    When the user submits ""Mobile Responsive Layouts"" with reference number ""709"" and confirms the action
    Then the system returns status code 204 and ""Mobile Responsive Layouts"" is updated successfully

  Scenario: The System To Securely Process Mobile Responsive Layouts case 3
    Given the user is authenticated with role ""qa_verified"" and 53 matching records exist for mobile responsive layouts
    When the user submits ""Mobile Responsive Layouts"" with reference number ""6066"" and confirms the action
    Then the system returns status code 202 and ""Mobile Responsive Layouts"" is updated successfully
",1291,1,1,1,1,92.9,0.0,100.0,100.0,0.0,High
"Feature: The System To Be Compatible With Password Reset Emails

  Scenario: The System To Be Compatible With Password Reset Emails case 1
    Given the API client is in few properly starting state for password reset emails
    Then the system responds in a several properly way
",279,1,1,0,1,64.3,90.9,58.3,0.0,0.0,Low
"Feature: The System To Gracefully Recover Failures In The Shopping Cart Checkout Flow

  Scenario: The System To Gracefully Recover Failures In The Shopping Cart Checkout Flow case 1
    Given the user is in reasonable correctly starting state for the shopping cart checkout flow
",280,0,1,0,0,0.0,47.6,33.3,0.0,0.5,Low
"Feature: The System To Reliably Handle Multi-Factor Authentication

  Scenario: The System To Reliably Handle Multi-Factor Authentication case 1
    Given the API client is authenticated with role ""qa_verified"" and 49 matching records exist for multi-factor authentication
    When the user submits ""Multi-Factor Authentication"" with reference number ""1923"" and confirms the action
    Then the system returns status code 204 and ""Multi-Factor Authentication"" is updated successfully

  Scenario: The System To Reliably Handle Multi-Factor Authentication case 2
    Given the API client is authenticated with role ""qa_verified"" and 136 matching records exist for multi-factor authentication
    When the user submits ""Multi-Factor Authentication"" with reference number ""1434"" and confirms the action
    Then the system returns status code 200 and ""Multi-Factor Authentication"" is updated successfully
",902,1,1,1,1,92.9,0.0,91.7,100.0,0.0,High
"Feature: The System Configured For Order Fulfillment Tracking

  Scenario: The System Configured For Order Fulfillment Tracking case 1
    Given the API client is in effectively properly starting state for order fulfillment tracking
    Then the system responds in a easily appropriate way

  Scenario: The System Configured For Order Fulfillment Tracking case 2
    Given the operator is in generally suitable starting state for order fulfillment tracking
    Then the system responds in a many etc way
",504,1,1,0,0,0.0,100.0,66.7,0.0,0.5,Low
"Feature: The System To Accurately Track Multi-Factor Authentication

  Scenario: The System To Accurately Track Multi-Factor Authentication case 1
    Given the user is in appropriate properly starting state for multi-factor authentication
",240,0,1,0,0,0.0,62.5,33.3,0.0,1.0,Low
"Feature: The System To Accurately Track Both AWS And Azure Platforms

  Scenario: The System To Accurately Track Both AWS And Azure Platforms case 1
    Given the administrator is in correctly etc starting state for both aws and azure platforms
    When usual appropriate action is performed on both aws and azure platforms
    Then the system responds in a normal most way

  Scenario: The System To Accurately Track Both AWS And Azure Platforms case 2
    Given the operator is in certain most starting state for both aws and azure platforms
    When quickly reasonable action is performed on both aws and azure platforms
    Then the system responds in a acceptable generally way

  Scenario: The System To Accurately Track Both AWS And Azure Platforms case 3
    Given the API client is in effectively few starting state for both aws and azure platforms
    When efficiently properly action is performed on both aws and azure platforms
    Then the system responds in a reasonable efficiently way
",1001,1,1,1,1,93.1,100.0,100.0,0.0,0.5,Medium
"Feature: The System To Correctly Support Automated Report Generation

  Scenario: The System To Correctly Support Automated Report Generation case 1
    Given the administrator is in acceptable many starting state for automated report generation
    When adequate some action is performed on automated report generation
    Then the system responds in a several various way

  Scenario: The System To Correctly Support Automated Report Generation case 2
    Given the user is in typical efficiently starting state for automated report generation
    When easily many action is performed on automated report generation
    Then the system responds in a properly sufficient way
",676,1,1,1,1,77.8,100.0,91.7,0.0,0.0,Medium
"Feature: The System To Securely Process Database Backup And Restore

  Scenario: The System To Securely Process Database Backup And Restore case 1
",147,0,0,0,0,0.0,0.0,8.3,0.0,0.0,Low
"Feature: The System To Reliably Handle Data Encryption At Rest

  Scenario: The System To Reliably Handle Data Encryption At Rest case 1
    Given the administrator is authenticated with role ""qa_verified"" and 6 matching records exist for data encryption at rest
    When the user submits ""Data Encryption At Rest"" with reference number ""1283"" and confirms the action
    Then the system returns status code 204 and ""Data Encryption At Rest"" is updated successfully

  Scenario: The System To Reliably Handle Data Encryption At Rest case 2
    Given the operator is authenticated with role ""qa_verified"" and 140 matching records exist for data encryption at rest
    When the user submits ""Data Encryption At Rest"" with reference number ""7744"" and confirms the action
    Then the system returns status code 201 and ""Data Encryption At Rest"" is updated successfully
",866,1,1,1,1,93.1,0.0,91.7,100.0,1.0,High
"Feature: The System To Accurately Track Password Reset Emails

  Scenario: The System To Accurately Track Password Reset Emails case 1
    Given the administrator is authenticated with role ""qa_verified"" and 28 matching records exist for password reset emails
    When the user submits ""Password Reset Emails"" with reference number ""2718"" and confirms the action
    Then the system returns status code 202 and ""Password Reset Emails"" is updated successfully

  Scenario: The System To Accurately Track Password Reset Emails case 2
    Given the customer is authenticated with role ""qa_verified"" and 81 matching records exist for password reset emails
    When the user submits ""Password Reset Emails"" with reference number ""2150"" and confirms the action
    Then the system returns status code 200 and ""Password Reset Emails"" is updated successfully
",851,1,1,1,0,0.0,0.0,91.7,100.0,1.0,Medium
"Feature: The System To Consistently Enforce Data Encryption At Rest

  Scenario: The System To Consistently Enforce Data Encryption At Rest case 1
    When the user submits ""Data Encryption At Rest"" with reference number ""4014"" and confirms the action
",252,0,0,1,0,0.0,0.0,33.3,100.0,1.0,Low
"Feature: The System To Securely Process The Audit Logging Subsystem

  Scenario: The System To Securely Process The Audit Logging Subsystem case 1
    Given the user is authenticated with role ""qa_verified"" and 140 matching records exist for the audit logging subsystem
    When the user submits ""The Audit Logging Subsystem"" with reference number ""8852"" and confirms the action
    Then the system returns status code 204 and ""The Audit Logging Subsystem"" is updated successfully

  Scenario: The System To Securely Process The Audit Logging Subsystem case 2
    Given the API client is authenticated with role ""qa_verified"" and 16 matching records exist for the audit logging subsystem
    When the user submits ""The Audit Logging Subsystem"" with reference number ""6348"" and confirms the action
    Then the system returns status code 202 and ""The Audit Logging Subsystem"" is updated successfully

  Scenario: The System To Securely Process The Audit Logging Subsystem case 3
    Given the operator is authenticated with role ""qa_verified"" and 139 matching records exist for the audit logging subsystem
    When the user submits ""The Audit Logging Subsystem"" with reference number ""7378"" and confirms the action
    Then the system returns status code 202 and ""The Audit Logging Subsystem"" is updated successfully
",1316,1,1,1,1,93.1,0.0,100.0,100.0,0.0,High
"Feature: The System To Accurately Track Password Reset Emails

  Scenario: The System To Accurately Track Password Reset Emails case 1
    Given the user is in many etc starting state for password reset emails
    When easily efficiently action is performed on password reset emails
    Then the system responds in a effectively sufficient way
",344,1,1,1,1,68.8,100.0,83.3,0.0,0.0,Medium
"Feature: The System To Securely Process Checkout Tax Calculation

  Scenario: The System To Securely Process Checkout Tax Calculation case 1
    When appropriate correctly action is performed on checkout tax calculation
",220,0,0,1,0,0.0,69.0,33.3,0.0,0.5,Low
"Feature: The System To Accurately Track Order Fulfillment Tracking

  Scenario: The System To Accurately Track Order Fulfillment Tracking case 1
    Given the operator is authenticated with role ""qa_verified"" and 145 matching records exist for order fulfillment tracking
    When the user submits ""Order Fulfillment Tracking"" with reference number ""58"" and confirms the action
    Then the system returns status code 202 and ""Order Fulfillment Tracking"" is updated successfully

  Scenario: The System To Accurately Track Order Fulfillment Tracking case 2
    Given the administrator is authenticated with role ""qa_verified"" and 60 matching records exist for order fulfillment tracking
    When the user submits ""Order Fulfillment Tracking"" with reference number ""8811"" and confirms the action
    Then the system returns status code 201 and ""Order Fulfillment Tracking"" is updated successfully

  Scenario: The System To Accurately Track Order Fulfillment Tracking case 3
    Given the customer is authenticated with role ""qa_verified"" and 93 matching records exist for order fulfillment tracking
    When the user submits ""Order Fulfillment Tracking"" with reference number ""6068"" and confirms the action
    Then the system returns status code 202 and ""Order Fulfillment Tracking"" is updated successfully
",1307,1,1,1,1,93.1,0.0,100.0,100.0,1.0,High
"Feature: The System To Gracefully Recover Failures In Both AWS And Azure Platforms

  Scenario: The System To Gracefully Recover Failures In Both AWS And Azure Platforms case 1
    Given the user is in occasionally usual starting state for both aws and azure platforms
    When most appropriate action is performed on both aws and azure platforms
    Then the system responds in a sufficient normal way
",403,1,1,1,1,70.6,95.2,83.3,0.0,0.0,Medium
"Feature: The System Configured For Bulk CSV Data Import

  Scenario: The System Configured For Bulk CSV Data Import case 1
    Then the system responds in a appropriate quickly way
",181,1,0,0,0,0.0,71.4,33.3,0.0,1.0,Low
"Feature: The System To Be Compatible With Automated Report Generation

  Scenario: The System To Be Compatible With Automated Report Generation case 1
    Given the customer is authenticated with role ""qa_verified"" and 96 matching records exist for automated report generation
    When the user submits ""Automated Report Generation"" with reference number ""2490"" and confirms the action
    Then the system returns status code 201 and ""Automated Report Generation"" is updated successfully

  Scenario: The System To Be Compatible With Automated Report Generation case 2
    Given the API client is authenticated with role ""qa_verified"" and 201 matching records exist for automated report generation
    When the user submits ""Automated Report Generation"" with reference number ""5425"" and confirms the action
    Then the system returns status code 202 and ""Automated Report Generation"" is updated successfully
",909,1,1,1,1,92.9,0.0,91.7,100.0,1.0,High
"Feature: The System To Gracefully Recover Failures In Both AWS And Azure Platforms

  Scenario: The System To Gracefully Recover Failures In Both AWS And Azure Platforms case 1
    Given the user is authenticated with role ""qa_verified"" and 149 matching records exist for both aws and azure platforms
    When the user submits ""Both AWS And Azure Platforms"" with reference number ""42"" and confirms the action
    Then the system returns status code 201 and ""Both AWS And Azure Platforms"" is updated successfully

  Scenario: The System To Gracefully Recover Failures In Both AWS And Azure Platforms case 2
    Given the user is authenticated with role ""qa_verified"" and 61 matching records exist for both aws and azure platforms
    When the user submits ""Both AWS And Azure Platforms"" with reference number ""675"" and confirms the action
    Then the system returns status code 204 and ""Both AWS And Azure Platforms"" is updated successfully
",941,1,1,1,0,0.0,0.0,91.7,100.0,1.0,Medium
"Feature: The System Configured For Single Sign-On Federation

  Scenario: The System Configured For Single Sign-On Federation case 1
",133,0,0,0,0,0.0,0.0,8.3,0.0,1.0,Low
"Feature: The System To Properly Validate Third-Party Payment Providers

  Scenario: The System To Properly Validate Third-Party Payment Providers case 1
    When the user submits ""Third-Party Payment Providers"" with reference number ""1146"" and confirms the action
    Then the system returns status code 201 and ""Third-Party Payment Providers"" is updated successfully

  Scenario: The System To Properly Validate Third-Party Payment Providers case 2
    When the user submits ""Third-Party Payment Providers"" with reference number ""6469"" and confirms the action
    Then the system returns status code 202 and ""Third-Party Payment Providers"" is updated successfully
",665,1,0,1,1,91.3,33.3,66.7,100.0,0.5,Medium
"Feature: The System To Gracefully Recover Failures In Shipping Address Validation

  Scenario: The System To Gracefully Recover Failures In Shipping Address Validation case 1
    Given the operator is in usual many starting state for shipping address validation
    Then the system responds in a several typical way
",316,1,1,0,1,64.3,88.9,58.3,0.0,0.5,Low
"Feature: The System To Be Compatible With Data Encryption At Rest

  Scenario: The System To Be Compatible With Data Encryption At Rest case 1
",143,0,0,0,1,33.3,0.0,8.3,0.0,0.0,Low
"Feature: The System Configured For Both AWS And Azure Platforms

  Scenario: The System Configured For Both AWS And Azure Platforms case 1
    Given the administrator is authenticated with role ""qa_verified"" and 214 matching records exist for both aws and azure platforms
    When the user submits ""Both AWS And Azure Platforms"" with reference number ""3673"" and confirms the action
    Then the system returns status code 201 and ""Both AWS And Azure Platforms"" is updated successfully

  Scenario: The System Configured For Both AWS And Azure Platforms case 2
    Given the API client is authenticated with role ""qa_verified"" and 35 matching records exist for both aws and azure platforms
    When the user submits ""Both AWS And Azure Platforms"" with reference number ""3563"" and confirms the action
    Then the system returns status code 204 and ""Both AWS And Azure Platforms"" is updated successfully
",902,1,1,1,0,0.0,0.0,91.7,100.0,1.0,Medium
"Feature: The System To Gracefully Recover Failures In User Profile Photo Uploads

  Scenario: The System To Gracefully Recover Failures In User Profile Photo Uploads case 1
    When appropriate easily action is performed on user profile photo uploads
    Then the system responds in a typical effectively way

  Scenario: The System To Gracefully Recover Failures In User Profile Photo Uploads case 2
    When adequate many action is performed on user profile photo uploads
    Then the system responds in a some adequate way
",526,1,0,1,0,0.0,100.0,66.7,0.0,1.0,Low
"Feature: The System To Securely Process Third-Party Payment Providers

  Scenario: The System To Securely Process Third-Party Payment Providers case 1
    Then the system responds in a quickly usually way
",205,1,0,0,0,0.0,66.7,33.3,0.0,0.5,Low
"Feature: The System To Securely Process Subscription Billing Cycles

  Scenario: The System To Securely Process Subscription Billing Cycles case 1
    Given the operator is authenticated with role ""qa_verified"" and 121 matching records exist for subscription billing cycles
    When the user submits ""Subscription Billing Cycles"" with reference number ""2293"" and confirms the action
    Then the system returns status code 204 and ""Subscription Billing Cycles"" is updated successfully

  Scenario: The System To Securely Process Subscription Billing Cycles case 2
    Given the operator is authenticated with role ""qa_verified"" and 115 matching records exist for subscription billing cycles
    When the user submits ""Subscription Billing Cycles"" with reference number ""4251"" and confirms the action
    Then the system returns status code 204 and ""Subscription Billing Cycles"" is updated successfully

  Scenario: The System To Securely Process Subscription Billing Cycles case 3
    Given the user is authenticated with role ""qa_verified"" and 79 matching records exist for subscription billing cycles
    When the user submits ""Subscription Billing Cycles"" with reference number ""5432"" and confirms the action
    Then the system returns status code 202 and ""Subscription Billing Cycles"" is updated successfully
",1314,1,1,1,1,92.9,0.0,100.0,100.0,0.0,High
"Feature: The System To Accurately Track The Shopping Cart Checkout Flow

  Scenario: The System To Accurately Track The Shopping Cart Checkout Flow case 1
    When the user submits ""The Shopping Cart Checkout Flow"" with reference number ""6230"" and confirms the action
    Then the system returns status code 202 and ""The Shopping Cart Checkout Flow"" is updated successfully

  Scenario: The System To Accurately Track The Shopping Cart Checkout Flow case 2
    When the user submits ""The Shopping Cart Checkout Flow"" with reference number ""2559"" and confirms the action
    Then the system returns status code 200 and ""The Shopping Cart Checkout Flow"" is updated successfully
",676,1,0,1,1,68.8,0.0,66.7,100.0,0.5,Medium
"Feature: The System To Securely Process The Audit Logging Subsystem

  Scenario: The System To Securely Process The Audit Logging Subsystem case 1
    Given the API client is in sufficient generally starting state for the audit logging subsystem
    When some typical action is performed on the audit logging subsystem
",319,0,1,1,0,0.0,85.1,58.3,0.0,1.0,Low
"Feature: The System To Securely Process The Payment Gateway

  Scenario: The System To Securely Process The Payment Gateway case 1
    Given the user is authenticated with role ""qa_verified"" and 105 matching records exist for the payment gateway
    When the user submits ""The Payment Gateway"" with reference number ""518"" and confirms the action
    Then the system returns status code 201 and ""The Payment Gateway"" is updated successfully

  Scenario: The System To Securely Process The Payment Gateway case 2
    Given the operator is authenticated with role ""qa_verified"" and 163 matching records exist for the payment gateway
    When the user submits ""The Payment Gateway"" with reference number ""5351"" and confirms the action
    Then the system returns status code 200 and ""The Payment Gateway"" is updated successfully
",825,1,1,1,1,92.9,0.0,91.7,100.0,1.0,High
"Feature: The System To Be Compatible With The Shopping Cart Checkout Flow

  Scenario: The System To Be Compatible With The Shopping Cart Checkout Flow case 1
    Given the operator is in normal appropriate starting state for the shopping cart checkout flow
    When effectively occasionally action is performed on the shopping cart checkout flow
    Then the system responds in a correctly easily way

  Scenario: The System To Be Compatible With The Shopping Cart Checkout Flow case 2
    Given the administrator is in reasonable various starting state for the shopping cart checkout flow
    When few correctly action is performed on the shopping cart checkout flow
    Then the system responds in a easily various way
",722,1,1,1,1,70.6,100.0,91.7,0.0,0.0,Medium
"Feature: The System Configured For Order Fulfillment Tracking

  Scenario: The System Configured For Order Fulfillment Tracking case 1
    When occasionally various action is performed on order fulfillment tracking
    Then the system responds in a reasonable most way
",269,1,0,1,0,0.0,100.0,58.3,0.0,0.0,Low
"Feature: The System To Properly Validate Shipping Address Validation

  Scenario: The System To Properly Validate Shipping Address Validation case 1
    Given the user is in some many starting state for shipping address validation
    When sufficient acceptable action is performed on shipping address validation
    Then the system responds in a easily generally way

  Scenario: The System To Properly Validate Shipping Address Validation case 2
    Given the administrator is in normal usual starting state for shipping address validation
    When sufficient adequate action is performed on shipping address validation
    Then the system responds in a many certain way
",673,1,1,1,1,92.3,100.0,91.7,0.0,1.0,Medium
"Feature: The System To Consistently Enforce Password Reset Emails

  Scenario: The System To Consistently Enforce Password Reset Emails case 1
    When the user submits ""Password Reset Emails"" with reference number ""4611"" and confirms the action
    Then the system returns status code 204 and ""Password Reset Emails"" is updated successfully
",342,1,0,1,0,0.0,0.0,58.3,100.0,0.0,Medium
"Feature: The System To Correctly Support Cross-Browser Rendering

  Scenario: The System To Correctly Support Cross-Browser Rendering case 1
    Given the customer is in certain properly starting state for cross-browser rendering
",230,0,1,0,0,0.0,100.0,33.3,0.0,0.5,Low
"Feature: The System To Consistently Enforce Both AWS And Azure Platforms

  Scenario: The System To Consistently Enforce Both AWS And Azure Platforms case 1
    Given the administrator is authenticated with role ""qa_verified"" and 10 matching records exist for both aws and azure platforms
    When the user submits ""Both AWS And Azure Platforms"" with reference number ""7816"" and confirms the action
    Then the system returns status code 202 and ""Both AWS And Azure Platforms"" is updated successfully

  Scenario: The System To Consistently Enforce Both AWS And Azure Platforms case 2
    Given the customer is authenticated with role ""qa_verified"" and 118 matching records exist for both aws and azure platforms
    When the user submits ""Both AWS And Azure Platforms"" with reference number ""6402"" and confirms the action
    Then the system returns status code 202 and ""Both AWS And Azure Platforms"" is updated successfully
",927,1,1,1,1,93.1,0.0,91.7,100.0,1.0,High
"Feature: The System To Reliably Handle Password Reset Emails

  Scenario: The System To Reliably Handle Password Reset Emails case 1
    When effectively many action is performed on password reset emails
    Then the system responds in a sufficient reasonable way

  Scenario: The System To Reliably Handle Password Reset Emails case 2
    When many several action is performed on password reset emails
    Then the system responds in a correctly effectively way
",463,1,0,1,1,64.3,100.0,66.7,0.0,1.0,Low
"Feature: The System To Gracefully Recover Failures In Third-Party Payment Providers

  Scenario: The System To Gracefully Recover Failures In Third-Party Payment Providers case 1
    Given the API client is in few appropriate starting state for third-party payment providers
",275,0,1,0,0,0.0,50.0,33.3,0.0,0.5,Low
"Feature: The System To Consistently Enforce Checkout Tax Calculation

  Scenario: The System To Consistently Enforce Checkout Tax Calculation case 1
    Given the operator is authenticated with role ""qa_verified"" and 183 matching records exist for checkout tax calculation
    When the user submits ""Checkout Tax Calculation"" with reference number ""6424"" and confirms the action
    Then the system returns status code 200 and ""Checkout Tax Calculation"" is updated successfully

  Scenario: The System To Consistently Enforce Checkout Tax Calculation case 2
    Given the administrator is authenticated with role ""qa_verified"" and 52 matching records exist for checkout tax calculation
    When the user submits ""Checkout Tax Calculation"" with reference number ""6413"" and confirms the action
    Then the system returns status code 202 and ""Checkout Tax Calculation"" is updated successfully

  Scenario: The System To Consistently Enforce Checkout Tax Calculation case 3
    Given the administrator is authenticated with role ""qa_verified"" and 186 matching records exist for checkout tax calculation
    When the user submits ""Checkout Tax Calculation"" with reference number ""7779"" and confirms the action
    Then the system returns status code 202 and ""Checkout Tax Calculation"" is updated successfully
",1305,1,1,1,1,92.9,0.0,100.0,100.0,1.0,High
"Feature: The System To Properly Validate Subscription Billing Cycles

  Scenario: The System To Properly Validate Subscription Billing Cycles case 1
    Given the administrator is authenticated with role ""qa_verified"" and 243 matching records exist for subscription billing cycles
    When the user submits ""Subscription Billing Cycles"" with reference number ""4376"" and confirms the action
    Then the system returns status code 201 and ""Subscription Billing Cycles"" is updated successfully
",492,1,1,1,1,73.7,31.7,83.3,100.0,1.0,High
"Feature: The System To Properly Validate Windows Server

  Scenario: The System To Properly Validate Windows Server case 1
    Given the API client is in sufficient properly starting state for windows server
    When generally properly action is performed on windows server
",274,0,1,1,0,0.0,100.0,58.3,0.0,0.5,Low
"Feature: The System Configured For API Rate Limiting

  Scenario: The System Configured For API Rate Limiting case 1
    Given the administrator is authenticated with role ""qa_verified"" and 241 matching records exist for api rate limiting
    When the user submits ""API Rate Limiting"" with reference number ""6363"" and confirms the action
    Then the system returns status code 201 and ""API Rate Limiting"" is updated successfully

  Scenario: The System Configured For API Rate Limiting case 2
    Given the operator is authenticated with role ""qa_verified"" and 7 matching records exist for api rate limiting
    When the user submits ""API Rate Limiting"" with reference number ""3368"" and confirms the action
    Then the system returns status code 202 and ""API Rate Limiting"" is updated successfully

  Scenario: The System Configured For API Rate Limiting case 3
    Given the API client is authenticated with role ""qa_verified"" and 169 matching records exist for api rate limiting
    When the user submits ""API Rate Limiting"" with reference number ""7017"" and confirms the action
    Then the system returns status code 201 and ""API Rate Limiting"" is updated successfully
",1174,1,1,1,1,93.1,0.0,100.0,100.0,0.0,High
"Feature: The System To Reliably Handle The Audit Logging Subsystem

  Scenario: The System To Reliably Handle The Audit Logging Subsystem case 1
    Given the operator is in easily occasionally starting state for the audit logging subsystem
    When usually few action is performed on the audit logging subsystem
    Then the system responds in a typical many way
",364,1,1,1,1,68.8,100.0,83.3,0.0,0.5,Medium
"Feature: The System To Consistently Enforce Session Timeout Handling

  Scenario: The System To Consistently Enforce Session Timeout Handling case 1
",149,0,0,0,0,0.0,0.0,8.3,0.0,0.5,Low
"Feature: The System To Reliably Handle Offline Mode Data Sync

  Scenario: The System To Reliably Handle Offline Mode Data Sync case 1
    Given the user is authenticated with role ""qa_verified"" and 249 matching records exist for offline mode data sync
    When the user submits ""Offline Mode Data Sync"" with reference number ""962"" and confirms the action
    Then the system returns status code 200 and ""Offline Mode Data Sync"" is updated successfully

  Scenario: The System To Reliably Handle Offline Mode Data Sync case 2
    Given the operator is authenticated with role ""qa_verified"" and 26 matching records exist for offline mode data sync
    When the user submits ""Offline Mode Data Sync"" with reference number ""7997"" and confirms the action
    Then the system returns status code 202 and ""Offline Mode Data Sync"" is updated successfully

  Scenario: The System To Reliably Handle Offline Mode Data Sync case 3
    Given the API client is authenticated with role ""qa_verified"" and 207 matching records exist for offline mode data sync
    When the user submits ""Offline Mode Data Sync"" with reference number ""214"" and confirms the action
    Then the system returns status code 200 and ""Offline Mode Data Sync"" is updated successfully
",1245,1,1,1,1,93.3,0.0,100.0,100.0,1.0,High
"Feature: The System To Correctly Support Subscription Billing Cycles

  Scenario: The System To Correctly Support Subscription Billing Cycles case 1
    Given the administrator is authenticated with role ""qa_verified"" and 128 matching records exist for subscription billing cycles
    When the user submits ""Subscription Billing Cycles"" with reference number ""2502"" and confirms the action

  Scenario: The System To Correctly Support Subscription Billing Cycles case 2
    Given the customer is authenticated with role ""qa_verified"" and 109 matching records exist for subscription billing cycles
    When the user submits ""Subscription Billing Cycles"" with reference number ""2392"" and confirms the action
",706,0,1,1,0,0.0,33.0,66.7,100.0,0.0,Low
"Feature: The System To Gracefully Recover Failures In Order Fulfillment Tracking

  Scenario: The System To Gracefully Recover Failures In Order Fulfillment Tracking case 1
",173,0,0,0,0,0.0,0.0,8.3,0.0,0.5,Low
"Feature: The System To Be Compatible With API Rate Limiting

  Scenario: The System To Be Compatible With API Rate Limiting case 1
    Given the administrator is authenticated with role ""qa_verified"" and 132 matching records exist for api rate limiting
    When the user submits ""API Rate Limiting"" with reference number ""8953"" and confirms the action
    Then the system returns status code 201 and ""API Rate Limiting"" is updated successfully

  Scenario: The System To Be Compatible With API Rate Limiting case 2
    Given the user is authenticated with role ""qa_verified"" and 22 matching records exist for api rate limiting
    When the user submits ""API Rate Limiting"" with reference number ""9155"" and confirms the action
    Then the system returns status code 202 and ""API Rate Limiting"" is updated successfully

  Scenario: The System To Be Compatible With API Rate Limiting case 3
    Given the administrator is authenticated with role ""qa_verified"" and 21 matching records exist for api rate limiting
    When the user submits ""API Rate Limiting"" with reference number ""6957"" and confirms the action
    Then the system returns status code 200 and ""API Rate Limiting"" is updated successfully
",1201,1,1,1,1,92.3,0.0,100.0,100.0,0.0,High
"Feature: The System To Gracefully Recover Failures In Both AWS And Azure Platforms

  Scenario: The System To Gracefully Recover Failures In Both AWS And Azure Platforms case 1
    Given the user is in some usual starting state for both aws and azure platforms
    When occasionally easily action is performed on both aws and azure platforms
    Then the system responds in a etc generally way

  Scenario: The System To Gracefully Recover Failures In Both AWS And Azure Platforms case 2
    Given the administrator is in efficiently adequate starting state for both aws and azure platforms
    When acceptable effectively action is performed on both aws and azure platforms
    Then the system responds in a usually certain way
",729,1,1,1,1,73.7,100.0,91.7,0.0,0.0,Medium
"Feature: The System To Securely Process Inventory Stock Synchronization

  Scenario: The System To Securely Process Inventory Stock Synchronization case 1
",155,0,0,0,0,0.0,0.0,8.3,0.0,1.0,Low
"Feature: The System To Correctly Support Windows Server

  Scenario: The System To Correctly Support Windows Server case 1
    Given the operator is authenticated with role ""qa_verified"" and 165 matching records exist for windows server
    When the user submits ""Windows Server"" with reference number ""4874"" and confirms the action
    Then the system returns status code 204 and ""Windows Server"" is updated successfully

  Scenario: The System To Correctly Support Windows Server case 2
    Given the customer is authenticated with role ""qa_verified"" and 75 matching records exist for windows server
    When the user submits ""Windows Server"" with reference number ""6110"" and confirms the action
    Then the system returns status code 201 and ""Windows Server"" is updated successfully
",787,1,1,1,1,96.3,27.8,91.7,100.0,1.0,High
"Feature: The System To Reliably Handle Multi-Factor Authentication

  Scenario: The System To Reliably Handle Multi-Factor Authentication case 1
    Given the administrator is authenticated with role ""qa_verified"" and 101 matching records exist for multi-factor authentication
    When the user submits ""Multi-Factor Authentication"" with reference number ""9221"" and confirms the action
    Then the system returns status code 201 and ""Multi-Factor Authentication"" is updated successfully

  Scenario: The System To Reliably Handle Multi-Factor Authentication case 2
    Given the administrator is authenticated with role ""qa_verified"" and 61 matching records exist for multi-factor authentication
    When the user submits ""Multi-Factor Authentication"" with reference number ""1684"" and confirms the action
    Then the system returns status code 204 and ""Multi-Factor Authentication"" is updated successfully
",908,1,1,1,1,72.2,0.0,91.7,100.0,0.0,High
"Feature: The System To Gracefully Recover Failures In Session Timeout Handling

  Scenario: The System To Gracefully Recover Failures In Session Timeout Handling case 1
    When occasionally sufficient action is performed on session timeout handling
    Then the system responds in a easily many way
",300,1,0,1,0,0.0,95.2,58.3,0.0,1.0,Low
"Feature: The System Configured For The Notification Preferences Center

  Scenario: The System Configured For The Notification Preferences Center case 1
    Given the operator is authenticated with role ""qa_verified"" and 91 matching records exist for the notification preferences center
    When the user submits ""The Notification Preferences Center"" with reference number ""1792"" and confirms the action
    Then the system returns status code 202 and ""The Notification Preferences Center"" is updated successfully

  Scenario: The System Configured For The Notification Preferences Center case 2
    Given the user is authenticated with role ""qa_verified"" and 194 matching records exist for the notification preferences center
    When the user submits ""The Notification Preferences Center"" with reference number ""7041"" and confirms the action
    Then the system returns status code 202 and ""The Notification Preferences Center"" is updated successfully

  Scenario: The System Configured For The Notification Preferences Center case 3
    Given the administrator is authenticated with role ""qa_verified"" and 31 matching records exist for the notification preferences center
    When the user submits ""The Notification Preferences Center"" with reference number ""6082"" and confirms the action
    Then the system returns status code 201 and ""The Notification Preferences Center"" is updated successfully
",1402,1,1,1,1,92.9,0.0,100.0,100.0,1.0,High
"Feature: The System To Securely Process The Notification Preferences Center

  Scenario: The System To Securely Process The Notification Preferences Center case 1
    Given the customer is in acceptable appropriate starting state for the notification preferences center
    When suitable correctly action is performed on the notification preferences center

  Scenario: The System To Securely Process The Notification Preferences Center case 2
    Given the operator is in suitable quickly starting state for the notification preferences center
    When usual suitable action is performed on the notification preferences center
",628,0,1,1,1,68.8,97.6,66.7,0.0,0.0,Low
"Feature: The System To Correctly Support Inventory Stock Synchronization

  Scenario: The System To Correctly Support Inventory Stock Synchronization case 1
",157,0,0,0,0,0.0,100.0,8.3,0.0,1.0,Low
"Feature: The System To Properly Validate The Audit Logging Subsystem

  Scenario: The System To Properly Validate The Audit Logging Subsystem case 1
    Given the API client is authenticated with role ""qa_verified"" and 124 matching records exist for the audit logging subsystem
    When the user submits ""The Audit Logging Subsystem"" with reference number ""4969"" and confirms the action
    Then the system returns status code 201 and ""The Audit Logging Subsystem"" is updated successfully

  Scenario: The System To Properly Validate The Audit Logging Subsystem case 2
    Given the user is authenticated with role ""qa_verified"" and 12 matching records exist for the audit logging subsystem
    When the user submits ""The Audit Logging Subsystem"" with reference number ""8322"" and confirms the action
    Then the system returns status code 202 and ""The Audit Logging Subsystem"" is updated successfully
",902,1,1,1,1,92.9,23.6,91.7,100.0,1.0,High
"Feature: The System To Be Compatible With Password Reset Emails

  Scenario: The System To Be Compatible With Password Reset Emails case 1
    Given the customer is authenticated with role ""qa_verified"" and 112 matching records exist for password reset emails
    When the user submits ""Password Reset Emails"" with reference number ""2664"" and confirms the action
    Then the system returns status code 204 and ""Password Reset Emails"" is updated successfully

  Scenario: The System To Be Compatible With Password Reset Emails case 2
    Given the operator is authenticated with role ""qa_verified"" and 111 matching records exist for password reset emails
    When the user submits ""Password Reset Emails"" with reference number ""4432"" and confirms the action
    Then the system returns status code 204 and ""Password Reset Emails"" is updated successfully
",854,1,1,1,1,72.2,0.0,91.7,100.0,0.5,High
"Feature: The System Configured For Checkout Tax Calculation

  Scenario: The System Configured For Checkout Tax Calculation case 1
    Then the system responds in a reasonable usually way
",188,1,0,0,0,0.0,76.9,33.3,0.0,1.0,Low
"Feature: The System To Consistently Enforce Database Backup And Restore

  Scenario: The System To Consistently Enforce Database Backup And Restore case 1
    Given the operator is authenticated with role ""qa_verified"" and 139 matching records exist for database backup and restore
    When the user submits ""Database Backup And Restore"" with reference number ""1779"" and confirms the action
    Then the system returns status code 202 and ""Database Backup And Restore"" is updated successfully

  Scenario: The System To Consistently Enforce Database Backup And Restore case 2
    Given the user is authenticated with role ""qa_verified"" and 211 matching records exist for database backup and restore
    When the user submits ""Database Backup And Restore"" with reference number ""2963"" and confirms the action
    Then the system returns status code 202 and ""Database Backup And Restore"" is updated successfully

  Scenario: The System To Consistently Enforce Database Backup And Restore case 3
    Given the user is authenticated with role ""qa_verified"" and 102 matching records exist for database backup and restore
    When the user submits ""Database Backup And Restore"" with reference number ""6954"" and confirms the action
    Then the system returns status code 202 and ""Database Backup And Restore"" is updated successfully
",1327,1,1,1,0,0.0,0.0,100.0,100.0,0.0,High
"Feature: The System To Be Compatible With Multi-Factor Authentication

  Scenario: The System To Be Compatible With Multi-Factor Authentication case 1
    Given the customer is in typical usually starting state for multi-factor authentication
    Then the system responds in a few sufficient way
",296,1,1,0,1,64.3,93.0,58.3,0.0,0.0,Low
"Feature: The System To Gracefully Recover Failures In Role-Based Access Control

  Scenario: The System To Gracefully Recover Failures In Role-Based Access Control case 1
",171,0,0,0,1,33.3,0.0,8.3,0.0,0.0,Low
"Feature: The System To Accurately Track Subscription Billing Cycles

  Scenario: The System To Accurately Track Subscription Billing Cycles case 1
    Given the customer is authenticated with role ""qa_verified"" and 141 matching records exist for subscription billing cycles
    When the user submits ""Subscription Billing Cycles"" with reference number ""8047"" and confirms the action
    Then the system returns status code 201 and ""Subscription Billing Cycles"" is updated successfully

  Scenario: The System To Accurately Track Subscription Billing Cycles case 2
    Given the API client is authenticated with role ""qa_verified"" and 21 matching records exist for subscription billing cycles
    When the user submits ""Subscription Billing Cycles"" with reference number ""1964"" and confirms the action
    Then the system returns status code 202 and ""Subscription Billing Cycles"" is updated successfully

  Scenario: The System To Accurately Track Subscription Billing Cycles case 3
    Given the customer is authenticated with role ""qa_verified"" and 9 matching records exist for subscription billing cycles
    When the user submits ""Subscription Billing Cycles"" with reference number ""690"" and confirms the action
    Then the system returns status code 200 and ""Subscription Billing Cycles"" is updated successfully
",1317,1,1,1,1,93.1,0.0,100.0,100.0,1.0,High
"Feature: The System To Consistently Enforce Automated Report Generation

  Scenario: The System To Consistently Enforce Automated Report Generation case 1
    Given the administrator is in easily some starting state for automated report generation

  Scenario: The System To Consistently Enforce Automated Report Generation case 2
    Given the administrator is in certain quickly starting state for automated report generation
",428,0,1,0,1,64.3,72.7,41.7,0.0,0.0,Low
"Feature: The System To Properly Validate Password Reset Emails

  Scenario: The System To Properly Validate Password Reset Emails case 1
",137,0,0,0,1,33.3,100.0,8.3,0.0,0.5,Low
"Feature: The System To Properly Validate The Payment Gateway

  Scenario: The System To Properly Validate The Payment Gateway case 1
    Given the operator is in properly etc starting state for the payment gateway
    When some reasonable action is performed on the payment gateway
    Then the system responds in a suitable efficiently way

  Scenario: The System To Properly Validate The Payment Gateway case 2
    Given the operator is in generally acceptable starting state for the payment gateway
    When several sufficient action is performed on the payment gateway
    Then the system responds in a easily suitable way

  Scenario: The System To Properly Validate The Payment Gateway case 3
    Given the user is in normal certain starting state for the payment gateway
    When sufficient appropriate action is performed on the payment gateway
    Then the system responds in a various quickly way
",907,1,1,1,1,93.3,100.0,100.0,0.0,0.5,Medium
"Feature: The System To Correctly Support Role-Based Access Control

  Scenario: The System To Correctly Support Role-Based Access Control case 1
    Given the operator is authenticated with role ""qa_verified"" and 207 matching records exist for role-based access control
    When the user submits ""Role-Based Access Control"" with reference number ""9561"" and confirms the action
    Then the system returns status code 202 and ""Role-Based Access Control"" is updated successfully
",477,1,1,1,1,77.8,29.4,83.3,100.0,0.0,High
"Feature: The System To Reliably Handle Cross-Browser Rendering

  Scenario: The System To Reliably Handle Cross-Browser Rendering case 1
    Given the user is in properly easily starting state for cross-browser rendering
    When reasonable correctly action is performed on cross-browser rendering
    Then the system responds in a normal typical way
",351,1,1,1,0,0.0,100.0,83.3,0.0,1.0,Low
"Feature: The System Configured For Load Balancer Failover

  Scenario: The System Configured For Load Balancer Failover case 1
    Given the user is authenticated with role ""qa_verified"" and 19 matching records exist for load balancer failover
    When the user submits ""Load Balancer Failover"" with reference number ""8149"" and confirms the action
    Then the system returns status code 201 and ""Load Balancer Failover"" is updated successfully

  Scenario: The System Configured For Load Balancer Failover case 2
    Given the operator is authenticated with role ""qa_verified"" and 127 matching records exist for load balancer failover
    When the user submits ""Load Balancer Failover"" with reference number ""8791"" and confirms the action
    Then the system returns status code 200 and ""Load Balancer Failover"" is updated successfully

  Scenario: The System Configured For Load Balancer Failover case 3
    Given the operator is authenticated with role ""qa_verified"" and 137 matching records exist for load balancer failover
    When the user submits ""Load Balancer Failover"" with reference number ""4375"" and confirms the action
    Then the system returns status code 202 and ""Load Balancer Failover"" is updated successfully
",1229,1,1,1,1,92.6,0.0,100.0,100.0,0.0,High
"Feature: The System To Reliably Handle Subscription Billing Cycles

  Scenario: The System To Reliably Handle Subscription Billing Cycles case 1
    Given the administrator is in acceptable correctly starting state for subscription billing cycles
    When easily effectively action is performed on subscription billing cycles
    Then the system responds in a most easily way

  Scenario: The System To Reliably Handle Subscription Billing Cycles case 2
    Given the customer is in occasionally normal starting state for subscription billing cycles
    When sufficient properly action is performed on subscription billing cycles
    Then the system responds in a typical appropriate way
",688,1,1,1,1,73.7,100.0,91.7,0.0,1.0,Medium
"Feature: The System To Securely Process Password Reset Emails

  Scenario: The System To Securely Process Password Reset Emails case 1
    When etc adequate action is performed on password reset emails
",202,0,0,1,1,33.3,69.0,33.3,0.0,0.0,Low
"Feature: The System To Properly Validate Push Notification Delivery

  Scenario: The System To Properly Validate Push Notification Delivery case 1
    Given the customer is authenticated with role ""qa_verified"" and 235 matching records exist for push notification delivery
    When the user submits ""Push Notification Delivery"" with reference number ""433"" and confirms the action
    Then the system returns status code 204 and ""Push Notification Delivery"" is updated successfully

  Scenario: The System To Properly Validate Push Notification Delivery case 2
    Given the operator is authenticated with role ""qa_verified"" and 249 matching records exist for push notification delivery
    When the user submits ""Push Notification Delivery"" with reference number ""7726"" and confirms the action
    Then the system returns status code 200 and ""Push Notification Delivery"" is updated successfully

  Scenario: The System To Properly Validate Push Notification Delivery case 3
    Given the administrator is authenticated with role ""qa_verified"" and 2 matching records exist for push notification delivery
    When the user submits ""Push Notification Delivery"" with reference number ""6078"" and confirms the action
    Then the system returns status code 201 and ""Push Notification Delivery"" is updated successfully
",1312,1,1,1,1,93.1,23.4,100.0,100.0,1.0,High
"Feature: The System To Be Compatible With Multi-Factor Authentication

  Scenario: The System To Be Compatible With Multi-Factor Authentication case 1
    Given the customer is authenticated with role ""qa_verified"" and 31 matching records exist for multi-factor authentication
    When the user submits ""Multi-Factor Authentication"" with reference number ""4393"" and confirms the action
    Then the system returns status code 202 and ""Multi-Factor Authentication"" is updated successfully
",488,1,1,1,1,73.7,0.0,83.3,100.0,0.0,High
"Feature: The System To Properly Validate Database Backup And Restore

  Scenario: The System To Properly Validate Database Backup And Restore case 1
",149,0,0,0,0,0.0,95.2,8.3,0.0,0.0,Low
"Feature: The System To Properly Validate Automated Report Generation

  Scenario: The System To Properly Validate Automated Report Generation case 1
    Given the user is authenticated with role ""qa_verified"" and 206 matching records exist for automated report generation
    When the user submits ""Automated Report Generation"" with reference number ""6979"" and confirms the action
    Then the system returns status code 200 and ""Automated Report Generation"" is updated successfully

  Scenario: The System To Properly Validate Automated Report Generation case 2
    Given the customer is authenticated with role ""qa_verified"" and 128 matching records exist for automated report generation
    When the user submits ""Automated Report Generation"" with reference number ""9429"" and confirms the action
    Then the system returns status code 201 and ""Automated Report Generation"" is updated successfully

  Scenario: The System To Properly Validate Automated Report Generation case 3
    Given the administrator is authenticated with role ""qa_verified"" and 16 matching records exist for automated report generation
    When the user submits ""Automated Report Generation"" with reference number ""7862"" and confirms the action
    Then the system returns status code 204 and ""Automated Report Generation"" is updated successfully
",1323,1,1,1,1,93.1,23.4,100.0,100.0,1.0,High
"Feature: The System To Gracefully Recover Failures In The Payment Gateway

  Scenario: The System To Gracefully Recover Failures In The Payment Gateway case 1
    When the user submits ""The Payment Gateway"" with reference number ""2101"" and confirms the action
    Then the system returns status code 202 and ""The Payment Gateway"" is updated successfully

  Scenario: The System To Gracefully Recover Failures In The Payment Gateway case 2
    When the user submits ""The Payment Gateway"" with reference number ""9691"" and confirms the action
    Then the system returns status code 201 and ""The Payment Gateway"" is updated successfully
",634,1,0,1,1,66.7,0.0,66.7,100.0,0.0,Medium
"Feature: The System To Accurately Track Session Timeout Handling

  Scenario: The System To Accurately Track Session Timeout Handling case 1
    Then the system responds in a properly usually way
",196,1,0,0,0,0.0,71.4,33.3,0.0,0.0,Low
"Feature: The System To Gracefully Recover Failures In Database Backup And Restore

  Scenario: The System To Gracefully Recover Failures In Database Backup And Restore case 1
    Given the user is authenticated with role ""qa_verified"" and 2 matching records exist for database backup and restore
    When the user submits ""Database Backup And Restore"" with reference number ""3224"" and confirms the action
    Then the system returns status code 204 and ""Database Backup And Restore"" is updated successfully

  Scenario: The System To Gracefully Recover Failures In Database Backup And Restore case 2
    Given the customer is authenticated with role ""qa_verified"" and 78 matching records exist for database backup and restore
    When the user submits ""Database Backup And Restore"" with reference number ""5193"" and confirms the action
    Then the system returns status code 204 and ""Database Backup And Restore"" is updated successfully

  Scenario: The System To Gracefully Recover Failures In Database Backup And Restore case 3
    Given the customer is authenticated with role ""qa_verified"" and 190 matching records exist for database backup and restore
    When the user submits ""Database Backup And Restore"" with reference number ""876"" and confirms the action
    Then the system returns status code 200 and ""Database Backup And Restore"" is updated successfully
",1367,1,1,1,0,0.0,0.0,100.0,100.0,1.0,High
"Feature: The System To Reliably Handle Automated Report Generation

  Scenario: The System To Reliably Handle Automated Report Generation case 1
    When reasonable etc action is performed on automated report generation
",220,0,0,1,1,58.3,69.0,33.3,0.0,1.0,Low
"Feature: The System To Gracefully Recover Failures In Offline Mode Data Sync

  Scenario: The System To Gracefully Recover Failures In Offline Mode Data Sync case 1
",165,0,0,0,1,33.3,0.0,8.3,0.0,0.0,Low
"Feature: The System To Accurately Track Subscription Billing Cycles

  Scenario: The System To Accurately Track Subscription Billing Cycles case 1
    Given the operator is authenticated with role ""qa_verified"" and 179 matching records exist for subscription billing cycles
    When the user submits ""Subscription Billing Cycles"" with reference number ""155"" and confirms the action
    Then the system returns status code 200 and ""Subscription Billing Cycles"" is updated successfully

  Scenario: The System To Accurately Track Subscription Billing Cycles case 2
    Given the API client is authenticated with role ""qa_verified"" and 108 matching records exist for subscription billing cycles
    When the user submits ""Subscription Billing Cycles"" with reference number ""400"" and confirms the action
    Then the system returns status code 201 and ""Subscription Billing Cycles"" is updated successfully

  Scenario: The System To Accurately Track Subscription Billing Cycles case 3
    Given the user is authenticated with role ""qa_verified"" and 142 matching records exist for subscription billing cycles
    When the user submits ""Subscription Billing Cycles"" with reference number ""6582"" and confirms the action
    Then the system returns status code 201 and ""Subscription Billing Cycles"" is updated successfully
",1315,1,1,1,1,93.1,0.0,100.0,100.0,1.0,High
"Feature: The System Configured For Subscription Billing Cycles

  Scenario: The System Configured For Subscription Billing Cycles case 1
    Given the administrator is authenticated with role ""qa_verified"" and 195 matching records exist for subscription billing cycles
    When the user submits ""Subscription Billing Cycles"" with reference number ""8542"" and confirms the action
    Then the system returns status code 201 and ""Subscription Billing Cycles"" is updated successfully
",480,1,1,1,1,73.7,0.0,83.3,100.0,1.0,High
"Feature: The System To Correctly Support Inventory Stock Synchronization

  Scenario: The System To Correctly Support Inventory Stock Synchronization case 1
    Given the API client is in adequate properly starting state for inventory stock synchronization
",257,0,1,0,1,55.6,100.0,33.3,0.0,1.0,Low
"Feature: The System To Be Compatible With Bulk CSV Data Import

  Scenario: The System To Be Compatible With Bulk CSV Data Import case 1
    Given the customer is authenticated with role ""qa_verified"" and 34 matching records exist for bulk csv data import
    Then the system returns status code 202 and ""Bulk CSV Data Import"" is updated successfully

  Scenario: The System To Be Compatible With Bulk CSV Data Import case 2
    Given the administrator is authenticated with role ""qa_verified"" and 103 matching records exist for bulk csv data import
    Then the system returns status code 201 and ""Bulk CSV Data Import"" is updated successfully

  Scenario: The System To Be Compatible With Bulk CSV Data Import case 3
    Given the customer is authenticated with role ""qa_verified"" and 145 matching records exist for bulk csv data import
    Then the system returns status code 200 and ""Bulk CSV Data Import"" is updated successfully
",934,1,1,0,1,90.9,0.0,75.0,100.0,1.0,High
"Feature: The System To Gracefully Recover Failures In Push Notification Delivery

  Scenario: The System To Gracefully Recover Failures In Push Notification Delivery case 1
    Given the administrator is authenticated with role ""qa_verified"" and 145 matching records exist for push notification delivery
    When the user submits ""Push Notification Delivery"" with reference number ""6716"" and confirms the action
    Then the system returns status code 204 and ""Push Notification Delivery"" is updated successfully

  Scenario: The System To Gracefully Recover Failures In Push Notification Delivery case 2
    Given the customer is authenticated with role ""qa_verified"" and 240 matching records exist for push notification delivery
    When the user submits ""Push Notification Delivery"" with reference number ""1160"" and confirms the action
    Then the system returns status code 202 and ""Push Notification Delivery"" is updated successfully
",940,1,1,1,1,75.0,0.0,91.7,100.0,1.0,High
"Feature: The System To Correctly Support Role-Based Access Control

  Scenario: The System To Correctly Support Role-Based Access Control case 1
",145,0,0,0,0,0.0,95.2,8.3,0.0,1.0,Low
"Feature: The System To Correctly Support Windows Server

  Scenario: The System To Correctly Support Windows Server case 1
    Given the administrator is authenticated with role ""qa_verified"" and 192 matching records exist for windows server
    When the user submits ""Windows Server"" with reference number ""8320"" and confirms the action
    Then the system returns status code 202 and ""Windows Server"" is updated successfully

  Scenario: The System To Correctly Support Windows Server case 2
    Given the user is authenticated with role ""qa_verified"" and 137 matching records exist for windows server
    When the user submits ""Windows Server"" with reference number ""2446"" and confirms the action
    Then the system returns status code 204 and ""Windows Server"" is updated successfully
",789,1,1,1,1,96.2,27.8,91.7,100.0,0.5,High
"Feature: The System To Correctly Support The Search Indexing Pipeline

  Scenario: The System To Correctly Support The Search Indexing Pipeline case 1
    Given the customer is in quickly occasionally starting state for the search indexing pipeline
    When correctly properly action is performed on the search indexing pipeline
",329,0,1,1,1,69.2,100.0,58.3,0.0,1.0,Low
"Feature: The System To Gracefully Recover Failures In Mobile Responsive Layouts

  Scenario: The System To Gracefully Recover Failures In Mobile Responsive Layouts case 1
",171,0,0,0,0,0.0,0.0,8.3,0.0,1.0,Low
"Feature: The System To Securely Process Checkout Tax Calculation

  Scenario: The System To Securely Process Checkout Tax Calculation case 1
    Given the API client is authenticated with role ""qa_verified"" and 62 matching records exist for checkout tax calculation
    When the user submits ""Checkout Tax Calculation"" with reference number ""4995"" and confirms the action

  Scenario: The System To Securely Process Checkout Tax Calculation case 2
    Given the operator is authenticated with role ""qa_verified"" and 41 matching records exist for checkout tax calculation
    When the user submits ""Checkout Tax Calculation"" with reference number ""6811"" and confirms the action

  Scenario: The System To Securely Process Checkout Tax Calculation case 3
    Given the user is authenticated with role ""qa_verified"" and 76 matching records exist for checkout tax calculation
    When the user submits ""Checkout Tax Calculation"" with reference number ""4393"" and confirms the action
",978,0,1,1,1,91.7,0.0,75.0,100.0,0.0,Medium
"Feature: The System To Reliably Handle Database Backup And Restore

  Scenario: The System To Reliably Handle Database Backup And Restore case 1
    Given the administrator is in sufficient various starting state for database backup and restore
    Then the system responds in a etc most way

  Scenario: The System To Reliably Handle Database Backup And Restore case 2
    Given the user is in reasonable sufficient starting state for database backup and restore
    Then the system responds in a normal typical way
",517,1,1,0,1,66.7,100.0,66.7,0.0,0.5,Low
"Feature: The System Configured For The Audit Logging Subsystem

  Scenario: The System Configured For The Audit Logging Subsystem case 1
    When generally suitable action is performed on the audit logging subsystem
",216,0,0,1,0,0.0,66.7,33.3,0.0,1.0,Low
"Feature: The System To Securely Process Two-Factor SMS Verification

  Scenario: The System To Securely Process Two-Factor SMS Verification case 1
    Given the API client is authenticated with role ""qa_verified"" and 22 matching records exist for two-factor sms verification
    When the user submits ""Two-Factor SMS Verification"" with reference number ""7250"" and confirms the action
    Then the system returns status code 200 and ""Two-Factor SMS Verification"" is updated successfully

  Scenario: The System To Securely Process Two-Factor SMS Verification case 2
    Given the operator is authenticated with role ""qa_verified"" and 220 matching records exist for two-factor sms verification
    When the user submits ""Two-Factor SMS Verification"" with reference number ""8554"" and confirms the action
    Then the system returns status code 201 and ""Two-Factor SMS Verification"" is updated successfully
",903,1,1,1,1,92.9,0.0,91.7,100.0,0.0,High
"Feature: The System To Be Compatible With The Search Indexing Pipeline

  Scenario: The System To Be Compatible With The Search Indexing Pipeline case 1
    Given the administrator is authenticated with role ""qa_verified"" and 118 matching records exist for the search indexing pipeline
    When the user submits ""The Search Indexing Pipeline"" with reference number ""1447"" and confirms the action
    Then the system returns status code 200 and ""The Search Indexing Pipeline"" is updated successfully

  Scenario: The System To Be Compatible With The Search Indexing Pipeline case 2
    Given the administrator is authenticated with role ""qa_verified"" and 148 matching records exist for the search indexing pipeline
    When the user submits ""The Search Indexing Pipeline"" with reference number ""885"" and confirms the action
    Then the system returns status code 204 and ""The Search Indexing Pipeline"" is updated successfully
",926,1,1,1,1,73.7,0.0,91.7,100.0,1.0,High
"Feature: The System To Properly Validate Offline Mode Data Sync

  Scenario: The System To Properly Validate Offline Mode Data Sync case 1
",139,0,0,0,0,0.0,95.2,8.3,0.0,1.0,Low
"Feature: The System To Accurately Track Subscription Billing Cycles

  Scenario: The System To Accurately Track Subscription Billing Cycles case 1
    Given the API client is authenticated with role ""qa_verified"" and 193 matching records exist for subscription billing cycles

  Scenario: The System To Accurately Track Subscription Billing Cycles case 2
    Given the user is authenticated with role ""qa_verified"" and 175 matching records exist for subscription billing cycles
",478,0,1,0,0,0.0,0.0,41.7,100.0,0.0,Low
"Feature: The System To Securely Process Subscription Billing Cycles

  Scenario: The System To Securely Process Subscription Billing Cycles case 1
    Given the API client is authenticated with role ""qa_verified"" and 85 matching records exist for subscription billing cycles
    Then the system returns status code 202 and ""Subscription Billing Cycles"" is updated successfully
",377,1,1,0,1,68.8,0.0,58.3,100.0,1.0,Medium
"Feature: The System To Reliably Handle Session Timeout Handling

  Scenario: The System To Reliably Handle Session Timeout Handling case 1
",139,0,0,0,0,0.0,0.0,8.3,0.0,1.0,Low
"Feature: The System To Gracefully Recover Failures In Third-Party Payment Providers

  Scenario: The System To Gracefully Recover Failures In Third-Party Payment Providers case 1
    Given the administrator is authenticated with role ""qa_verified"" and 219 matching records exist for third-party payment providers
    When the user submits ""Third-Party Payment Providers"" with reference number ""5936"" and confirms the action
    Then the system returns status code 201 and ""Third-Party Payment Providers"" is updated successfully

  Scenario: The System To Gracefully Recover Failures In Third-Party Payment Providers case 2
    Given the user is authenticated with role ""qa_verified"" and 108 matching records exist for third-party payment providers
    When the user submits ""Third-Party Payment Providers"" with reference number ""9600"" and confirms the action
    Then the system returns status code 200 and ""Third-Party Payment Providers"" is updated successfully
",963,1,1,1,1,93.1,0.0,91.7,100.0,1.0,High
"Feature: The System To Gracefully Recover Failures In Mobile Responsive Layouts

  Scenario: The System To Gracefully Recover Failures In Mobile Responsive Layouts case 1
    Given the operator is in occasionally many starting state for mobile responsive layouts
    When usually easily action is performed on mobile responsive layouts
    Then the system responds in a adequate usual way

  Scenario: The System To Gracefully Recover Failures In Mobile Responsive Layouts case 2
    Given the API client is in some many starting state for mobile responsive layouts
    When typical certain action is performed on mobile responsive layouts
    Then the system responds in a efficiently quickly way
",698,1,1,1,1,73.7,100.0,91.7,0.0,1.0,Medium
"Feature: The System Configured For Mobile Responsive Layouts

  Scenario: The System Configured For Mobile Responsive Layouts case 1
    Given the API client is in typical easily starting state for mobile responsive layouts
    When etc efficiently action is performed on mobile responsive layouts
",298,0,1,1,0,0.0,97.6,58.3,0.0,1.0,Low
"Feature: The System To Reliably Handle Load Balancer Failover

  Scenario: The System To Reliably Handle Load Balancer Failover case 1
    Given the operator is authenticated with role ""qa_verified"" and 8 matching records exist for load balancer failover
    When the user submits ""Load Balancer Failover"" with reference number ""2949"" and confirms the action
    Then the system returns status code 202 and ""Load Balancer Failover"" is updated successfully

  Scenario: The System To Reliably Handle Load Balancer Failover case 2
    Given the API client is authenticated with role ""qa_verified"" and 154 matching records exist for load balancer failover
    When the user submits ""Load Balancer Failover"" with reference number ""216"" and confirms the action
    Then the system returns status code 200 and ""Load Balancer Failover"" is updated successfully
",853,1,1,1,1,93.3,0.0,91.7,100.0,0.0,High
"Feature: The System To Correctly Support The Payment Gateway

  Scenario: The System To Correctly Support The Payment Gateway case 1
    Given the API client is authenticated with role ""qa_verified"" and 209 matching records exist for the payment gateway
    When the user submits ""The Payment Gateway"" with reference number ""5693"" and confirms the action
    Then the system returns status code 200 and ""The Payment Gateway"" is updated successfully

  Scenario: The System To Correctly Support The Payment Gateway case 2
    Given the operator is authenticated with role ""qa_verified"" and 192 matching records exist for the payment gateway
    When the user submits ""The Payment Gateway"" with reference number ""4247"" and confirms the action
    Then the system returns status code 201 and ""The Payment Gateway"" is updated successfully
",835,1,1,1,1,78.9,25.4,91.7,100.0,1.0,High
"Feature: The System To Properly Validate Checkout Tax Calculation

  Scenario: The System To Properly Validate Checkout Tax Calculation case 1
    When typical acceptable action is performed on checkout tax calculation
",219,0,0,1,1,25.0,100.0,33.3,0.0,0.0,Low
"Feature: The System To Securely Process Bulk CSV Data Import

  Scenario: The System To Securely Process Bulk CSV Data Import case 1
    Given the customer is authenticated with role ""qa_verified"" and 32 matching records exist for bulk csv data import
    When the user submits ""Bulk CSV Data Import"" with reference number ""411"" and confirms the action
    Then the system returns status code 201 and ""Bulk CSV Data Import"" is updated successfully

  Scenario: The System To Securely Process Bulk CSV Data Import case 2
    Given the customer is authenticated with role ""qa_verified"" and 97 matching records exist for bulk csv data import
    When the user submits ""Bulk CSV Data Import"" with reference number ""6875"" and confirms the action
    Then the system returns status code 204 and ""Bulk CSV Data Import"" is updated successfully

  Scenario: The System To Securely Process Bulk CSV Data Import case 3
    Given the operator is authenticated with role ""qa_verified"" and 158 matching records exist for bulk csv data import
    When the user submits ""Bulk CSV Data Import"" with reference number ""7281"" and confirms the action
    Then the system returns status code 200 and ""Bulk CSV Data Import"" is updated successfully
",1225,1,1,1,1,93.3,0.0,100.0,100.0,0.5,High
"Feature: The System To Gracefully Recover Failures In Role-Based Access Control

  Scenario: The System To Gracefully Recover Failures In Role-Based Access Control case 1
    Given the user is in usually acceptable starting state for role-based access control
    When certain usually action is performed on role-based access control
",334,0,1,1,0,0.0,80.0,58.3,0.0,0.0,Low
"Feature: The System To Properly Validate Role-Based Access Control

  Scenario: The System To Properly Validate Role-Based Access Control case 1
",145,0,0,0,0,0.0,95.2,8.3,0.0,1.0,Low
"Feature: The System To Gracefully Recover Failures In Role-Based Access Control

  Scenario: The System To Gracefully Recover Failures In Role-Based Access Control case 1
    Given the administrator is authenticated with role ""qa_verified"" and 15 matching records exist for role-based access control
    When the user submits ""Role-Based Access Control"" with reference number ""2673"" and confirms the action
    Then the system returns status code 202 and ""Role-Based Access Control"" is updated successfully

  Scenario: The System To Gracefully Recover Failures In Role-Based Access Control case 2
    Given the customer is authenticated with role ""qa_verified"" and 219 matching records exist for role-based access control
    When the user submits ""Role-Based Access Control"" with reference number ""5939"" and confirms the action
    Then the system returns status code 204 and ""Role-Based Access Control"" is updated successfully
",930,1,1,1,1,93.1,0.0,91.7,100.0,1.0,High
"Feature: The System Configured For Mobile Responsive Layouts

  Scenario: The System Configured For Mobile Responsive Layouts case 1
    Given the user is in quickly usually starting state for mobile responsive layouts
    When properly adequate action is performed on mobile responsive layouts

  Scenario: The System Configured For Mobile Responsive Layouts case 2
    Given the administrator is in etc usually starting state for mobile responsive layouts
    When few several action is performed on mobile responsive layouts
",528,0,1,1,1,66.7,100.0,66.7,0.0,1.0,Low
"Feature: The System To Consistently Enforce Bulk CSV Data Import

  Scenario: The System To Consistently Enforce Bulk CSV Data Import case 1
",141,0,0,0,1,33.3,0.0,8.3,0.0,0.5,Low
"Feature: The System To Securely Process Offline Mode Data Sync

  Scenario: The System To Securely Process Offline Mode Data Sync case 1
    Given the operator is authenticated with role ""qa_verified"" and 46 matching records exist for offline mode data sync
    When the user submits ""Offline Mode Data Sync"" with reference number ""4360"" and confirms the action
    Then the system returns status code 201 and ""Offline Mode Data Sync"" is updated successfully

  Scenario: The System To Securely Process Offline Mode Data Sync case 2
    Given the user is authenticated with role ""qa_verified"" and 11 matching records exist for offline mode data sync
    When the user submits ""Offline Mode Data Sync"" with reference number ""3530"" and confirms the action
    Then the system returns status code 204 and ""Offline Mode Data Sync"" is updated successfully

  Scenario: The System To Securely Process Offline Mode Data Sync case 3
    Given the administrator is authenticated with role ""qa_verified"" and 97 matching records exist for offline mode data sync
    When the user submits ""Offline Mode Data Sync"" with reference number ""9964"" and confirms the action
    Then the system returns status code 201 and ""Offline Mode Data Sync"" is updated successfully
",1252,1,1,1,1,93.3,0.0,100.0,100.0,0.5,High
"Feature: The System To Gracefully Recover Failures In Single Sign-On Federation

  Scenario: The System To Gracefully Recover Failures In Single Sign-On Federation case 1
    Given the customer is authenticated with role ""qa_verified"" and 209 matching records exist for single sign-on federation
    When the user submits ""Single Sign-On Federation"" with reference number ""2213"" and confirms the action
    Then the system returns status code 200 and ""Single Sign-On Federation"" is updated successfully

  Scenario: The System To Gracefully Recover Failures In Single Sign-On Federation case 2
    Given the operator is authenticated with role ""qa_verified"" and 201 matching records exist for single sign-on federation
    When the user submits ""Single Sign-On Federation"" with reference number ""8384"" and confirms the action
    Then the system returns status code 201 and ""Single Sign-On Federation"" is updated successfully
",926,1,1,1,0,0.0,0.0,91.7,100.0,1.0,Medium
"Feature: The System To Consistently Enforce Two-Factor SMS Verification

  Scenario: The System To Consistently Enforce Two-Factor SMS Verification case 1
",155,0,0,0,1,33.3,0.0,8.3,0.0,0.0,Low
"Feature: The System To Gracefully Recover Failures In Data Encryption At Rest

  Scenario: The System To Gracefully Recover Failures In Data Encryption At Rest case 1
    Given the API client is authenticated with role ""qa_verified"" and 111 matching records exist for data encryption at rest
    When the user submits ""Data Encryption At Rest"" with reference number ""510"" and confirms the action
    Then the system returns status code 204 and ""Data Encryption At Rest"" is updated successfully

  Scenario: The System To Gracefully Recover Failures In Data Encryption At Rest case 2
    Given the customer is authenticated with role ""qa_verified"" and 30 matching records exist for data encryption at rest
    When the user submits ""Data Encryption At Rest"" with reference number ""2044"" and confirms the action
    Then the system returns status code 202 and ""Data Encryption At Rest"" is updated successfully
",908,1,1,1,1,93.1,0.0,91.7,100.0,1.0,High
"Feature: The System To Reliably Handle Session Timeout Handling

  Scenario: The System To Reliably Handle Session Timeout Handling case 1
    Given the administrator is in acceptable etc starting state for session timeout handling
",232,0,1,0,1,61.5,62.5,33.3,0.0,1.0,Low
"Feature: The System To Correctly Support Session Timeout Handling

  Scenario: The System To Correctly Support Session Timeout Handling case 1
    Given the administrator is in appropriate quickly starting state for session timeout handling
",241,0,1,0,1,55.6,100.0,33.3,0.0,1.0,Low
"Feature: The System To Accurately Track Role-Based Access Control

  Scenario: The System To Accurately Track Role-Based Access Control case 1
    Given the customer is authenticated with role ""qa_verified"" and 246 matching records exist for role-based access control
    Then the system returns status code 202 and ""Role-Based Access Control"" is updated successfully

  Scenario: The System To Accurately Track Role-Based Access Control case 2
    Given the operator is authenticated with role ""qa_verified"" and 38 matching records exist for role-based access control
    Then the system returns status code 200 and ""Role-Based Access Control"" is updated successfully

  Scenario: The System To Accurately Track Role-Based Access Control case 3
    Given the customer is authenticated with role ""qa_verified"" and 2 matching records exist for role-based access control
    Then the system returns status code 204 and ""Role-Based Access Control"" is updated successfully
",969,1,1,0,1,91.3,0.0,75.0,100.0,0.0,High
"Feature: The System To Be Compatible With Password Reset Emails

  Scenario: The System To Be Compatible With Password Reset Emails case 1
    Given the API client is in etc some starting state for password reset emails
    Then the system responds in a several most way
",271,1,1,0,1,64.3,90.9,58.3,0.0,0.0,Low
"Feature: The System To Be Compatible With Subscription Billing Cycles

  Scenario: The System To Be Compatible With Subscription Billing Cycles case 1
    Then the system responds in a typical usual way
",203,1,0,0,0,0.0,66.7,33.3,0.0,1.0,Low
"Feature: The System To Properly Validate The Search Indexing Pipeline

  Scenario: The System To Properly Validate The Search Indexing Pipeline case 1
    Given the administrator is authenticated with role ""qa_verified"" and 39 matching records exist for the search indexing pipeline
    When the user submits ""The Search Indexing Pipeline"" with reference number ""9956"" and confirms the action
    Then the system returns status code 204 and ""The Search Indexing Pipeline"" is updated successfully

  Scenario: The System To Properly Validate The Search Indexing Pipeline case 2
    Given the API client is authenticated with role ""qa_verified"" and 84 matching records exist for the search indexing pipeline
    When the user submits ""The Search Indexing Pipeline"" with reference number ""4674"" and confirms the action
    Then the system returns status code 204 and ""The Search Indexing Pipeline"" is updated successfully

  Scenario: The System To Properly Validate The Search Indexing Pipeline case 3
    Given the administrator is authenticated with role ""qa_verified"" and 171 matching records exist for the search indexing pipeline
    When the user submits ""The Search Indexing Pipeline"" with reference number ""9034"" and confirms the action
    Then the system returns status code 204 and ""The Search Indexing Pipeline"" is updated successfully
",1346,1,1,1,1,93.1,21.6,100.0,100.0,1.0,High
"Feature: The System To Consistently Enforce Bulk CSV Data Import

  Scenario: The System To Consistently Enforce Bulk CSV Data Import case 1
    Given the customer is authenticated with role ""qa_verified"" and 43 matching records exist for bulk csv data import

  Scenario: The System To Consistently Enforce Bulk CSV Data Import case 2
    Given the operator is authenticated with role ""qa_verified"" and 196 matching records exist for bulk csv data import
",456,0,1,0,0,0.0,0.0,41.7,100.0,1.0,Low
"Feature: The System Configured For Session Timeout Handling

  Scenario: The System Configured For Session Timeout Handling case 1
    Given the operator is in normal generally starting state for session timeout handling
",221,0,1,0,1,33.3,66.7,33.3,0.0,0.5,Low
"Feature: The System To Gracefully Recover Failures In Password Reset Emails

  Scenario: The System To Gracefully Recover Failures In Password Reset Emails case 1
    Given the customer is authenticated with role ""qa_verified"" and 225 matching records exist for password reset emails
    When the user submits ""Password Reset Emails"" with reference number ""2598"" and confirms the action
    Then the system returns status code 200 and ""Password Reset Emails"" is updated successfully

  Scenario: The System To Gracefully Recover Failures In Password Reset Emails case 2
    Given the administrator is authenticated with role ""qa_verified"" and 207 matching records exist for password reset emails
    When the user submits ""Password Reset Emails"" with reference number ""9245"" and confirms the action
    Then the system returns status code 200 and ""Password Reset Emails"" is updated successfully
",895,1,1,1,1,93.1,0.0,91.7,100.0,0.0,High
"Feature: The System To Accurately Track Windows Server

  Scenario: The System To Accurately Track Windows Server case 1
    When several effectively action is performed on windows server

  Scenario: The System To Accurately Track Windows Server case 2
    When quickly usually action is performed on windows server
",317,0,0,1,0,0.0,90.9,41.7,0.0,1.0,Low
"Feature: The System To Be Compatible With Cross-Browser Rendering

  Scenario: The System To Be Compatible With Cross-Browser Rendering case 1
",143,0,0,0,0,0.0,0.0,8.3,0.0,1.0,Low
"Feature: The System To Accurately Track Checkout Tax Calculation

  Scenario: The System To Accurately Track Checkout Tax Calculation case 1
    Given the operator is authenticated with role ""qa_verified"" and 154 matching records exist for checkout tax calculation
    When the user submits ""Checkout Tax Calculation"" with reference number ""9933"" and confirms the action
    Then the system returns status code 201 and ""Checkout Tax Calculation"" is updated successfully

  Scenario: The System To Accurately Track Checkout Tax Calculation case 2
    Given the administrator is authenticated with role ""qa_verified"" and 248 matching records exist for checkout tax calculation
    When the user submits ""Checkout Tax Calculation"" with reference number ""6224"" and confirms the action
    Then the system returns status code 204 and ""Checkout Tax Calculation"" is updated successfully
",880,1,1,1,1,92.9,0.0,91.7,100.0,1.0,High
"Feature: The System Configured For The Search Indexing Pipeline

  Scenario: The System Configured For The Search Indexing Pipeline case 1
    When appropriate adequate action is performed on the search indexing pipeline
    Then the system responds in a etc many way

  Scenario: The System Configured For The Search Indexing Pipeline case 2
    When several normal action is performed on the search indexing pipeline
    Then the system responds in a effectively acceptable way
",480,1,0,1,0,0.0,100.0,66.7,0.0,1.0,Low
"Feature: The System Configured For The Search Indexing Pipeline

  Scenario: The System Configured For The Search Indexing Pipeline case 1
    Given the user is in normal several starting state for the search indexing pipeline
    Then the system responds in a adequate reasonable way
",285,1,1,0,0,0.0,95.2,58.3,0.0,0.5,Low
"Feature: The System To Securely Process Shipping Address Validation

  Scenario: The System To Securely Process Shipping Address Validation case 1
    Given the API client is authenticated with role ""qa_verified"" and 95 matching records exist for shipping address validation
    When the user submits ""Shipping Address Validation"" with reference number ""4508"" and confirms the action
    Then the system returns status code 200 and ""Shipping Address Validation"" is updated successfully

  Scenario: The System To Securely Process Shipping Address Validation case 2
    Given the customer is authenticated with role ""qa_verified"" and 18 matching records exist for shipping address validation
    When the user submits ""Shipping Address Validation"" with reference number ""738"" and confirms the action
    Then the system returns status code 201 and ""Shipping Address Validation"" is updated successfully

  Scenario: The System To Securely Process Shipping Address Validation case 3
    Given the API client is authenticated with role ""qa_verified"" and 76 matching records exist for shipping address validation
    When the user submits ""Shipping Address Validation"" with reference number ""8801"" and confirms the action
    Then the system returns status code 204 and ""Shipping Address Validation"" is updated successfully
",1319,1,1,1,0,0.0,0.0,100.0,100.0,1.0,High
"Feature: The System To Properly Validate Single Sign-On Federation

  Scenario: The System To Properly Validate Single Sign-On Federation case 1
    Given the API client is in appropriate easily starting state for single sign-on federation
    Then the system responds in a effectively quickly way

  Scenario: The System To Properly Validate Single Sign-On Federation case 2
    Given the customer is in typical easily starting state for single sign-on federation
    Then the system responds in a several effectively way
",523,1,1,0,1,68.8,100.0,66.7,0.0,1.0,Low
"Feature: The System To Reliably Handle Mobile Responsive Layouts

  Scenario: The System To Reliably Handle Mobile Responsive Layouts case 1
    When generally quickly action is performed on mobile responsive layouts
    Then the system responds in a few effectively way
",271,1,0,1,0,0.0,100.0,58.3,0.0,0.0,Low
"Feature: The System To Consistently Enforce Database Backup And Restore

  Scenario: The System To Consistently Enforce Database Backup And Restore case 1
    Given the operator is authenticated with role ""qa_verified"" and 180 matching records exist for database backup and restore
    When the user submits ""Database Backup And Restore"" with reference number ""2452"" and confirms the action
    Then the system returns status code 201 and ""Database Backup And Restore"" is updated successfully

  Scenario: The System To Consistently Enforce Database Backup And Restore case 2
    Given the operator is authenticated with role ""qa_verified"" and 151 matching records exist for database backup and restore
    When the user submits ""Database Backup And Restore"" with reference number ""8916"" and confirms the action
    Then the system returns status code 204 and ""Database Backup And Restore"" is updated successfully

  Scenario: The System To Consistently Enforce Database Backup And Restore case 3
    Given the customer is authenticated with role ""qa_verified"" and 39 matching records exist for database backup and restore
    When the user submits ""Database Backup And Restore"" with reference number ""9820"" and confirms the action
    Then the system returns status code 200 and ""Database Backup And Restore"" is updated successfully
",1334,1,1,1,1,93.1,0.0,100.0,100.0,1.0,High
"Feature: The System To Securely Process Cross-Browser Rendering

  Scenario: The System To Securely Process Cross-Browser Rendering case 1
    Given the user is authenticated with role ""qa_verified"" and 195 matching records exist for cross-browser rendering
    When the user submits ""Cross-Browser Rendering"" with reference number ""882"" and confirms the action
",362,0,1,1,1,68.8,0.0,58.3,100.0,1.0,Medium
"Feature: The System To Consistently Enforce The Shopping Cart Checkout Flow

  Scenario: The System To Consistently Enforce The Shopping Cart Checkout Flow case 1
    When many usually action is performed on the shopping cart checkout flow
",240,0,0,1,0,0.0,57.1,33.3,0.0,1.0,Low
"Feature: The System To Be Compatible With Bulk CSV Data Import

  Scenario: The System To Be Compatible With Bulk CSV Data Import case 1
    Given the user is authenticated with role ""qa_verified"" and 56 matching records exist for bulk csv data import
    When the user submits ""Bulk CSV Data Import"" with reference number ""1070"" and confirms the action
    Then the system returns status code 202 and ""Bulk CSV Data Import"" is updated successfully

  Scenario: The System To Be Compatible With Bulk CSV Data Import case 2
    Given the API client is authenticated with role ""qa_verified"" and 35 matching records exist for bulk csv data import
    When the user submits ""Bulk CSV Data Import"" with reference number ""9412"" and confirms the action
    Then the system returns status code 202 and ""Bulk CSV Data Import"" is updated successfully

  Scenario: The System To Be Compatible With Bulk CSV Data Import case 3
    Given the administrator is authenticated with role ""qa_verified"" and 236 matching records exist for bulk csv data import
    When the user submits ""Bulk CSV Data Import"" with reference number ""6982"" and confirms the action
    Then the system returns status code 200 and ""Bulk CSV Data Import"" is updated successfully
",1237,1,1,1,1,93.1,0.0,100.0,100.0,0.0,High
"Feature: The System To Reliably Handle The Payment Gateway

  Scenario: The System To Reliably Handle The Payment Gateway case 1
    Given the API client is authenticated with role ""qa_verified"" and 113 matching records exist for the payment gateway
    Then the system returns status code 200 and ""The Payment Gateway"" is updated successfully

  Scenario: The System To Reliably Handle The Payment Gateway case 2
    Given the API client is authenticated with role ""qa_verified"" and 193 matching records exist for the payment gateway
    Then the system returns status code 200 and ""The Payment Gateway"" is updated successfully
",629,1,1,0,1,66.7,0.0,66.7,100.0,0.5,Medium
"Feature: The System To Be Compatible With Shipping Address Validation

  Scenario: The System To Be Compatible With Shipping Address Validation case 1
    Then the system responds in a several various way
",205,1,0,0,0,0.0,66.7,33.3,0.0,0.5,Low
"Feature: The System To Gracefully Recover Failures In User Profile Photo Uploads

  Scenario: The System To Gracefully Recover Failures In User Profile Photo Uploads case 1
    When the user submits ""User Profile Photo Uploads"" with reference number ""8535"" and confirms the action
    Then the system returns status code 204 and ""User Profile Photo Uploads"" is updated successfully

  Scenario: The System To Gracefully Recover Failures In User Profile Photo Uploads case 2
    When the user submits ""User Profile Photo Uploads"" with reference number ""9839"" and confirms the action
    Then the system returns status code 202 and ""User Profile Photo Uploads"" is updated successfully
",683,1,0,1,0,0.0,0.0,66.7,100.0,0.0,Medium
"Feature: The System To Properly Validate Load Balancer Failover

  Scenario: The System To Properly Validate Load Balancer Failover case 1
    Given the administrator is in sufficient most starting state for load balancer failover
    When usual properly action is performed on load balancer failover
    Then the system responds in a normal easily way

  Scenario: The System To Properly Validate Load Balancer Failover case 2
    Given the API client is in occasionally usual starting state for load balancer failover
    When correctly etc action is performed on load balancer failover
    Then the system responds in a various few way
",639,1,1,1,1,70.6,100.0,91.7,0.0,1.0,Medium
"Feature: The System To Consistently Enforce User Profile Photo Uploads

  Scenario: The System To Consistently Enforce User Profile Photo Uploads case 1
    Given the customer is in reasonable several starting state for user profile photo uploads
",247,0,1,0,1,44.4,57.1,33.3,0.0,1.0,Low
"Feature: The System To Gracefully Recover Failures In Data Encryption At Rest

  Scenario: The System To Gracefully Recover Failures In Data Encryption At Rest case 1
    Given the user is authenticated with role ""qa_verified"" and 99 matching records exist for data encryption at rest
    When the user submits ""Data Encryption At Rest"" with reference number ""545"" and confirms the action
    Then the system returns status code 200 and ""Data Encryption At Rest"" is updated successfully

  Scenario: The System To Gracefully Recover Failures In Data Encryption At Rest case 2
    Given the administrator is authenticated with role ""qa_verified"" and 74 matching records exist for data encryption at rest
    When the user submits ""Data Encryption At Rest"" with reference number ""8848"" and confirms the action
    Then the system returns status code 202 and ""Data Encryption At Rest"" is updated successfully
",906,1,1,1,1,93.1,0.0,91.7,100.0,1.0,High
"Feature: The System To Accurately Track Single Sign-On Federation

  Scenario: The System To Accurately Track Single Sign-On Federation case 1
    Given the operator is in generally adequate starting state for single sign-on federation
    Then the system responds in a some sufficient way

  Scenario: The System To Accurately Track Single Sign-On Federation case 2
    Given the administrator is in most acceptable starting state for single sign-on federation
    Then the system responds in a efficiently most way
",517,1,1,0,1,68.8,100.0,66.7,0.0,0.5,Low
"Feature: The System To Accurately Track Third-Party Payment Providers

  Scenario: The System To Accurately Track Third-Party Payment Providers case 1
",151,0,0,0,0,0.0,0.0,8.3,0.0,0.0,Low
"Feature: The System To Properly Validate Bulk CSV Data Import

  Scenario: The System To Properly Validate Bulk CSV Data Import case 1
    Given the API client is authenticated with role ""qa_verified"" and 246 matching records exist for bulk csv data import
    When the user submits ""Bulk CSV Data Import"" with reference number ""2609"" and confirms the action
    Then the system returns status code 204 and ""Bulk CSV Data Import"" is updated successfully

  Scenario: The System To Properly Validate Bulk CSV Data Import case 2
    Given the user is authenticated with role ""qa_verified"" and 210 matching records exist for bulk csv data import
    When the user submits ""Bulk CSV Data Import"" with reference number ""9450"" and confirms the action
    Then the system returns status code 202 and ""Bulk CSV Data Import"" is updated successfully

  Scenario: The System To Properly Validate Bulk CSV Data Import case 3
    Given the customer is authenticated with role ""qa_verified"" and 104 matching records exist for bulk csv data import
    When the user submits ""Bulk CSV Data Import"" with reference number ""8733"" and confirms the action
    Then the system returns status code 200 and ""Bulk CSV Data Import"" is updated successfully
",1230,1,1,1,1,93.3,21.6,100.0,100.0,1.0,High
"Feature: The System To Gracefully Recover Failures In Password Reset Emails

  Scenario: The System To Gracefully Recover Failures In Password Reset Emails case 1
    Given the user is authenticated with role ""qa_verified"" and 156 matching records exist for password reset emails
",280,0,1,0,1,66.7,0.0,33.3,100.0,0.0,Low
"Feature: The System To Properly Validate The Search Indexing Pipeline

  Scenario: The System To Properly Validate The Search Indexing Pipeline case 1
",151,0,0,0,0,0.0,95.2,8.3,0.0,1.0,Low
"Feature: The System Configured For Bulk CSV Data Import

  Scenario: The System Configured For Bulk CSV Data Import case 1
    Then the system returns status code 201 and ""Bulk CSV Data Import"" is updated successfully

  Scenario: The System Configured For Bulk CSV Data Import case 2
    Then the system returns status code 202 and ""Bulk CSV Data Import"" is updated successfully
",380,1,0,0,1,85.7,0.0,41.7,100.0,1.0,Medium
"Feature: The System To Accurately Track Subscription Billing Cycles

  Scenario: The System To Accurately Track Subscription Billing Cycles case 1
    Given the administrator is in usually adequate starting state for subscription billing cycles
    When etc certain action is performed on subscription billing cycles
    Then the system responds in a suitable normal way

  Scenario: The System To Accurately Track Subscription Billing Cycles case 2
    Given the operator is in correctly suitable starting state for subscription billing cycles
    When efficiently quickly action is performed on subscription billing cycles
    Then the system responds in a reasonable efficiently way
",686,1,1,1,1,72.2,100.0,91.7,0.0,0.0,Medium
"Feature: The System To Properly Validate The Notification Preferences Center

  Scenario: The System To Properly Validate The Notification Preferences Center case 1
    Then the system returns status code 204 and ""The Notification Preferences Center"" is updated successfully
",275,1,0,0,1,44.4,57.1,33.3,100.0,0.5,Low
"Feature: The System To Accurately Track The Audit Logging Subsystem

  Scenario: The System To Accurately Track The Audit Logging Subsystem case 1
    Given the API client is authenticated with role ""qa_verified"" and 78 matching records exist for the audit logging subsystem
    When the user submits ""The Audit Logging Subsystem"" with reference number ""3839"" and confirms the action
    Then the system returns status code 201 and ""The Audit Logging Subsystem"" is updated successfully

  Scenario: The System To Accurately Track The Audit Logging Subsystem case 2
    Given the customer is authenticated with role ""qa_verified"" and 247 matching records exist for the audit logging subsystem
    When the user submits ""The Audit Logging Subsystem"" with reference number ""3404"" and confirms the action
    Then the system returns status code 200 and ""The Audit Logging Subsystem"" is updated successfully
",903,1,1,1,1,93.3,0.0,91.7,100.0,0.0,High
"Feature: The System To Consistently Enforce The Payment Gateway

  Scenario: The System To Consistently Enforce The Payment Gateway case 1
    When generally sufficient action is performed on the payment gateway
    Then the system responds in a appropriate effectively way

  Scenario: The System To Consistently Enforce The Payment Gateway case 2
    When sufficient occasionally action is performed on the payment gateway
    Then the system responds in a some usual way
",474,1,0,1,1,64.3,100.0,66.7,0.0,0.5,Low
"Feature: The System To Securely Process Session Timeout Handling

  Scenario: The System To Securely Process Session Timeout Handling case 1
",141,0,0,0,1,33.3,0.0,8.3,0.0,0.5,Low
"Feature: The System To Be Compatible With Single Sign-On Federation

  Scenario: The System To Be Compatible With Single Sign-On Federation case 1
    Given the user is authenticated with role ""qa_verified"" and 241 matching records exist for single sign-on federation
    Then the system returns status code 201 and ""Single Sign-On Federation"" is updated successfully

  Scenario: The System To Be Compatible With Single Sign-On Federation case 2
    Given the user is authenticated with role ""qa_verified"" and 192 matching records exist for single sign-on federation
    Then the system returns status code 200 and ""Single Sign-On Federation"" is updated successfully

  Scenario: The System To Be Compatible With Single Sign-On Federation case 3
    Given the administrator is authenticated with role ""qa_verified"" and 169 matching records exist for single sign-on federation
    Then the system returns status code 204 and ""Single Sign-On Federation"" is updated successfully
",977,1,1,0,1,91.3,0.0,75.0,100.0,0.0,High
"Feature: The System To Correctly Support Offline Mode Data Sync

  Scenario: The System To Correctly Support Offline Mode Data Sync case 1
    When the user submits ""Offline Mode Data Sync"" with reference number ""3142"" and confirms the action
    Then the system returns status code 200 and ""Offline Mode Data Sync"" is updated successfully

  Scenario: The System To Correctly Support Offline Mode Data Sync case 2
    When the user submits ""Offline Mode Data Sync"" with reference number ""7723"" and confirms the action
    Then the system returns status code 201 and ""Offline Mode Data Sync"" is updated successfully
",616,1,0,1,1,75.0,33.3,66.7,100.0,0.0,Medium
"Feature: The System To Gracefully Recover Failures In Single Sign-On Federation

  Scenario: The System To Gracefully Recover Failures In Single Sign-On Federation case 1
    Given the customer is in properly adequate starting state for single sign-on federation
    When efficiently generally action is performed on single sign-on federation
    Then the system responds in a few appropriate way
",397,1,1,1,1,44.4,100.0,83.3,0.0,1.0,Medium
"Feature: The System To Gracefully Recover Failures In Load Balancer Failover

  Scenario: The System To Gracefully Recover Failures In Load Balancer Failover case 1
    Given the administrator is authenticated with role ""qa_verified"" and 210 matching records exist for load balancer failover
    When the user submits ""Load Balancer Failover"" with reference number ""4810"" and confirms the action
    Then the system returns status code 201 and ""Load Balancer Failover"" is updated successfully

  Scenario: The System To Gracefully Recover Failures In Load Balancer Failover case 2
    Given the administrator is authenticated with role ""qa_verified"" and 245 matching records exist for load balancer failover
    When the user submits ""Load Balancer Failover"" with reference number ""3648"" and confirms the action
    Then the system returns status code 201 and ""Load Balancer Failover"" is updated successfully
",909,1,1,1,1,93.1,0.0,91.7,100.0,1.0,High
"Feature: The System To Gracefully Recover Failures In Shipping Address Validation

  Scenario: The System To Gracefully Recover Failures In Shipping Address Validation case 1
    When the user submits ""Shipping Address Validation"" with reference number ""6868"" and confirms the action
    Then the system returns status code 204 and ""Shipping Address Validation"" is updated successfully

  Scenario: The System To Gracefully Recover Failures In Shipping Address Validation case 2
    When the user submits ""Shipping Address Validation"" with reference number ""6440"" and confirms the action
    Then the system returns status code 200 and ""Shipping Address Validation"" is updated successfully
",690,1,0,1,1,70.6,0.0,66.7,100.0,0.0,Medium
"Feature: The System To Correctly Support The Product Catalog Search

  Scenario: The System To Correctly Support The Product Catalog Search case 1
",147,0,0,0,0,0.0,95.2,8.3,0.0,0.0,Low
"Feature: The System To Securely Process Session Timeout Handling

  Scenario: The System To Securely Process Session Timeout Handling case 1
    When the user submits ""Session Timeout Handling"" with reference number ""1627"" and confirms the action

  Scenario: The System To Securely Process Session Timeout Handling case 2
    When the user submits ""Session Timeout Handling"" with reference number ""624"" and confirms the action
",428,0,0,1,1,88.2,0.0,41.7,100.0,0.0,Medium
"Feature: The System To Correctly Support Mobile Responsive Layouts

  Scenario: The System To Correctly Support Mobile Responsive Layouts case 1
    Given the operator is in appropriate generally starting state for mobile responsive layouts
    When some most action is performed on mobile responsive layouts
    Then the system responds in a properly various way
",364,1,1,1,1,75.0,100.0,83.3,0.0,1.0,Medium
"Feature: The System To Accurately Track Cross-Browser Rendering

  Scenario: The System To Accurately Track Cross-Browser Rendering case 1
    Then the system responds in a few quickly way
",189,1,0,0,0,0.0,71.4,33.3,0.0,0.5,Low
"Feature: The System To Reliably Handle The Product Catalog Search

  Scenario: The System To Reliably Handle The Product Catalog Search case 1
    Given the API client is authenticated with role ""qa_verified"" and 235 matching records exist for the product catalog search
    When the user submits ""The Product Catalog Search"" with reference number ""7543"" and confirms the action
    Then the system returns status code 202 and ""The Product Catalog Search"" is updated successfully

  Scenario: The System To Reliably Handle The Product Catalog Search case 2
    Given the API client is authenticated with role ""qa_verified"" and 82 matching records exist for the product catalog search
    When the user submits ""The Product Catalog Search"" with reference number ""9244"" and confirms the action
    Then the system returns status code 200 and ""The Product Catalog Search"" is updated successfully
",893,1,1,1,1,93.1,0.0,91.7,100.0,1.0,High
"Feature: The System To Securely Process Mobile Responsive Layouts

  Scenario: The System To Securely Process Mobile Responsive Layouts case 1
    Given the API client is in typical sufficient starting state for mobile responsive layouts
    When correctly efficiently action is performed on mobile responsive layouts
    Then the system responds in a effectively sufficient way

  Scenario: The System To Securely Process Mobile Responsive Layouts case 2
    Given the API client is in certain occasionally starting state for mobile responsive layouts
    When suitable certain action is performed on mobile responsive layouts
    Then the system responds in a generally normal way
",683,1,1,1,0,0.0,100.0,91.7,0.0,0.0,Low
"Feature: The System To Correctly Support Session Timeout Handling

  Scenario: The System To Correctly Support Session Timeout Handling case 1
    When various adequate action is performed on session timeout handling
",217,0,0,1,0,0.0,100.0,33.3,0.0,0.0,Low
"Feature: The System To Gracefully Recover Failures In Load Balancer Failover

  Scenario: The System To Gracefully Recover Failures In Load Balancer Failover case 1
    Given the user is authenticated with role ""qa_verified"" and 234 matching records exist for load balancer failover
    When the user submits ""Load Balancer Failover"" with reference number ""1888"" and confirms the action
    Then the system returns status code 204 and ""Load Balancer Failover"" is updated successfully

  Scenario: The System To Gracefully Recover Failures In Load Balancer Failover case 2
    Given the customer is authenticated with role ""qa_verified"" and 99 matching records exist for load balancer failover
    When the user submits ""Load Balancer Failover"" with reference number ""8905"" and confirms the action
    Then the system returns status code 201 and ""Load Balancer Failover"" is updated successfully

  Scenario: The System To Gracefully Recover Failures In Load Balancer Failover case 3
    Given the user is authenticated with role ""qa_verified"" and 20 matching records exist for load balancer failover
    When the user submits ""Load Balancer Failover"" with reference number ""8523"" and confirms the action
    Then the system returns status code 201 and ""Load Balancer Failover"" is updated successfully
",1300,1,1,1,1,93.1,0.0,100.0,100.0,0.5,High
"Feature: The System To Be Compatible With Customer Refund Workflows

  Scenario: The System To Be Compatible With Customer Refund Workflows case 1
    Given the API client is in effectively usual starting state for customer refund workflows
    When suitable quickly action is performed on customer refund workflows
",316,0,1,1,1,66.7,88.9,58.3,0.0,0.0,Low
"Feature: The System To Securely Process The Shopping Cart Checkout Flow

  Scenario: The System To Securely Process The Shopping Cart Checkout Flow case 1
    When effectively easily action is performed on the shopping cart checkout flow
",238,0,0,1,0,0.0,57.1,33.3,0.0,0.0,Low
"Feature: The System To Properly Validate Load Balancer Failover

  Scenario: The System To Properly Validate Load Balancer Failover case 1
    Given the API client is in acceptable adequate starting state for load balancer failover
    When etc sufficient action is performed on load balancer failover
    Then the system responds in a etc normal way

  Scenario: The System To Properly Validate Load Balancer Failover case 2
    Given the customer is in suitable some starting state for load balancer failover
    When several normal action is performed on load balancer failover
    Then the system responds in a certain usual way

  Scenario: The System To Properly Validate Load Balancer Failover case 3
    Given the user is in various generally starting state for load balancer failover
    When many suitable action is performed on load balancer failover
    Then the system responds in a few usual way
",910,1,1,1,1,93.1,100.0,100.0,0.0,1.0,Medium
"Feature: The System To Securely Process Password Reset Emails

  Scenario: The System To Securely Process Password Reset Emails case 1
    When usually sufficient action is performed on password reset emails
    Then the system responds in a reasonable usual way
",263,1,0,1,0,0.0,100.0,58.3,0.0,1.0,Low
"Feature: The System To Be Compatible With Push Notification Delivery

  Scenario: The System To Be Compatible With Push Notification Delivery case 1
    Then the system returns status code 204 and ""Push Notification Delivery"" is updated successfully
",250,1,0,0,0,0.0,0.0,33.3,100.0,1.0,Low
"Feature: The System Configured For Customer Refund Workflows

  Scenario: The System Configured For Customer Refund Workflows case 1
    Given the customer is authenticated with role ""qa_verified"" and 129 matching records exist for customer refund workflows
    When the user submits ""Customer Refund Workflows"" with reference number ""9165"" and confirms the action
    Then the system returns status code 204 and ""Customer Refund Workflows"" is updated successfully

  Scenario: The System Configured For Customer Refund Workflows case 2
    Given the customer is authenticated with role ""qa_verified"" and 100 matching records exist for customer refund workflows
    When the user submits ""Customer Refund Workflows"" with reference number ""3220"" and confirms the action
    Then the system returns status code 202 and ""Customer Refund Workflows"" is updated successfully

  Scenario: The System Configured For Customer Refund Workflows case 3
    Given the API client is authenticated with role ""qa_verified"" and 9 matching records exist for customer refund workflows
    When the user submits ""Customer Refund Workflows"" with reference number ""2300"" and confirms the action
    Then the system returns status code 204 and ""Customer Refund Workflows"" is updated successfully
",1273,1,1,1,1,92.6,0.0,100.0,100.0,1.0,High
"Feature: The System To Properly Validate The Product Catalog Search

  Scenario: The System To Properly Validate The Product Catalog Search case 1
    Given the user is in usually effectively starting state for the product catalog search
    When occasionally sufficient action is performed on the product catalog search
    Then the system responds in a normal generally way
",376,1,1,1,1,68.8,100.0,83.3,0.0,1.0,Medium
"Feature: The System To Accurately Track Shipping Address Validation

  Scenario: The System To Accurately Track Shipping Address Validation case 1
    Then the system responds in a several most way
",198,1,0,0,0,0.0,71.4,33.3,0.0,1.0,Low
"Feature: The System To Consistently Enforce The Search Indexing Pipeline

  Scenario: The System To Consistently Enforce The Search Indexing Pipeline case 1
    Given the API client is authenticated with role ""qa_verified"" and 137 matching records exist for the search indexing pipeline
    When the user submits ""The Search Indexing Pipeline"" with reference number ""4388"" and confirms the action
    Then the system returns status code 204 and ""The Search Indexing Pipeline"" is updated successfully

  Scenario: The System To Consistently Enforce The Search Indexing Pipeline case 2
    Given the customer is authenticated with role ""qa_verified"" and 173 matching records exist for the search indexing pipeline
    When the user submits ""The Search Indexing Pipeline"" with reference number ""3118"" and confirms the action
    Then the system returns status code 201 and ""The Search Indexing Pipeline"" is updated successfully

  Scenario: The System To Consistently Enforce The Search Indexing Pipeline case 3
    Given the operator is authenticated with role ""qa_verified"" and 232 matching records exist for the search indexing pipeline
    When the user submits ""The Search Indexing Pipeline"" with reference number ""2828"" and confirms the action
    Then the system returns status code 201 and ""The Search Indexing Pipeline"" is updated successfully
",1350,1,1,1,1,93.1,0.0,100.0,100.0,0.0,High
